003ac11d-2abc-44f8-9836-4354e7dfa543_Bedroom-1573,train
00808820-c206-4cc8-98a5-6b7d2ff364af_MasterBedroom-19148,train
008f0372-b7d0-485f-8d3e-f686dcb68d4f_LivingDiningRoom-1531,train
00ecd021-64bb-4bc4-b754-1796d2a12965_Bedroom-83361,train
0156308f-fe4e-4916-90c3-9f498c0d9e9c_Bedroom-29486,train
015ed8e0-35dc-41ab-9a9e-b3dbba4ec64a_MasterBedroom-33296,train
01655258-a4b1-45ff-b16d-bae0ffb189c7_SecondBedroom-45033,train
016e8e9e-143b-4f12-9679-3ca930a1b6d6_LivingDiningRoom-34678,train
0182566d-2912-4bc1-bd74-70a4e04eb67d_Bedroom-20286,train
01861393-3d82-4926-af4c-e2d29c6d0c0b_MasterBedroom-32031,train
01951c96-631e-4880-83ab-1d69835e635c_Bedroom-5998,train
01df4fc6-be42-4c30-ab7f-0add3ec82213_Bedroom-44231,train
0298054f-93f3-4365-8724-484202d53981_SecondBedroom-51128,train
02cdd750-72be-4bc5-a033-3c604919009f_Bedroom-3064,train
03386199-b47b-4417-85cc-cba4e8d28ee3_LivingDiningRoom-46824,train
03ce6fa9-d13b-4fa8-885b-b3cb1020ebee_SecondBedroom-17779,train
03db631f-2bb3-4e2e-a167-3042af55db6b_Bedroom-12574,train
041c7dfd-2422-40d0-9fa4-7fe1c18ff454_MasterBedroom-50863,train
041d34b7-1b22-4164-b84e-c1fe93f5c880_MasterBedroom-89243,train
04773d20-6f81-4e68-a72c-2e0e0f1d73b9_LivingDiningRoom-44684,train
04773d20-6f81-4e68-a72c-2e0e0f1d73b9_SecondBedroom-44725,train
04845e59-1343-4f1a-91b1-169aa5a08443_SecondBedroom-39915,train
04bba89f-12fe-47ca-9ffd-3086764d466e_SecondBedroom-92853,train
04dcc229-3353-4d90-a058-080acbcc4d59_SecondBedroom-2302,train
04e61b97-0a68-44c5-abae-5219c2d3f616_SecondBedroom-15023,train
04f7a09d-08be-4e6f-965d-b655e0f654fe_SecondBedroom-30034,train
05330649-da43-4dfc-b5b1-f27272b15259_Bedroom-5403,train
0533b7c9-8660-444d-833c-14f81eea2628_SecondBedroom-18201,train
0552c9e7-d3cc-4546-9952-3486cd6c0ef2_MasterBedroom-333,train
05aa0174-838c-4255-a34d-1b419365f7a7_MasterBedroom-5249,train
05d05b98-e95c-4671-935d-7af6a1468d07_Bedroom-27402,train
05ffc5c9-a753-481d-a6b8-bdca64554367_Bedroom-5443,train
068b2b34-52cb-4499-b33e-b777e632e4a1_MasterBedroom-12970,train
06c02177-67dd-449b-a778-50d41946b95b_LivingDiningRoom-173006,train
070e6150-3592-41ca-910d-b2d07ec2feff_MasterBedroom-159368,train
071527d1-4cb5-47a9-abd0-b1d83bd3e286_MasterBedroom-4499,train
079a7b7d-cb1d-4508-8d06-e29b9153600f_MasterBedroom-7618,train
07cba4b4-3e2b-4c90-8b3c-c44ae6ab014e_LivingDiningRoom-109572,train
081b8907-7e4d-4764-b931-7709386de7da_SecondBedroom-19241,train
089458cc-75b2-45c8-a58d-177cb6aced8c_SecondBedroom-23557,train
08f0dede-b8dc-4e43-8f2a-ebc008b6f56b_MasterBedroom-30572,train
09133ad3-fcbd-4cdc-9dae-331bedc50afa_SecondBedroom-6135,train
0925adc7-8bb3-4080-a3bc-8bf19d5d2916_LivingDiningRoom-25291,train
09389527-fe13-4cc0-841e-c5e21d1aef0a_MasterBedroom-40236,train
09389527-fe13-4cc0-841e-c5e21d1aef0a_SecondBedroom-39603,train
0967e330-aa37-41d5-af14-04c9e8ea820c_MasterBedroom-99,train
09c955e0-72db-4df5-99f5-0632d9658f7b_SecondBedroom-41297,train
0a42232a-b3a7-4b6e-a28c-cfbc1a9ad9a5_Bedroom-16446,train
0a71be67-5024-4b9c-a53f-da0aaa294963_MasterBedroom-29735,train
0aa05d5a-81d5-497b-832c-c90c3fe73a36_Bedroom-664,train
0ab72fdf-ba1b-4df5-8df2-6efcfa7bb53a_MasterBedroom-71103,train
0ad5052c-bae4-41ed-ae58-e82c4ab63d6e_MasterBedroom-257118,train
0adb88db-02a3-43ca-9a69-76dcf25740d6_MasterBedroom-72713,train
0af309fd-4a34-4aa2-bbe9-610edadf747e_Bedroom-11398,train
0b16abb1-4a59-4ce3-85b5-8ec10440d9dd_Bedroom-36373,train
0b527162-1129-4d0f-9601-1fa2c2b5998e_LivingDiningRoom-7812,train
0be0e89a-9965-4f38-8dbb-ea220f2f5fc1_SecondBedroom-12155,train
0be73303-6270-482d-be06-528c07da02fb_LivingDiningRoom-1701,train
0c0431b0-fbbf-415e-aa86-5aaee0815805_MasterBedroom-95193,train
0c3c3fdb-6f91-466a-8784-17f8f2a12632_MasterBedroom-17288,train
0ca13717-8f2a-485f-b991-6211ff18a00b_SecondBedroom-116650,train
0d36da0e-6a48-478e-b1d4-d4a2adaebfb6_SecondBedroom-1314,train
0d699125-c20e-445b-aed1-1534519a6558_MasterBedroom-21582,train
0d7be408-9e3d-4f68-8422-5aa2069ccdb2_MasterBedroom-27127,train
0e373951-83a9-43e4-83cd-febb0ead7c9a_MasterBedroom-45353,train
0ed3cea7-f8c0-4f91-87b8-9414ec60a713_SecondBedroom-1621,train
0eee2f23-0f2f-4beb-9712-c54e8dd6bd9e_MasterBedroom-5493,train
0efc2789-0d3a-41eb-adc7-6db4f8713070_SecondBedroom-392,train
0f039b8c-53ee-47cb-b4c9-58ba9a0141b9_Bedroom-2175,train
0f126d75-6db7-48fb-a514-909ecbe11964_LivingDiningRoom-21832,train
0f737b17-9449-4961-b978-e115bcba56de_SecondBedroom-56702,train
0f7ec058-f0d6-48bf-b313-49519b2189cf_LivingDiningRoom-7249,train
101f9f17-45ff-4654-ae7c-c5ac221bdaba_Bedroom-15975,train
106438c4-a1de-4c81-9740-74c214025a50_Bedroom-6105,train
107179df-064b-4134-b988-82a44d664444_LivingDiningRoom-7057,train
109aae3e-2fef-4732-aeee-f2897e73a694_SecondBedroom-15564,train
10e2d93c-2a82-49f2-a95c-7598d24901f2_MasterBedroom-8118,train
11163921-47e3-4f3b-a7a2-c436c322b64c_MasterBedroom-8388,train
11163921-47e3-4f3b-a7a2-c436c322b64c_SecondBedroom-8010,train
11261c4b-35d8-422e-b517-ab73455935f6_LivingDiningRoom-7994,train
1139693d-2305-4976-8349-9352e0556534_MasterBedroom-52171,train
1142fda3-e01e-4e24-9f85-e167d25b08cc_LivingDiningRoom-961,train
11abab51-40d2-4dc7-a106-e262ee0f792f_LivingDiningRoom-5684,train
1268f393-0f90-4af5-92e8-cf14efb06596_MasterBedroom-1543,train
12af5f26-c8b1-45e7-9ab3-e4d20e7a2c19_DiningRoom-4027,train
12cc5ada-f116-4e16-bcc1-f1ac7bc6ef50_SecondBedroom-57502,train
12f93edf-43d1-4009-9639-92b3b604b352_SecondBedroom-1145,train
130898f4-b33e-4c5c-93fb-c701f3c498da_SecondBedroom-36964,train
1316cc69-c622-44e9-a683-8aeeae46c2da_Bedroom-21840,train
1356d896-5300-4be9-aa8c-84b71b07d407_Bedroom-27213,train
13a27655-e337-4846-af2e-ebabfb631742_Bedroom-362,train
13a27655-e337-4846-af2e-ebabfb631742_LivingRoom-318,train
14125793-35c5-4ab8-be6e-3089eaa45bc1_DiningRoom-91678,train
14219a8f-9d69-4b1b-b43a-cf4d73fda1c3_MasterBedroom-398,train
14219a8f-9d69-4b1b-b43a-cf4d73fda1c3_SecondBedroom-334,train
1452099f-bc40-46b3-a7f4-5b5354a60af5_SecondBedroom-4782,train
1498c6cf-a99d-4558-bcc0-171ff8cc427f_SecondBedroom-59406,train
14a8aabb-7f3f-4dfd-ae11-72bbfeaa296c_SecondBedroom-32294,train
14af1be8-ad14-4d2c-8fb5-edb2d83a238f_MasterBedroom-1328,train
14c7b2f7-cfe9-43a0-9dbd-fd65c33454ca_LivingDiningRoom-22223,train
14d51b10-6120-4370-acdb-fe94baaed5a2_Bedroom-11504,train
14ea58a6-a039-424f-a693-d22ab49701fb_DiningRoom-25949,train
14f828a2-182c-4085-b40b-2e2bf97b9aa7_MasterBedroom-29310,train
15205240-8f74-4da2-a891-49267a5aacb3_SecondBedroom-86,train
154620a2-e63e-474b-b950-b7cc287b0e43_DiningRoom-150053,train
15d07e45-2761-43ed-8dfc-f9d4ef58041d_Bedroom-68718,train
15d07e45-2761-43ed-8dfc-f9d4ef58041d_Bedroom-70462,train
161cd2fc-819a-4b56-8802-b7cfb2f4e535_MasterBedroom-809,train
1658b9ab-c1db-492f-8094-b12c44939e3d_Bedroom-88208,train
1658b9ab-c1db-492f-8094-b12c44939e3d_Bedroom-88273,train
167cd3f9-810a-4d7e-b4a6-1ad0555bfd71_Bedroom-13315,train
168c24cf-f3fd-41bd-b5f5-348edb6358c7_LivingDiningRoom-13594,train
173fa696-64ac-4513-8154-48b16b633a3e_SecondBedroom-20716,train
174948c4-2519-4d82-bb1b-7784330d2fed_Bedroom-5024,train
174948c4-2519-4d82-bb1b-7784330d2fed_MasterBedroom-7015,train
177baa22-21a7-4d8b-91df-a6934117160c_DiningRoom-18481,train
177baa22-21a7-4d8b-91df-a6934117160c_SecondBedroom-18500,train
1789dde5-03d6-44c7-b244-ed0d7fc234b7_MasterBedroom-18673,train
17a063ee-a39b-4aba-9f3b-508684dffac0_SecondBedroom-555,train
17fefead-db2b-4184-8c9e-f0237b700073_MasterBedroom-24604,train
181ecd38-5ccd-45e9-a7ec-2c79f5b58e07_LivingDiningRoom-13945,train
1843ffd3-4865-4d1f-a4df-f30d063b08b6_Bedroom-699,train
185fd076-293f-489f-8072-2baffac5d879_LivingDiningRoom-5131,train
185fd076-293f-489f-8072-2baffac5d879_MasterBedroom-4676,train
198eb9ec-9059-4e26-958e-dc8fb8187713_LivingDiningRoom-15286,train
198eb9ec-9059-4e26-958e-dc8fb8187713_MasterBedroom-15321,train
199658c9-c2b1-4c98-aa80-807ab817c21f_SecondBedroom-66284,train
19e48746-a5c1-4223-842d-43e28ace0f97_MasterBedroom-10107,train
1a73d0f5-0188-4b48-b50e-1f302b44fea4_MasterBedroom-102878,train
1a93bbbb-3b94-41c1-bf0c-0c9f29fb6aba_Bedroom-19967,train
1a93bbbb-3b94-41c1-bf0c-0c9f29fb6aba_Bedroom-24070,train
1b5b1674-b4bb-4a39-85c2-60191dff763f_DiningRoom-18833,train
1b74b745-24a5-4119-96e8-2a852a9d1a05_Bedroom-32287,train
1b7d49e1-a3c0-4138-b865-c0a897903500_Bedroom-275,train
1b7d49e1-a3c0-4138-b865-c0a897903500_LivingDiningRoom-553,train
1bae485f-bd6f-402f-9aae-e08a729a148b_SecondBedroom-7873,train
1bb912af-497d-4200-831b-be4ac6d86d1f_Bedroom-37589,train
1cc0fd55-1c5a-4885-a2de-f30c6d387353_SecondBedroom-33218,train
1cdd5670-0523-46bb-8623-f9ad63f4c878_SecondBedroom-2103,train
1cf94f82-50bc-4805-94d5-a8b52b66be31_LivingDiningRoom-54997,train
1cf94f82-50bc-4805-94d5-a8b52b66be31_SecondBedroom-54537,train
1d127f82-0a20-4417-b879-08d73f208a0a_MasterBedroom-25773,train
1d127f82-0a20-4417-b879-08d73f208a0a_SecondBedroom-26015,train
1d3e057a-fdb4-4414-883f-b68776ee0763_MasterBedroom-38660,train
1d43e076-fc80-4d55-a07d-1b7a8c6dc6e7_SecondBedroom-3382,train
1d7a01b8-4621-4ac0-8d81-b1c8f0cedc98_MasterBedroom-20476,train
1d849540-8c29-45dc-a3c8-e086c1d31788_LivingRoom-30147,train
1d89a45b-bb91-40af-9182-6dbb87517097_SecondBedroom-2259,train
1e4c1b89-895e-4663-9469-f2e837fb39fd_SecondBedroom-118528,train
1ecf4f03-a7cf-4d84-b332-4d58894afd6b_Bedroom-75674,train
1f19c3ef-19eb-49a1-b57f-3ac0c078a4e9_SecondBedroom-37944,train
1f397944-0127-417c-aebc-397096d2614d_MasterBedroom-5562,train
1f5862f8-119a-455e-880d-f9bdb56a88e2_MasterBedroom-38741,train
1fac355b-d197-42b9-ab5b-0184d712a0ce_SecondBedroom-22054,train
1fc77158-532c-4d98-b9c7-cedac33ccfda_MasterBedroom-30165,train
200710c5-dab8-441c-b61c-bc1379424dfc_SecondBedroom-11300,train
2036d116-05fb-4c12-b9e9-8577f841e45d_MasterBedroom-6943,train
206d8aff-ccfc-4120-b5d8-d63c5578796e_MasterBedroom-994,train
206d8aff-ccfc-4120-b5d8-d63c5578796e_SecondBedroom-1279,train
206ffdfc-12b9-4e0f-89f1-037aeb0e5007_SecondBedroom-11426,train
20a90d60-1200-4a68-82dd-6fd1fd52655f_SecondBedroom-20455,train
20c675c6-5b9d-4f74-84af-adbe03e6897b_MasterBedroom-18435,train
2160a773-b01f-4521-9771-c8dcb024f203_DiningRoom-11145,train
21bce930-fd0c-4ef3-be2d-6cdd5bb3a8c7_SecondBedroom-8848,train
21c3b027-c6b7-480c-9933-d519eefab02d_LivingDiningRoom-2575,train
21c3b027-c6b7-480c-9933-d519eefab02d_SecondBedroom-1901,train
21e417a7-6b31-4ce8-9e37-5423b081777f_SecondBedroom-15655,train
22690830-2a2d-4265-87ae-0a3f4957d085_Bedroom-63480,train
228237d8-0328-42e7-af23-e400fe003092_Bedroom-36219,train
22957273-2fd9-4ef8-a4bc-6146cf737218_Bedroom-27600,train
22a9347f-33e4-4e68-94d6-fddd0786f95b_SecondBedroom-14024,train
22d37dff-09dc-491d-bcc0-f0283e81f04b_SecondBedroom-5378,train
22eb02bc-5982-4ebe-9575-47902632e022_LivingDiningRoom-23611,train
22eb02bc-5982-4ebe-9575-47902632e022_SecondBedroom-8475,train
2311eda9-dcda-45fb-89c3-0c068ed74b9c_MasterBedroom-23692,train
2318608d-bfb7-4c3e-ba13-4c0dbd615260_SecondBedroom-1684,train
23608ced-9c2c-4d17-b7a8-4e3656d2acca_MasterBedroom-20130,train
2383a24b-483b-4011-87fb-8e2c89202f78_SecondBedroom-12073,train
23aae785-c0bc-4645-9e64-fdea78c42e2d_SecondBedroom-88275,train
23b1facb-b178-4875-86c3-1a2a853a3dae_SecondBedroom-14527,train
23c4cd36-eee4-4bd4-93c8-0b07d192d1ef_MasterBedroom-20776,train
23f42f25-fdc1-4897-8905-c60a4545e404_MasterBedroom-4089,train
2439fa78-a76a-4e6b-acfc-26758a938472_LivingDiningRoom-13186,train
247908e3-d84d-4743-9e31-a783464dd4ec_Bedroom-42376,train
24dda742-a73b-48ec-af54-f30e11a17e55_SecondBedroom-130,train
25529ba8-ec0f-43ce-8b82-47f57df67d80_SecondBedroom-10802,train
25b989a3-3bc5-45fb-93a9-7d9c52217e15_SecondBedroom-12283,train
25eb39fd-8bd2-4fa9-96ea-5f626dbd04a4_MasterBedroom-1683,train
26146707-fd21-4520-b1fb-2ff93b2560e3_MasterBedroom-15661,train
2615ddc5-6763-47c0-84a9-b2fe790662c2_SecondBedroom-2279,train
261774c0-9480-40b3-a85a-4804c96ea443_SecondBedroom-131661,train
26387a08-3ebc-4638-83cd-33150de9f17a_LivingDiningRoom-29614,train
26387a08-3ebc-4638-83cd-33150de9f17a_MasterBedroom-26153,train
26771dc0-2868-4ef9-833f-36d046a91df9_MasterBedroom-30872,train
267ab0f0-2d01-4539-a5b8-d32b78bbb0f3_MasterBedroom-12753,train
26978a48-eab2-444c-9a0b-2fbfb1ace40c_SecondBedroom-2176,train
26b72959-5261-49ef-ba2f-566c0982dce4_Bedroom-10941,train
26bc9037-7ff2-477b-b80a-08befb9d261e_Bedroom-19384,train
26ede85c-343c-47a4-a84d-6afa5dbae091_LivingDiningRoom-12169,train
26eef880-4f22-4cb1-9166-5f52a331834c_MasterBedroom-627,train
272aba14-9733-4bc1-8ee1-88c4d289fd80_SecondBedroom-1427,train
27871446-7da7-4557-b554-dca744d3ea87_SecondBedroom-90886,train
28b5e0bd-6017-4298-88da-7af8d5a521a1_Bedroom-32115,train
28d29c60-ea18-4761-92d5-58a57b52f2c9_Bedroom-3313,train
291a73b2-97b3-4089-8f0c-6751ac724bb2_MasterBedroom-294,train
29281ba9-137b-491f-a9ea-1b51822c4caf_MasterBedroom-42455,train
292d569e-d219-4460-957d-4652a488aaa9_Bedroom-1853,train
29aa7167-1c46-4ce0-8c58-3cfb7a7d15af_SecondBedroom-69556,train
29ac53f9-61fe-4397-96ae-b33522d292ae_MasterBedroom-22041,train
29d13cd2-df94-4a2c-b690-725301e3f32a_MasterBedroom-53935,train
29d3b19f-69dc-4a57-a700-43cb0e3a08be_Bedroom-62638,train
2a4d6f1a-5f28-4cba-8895-a0221e4f3dee_MasterBedroom-23537,train
2a6c3151-0e15-42e4-878a-e890e9a9d946_LivingDiningRoom-1243,train
2a8a1191-d4cc-46e4-b5ea-65e01954dbfa_SecondBedroom-214733,train
2b7bbd2f-8e66-45af-bfda-8ccec86cf64d_SecondBedroom-12420,train
2b7bdb1f-48bf-4987-a420-b3887e7c4a2c_SecondBedroom-25948,train
2befd25c-4ad6-4d8d-a817-85f69d9e1197_MasterBedroom-78759,train
2befd25c-4ad6-4d8d-a817-85f69d9e1197_SecondBedroom-78718,train
2c1b1eb9-e5ce-4cdb-815e-32d3b6e8ca4f_SecondBedroom-50464,train
2c55e5c8-0ec5-4f98-b0cc-1c6dd0418815_SecondBedroom-14044,train
2c64981c-1d61-49a9-9e5b-2c49888a9099_Bedroom-83360,train
2c6d0cdd-d4f0-4937-8401-3c13680aaa61_Bedroom-933,train
2ccbadbd-5c68-4b09-90fb-0c79585cef29_SecondBedroom-16072,train
2d728150-ecd3-4648-b584-68de8e9f9a89_MasterBedroom-120616,train
2e173d63-1462-4df1-938a-11415d0662f9_SecondBedroom-5283,train
2e1c9079-14c8-4459-8831-b63eef7883c8_Bedroom-14501,train
2e1c9079-14c8-4459-8831-b63eef7883c8_LivingDiningRoom-14772,train
2ea863a1-3dc9-4c00-8cb4-dc4b19c40589_MasterBedroom-13158,train
2ec90c50-4ece-40be-bb69-a2150a4678a9_MasterBedroom-78468,train
2eeb434c-855e-4298-a8d5-29b1ca838608_SecondBedroom-5811,train
2ef0b2f0-4df2-4bc3-8312-f378e49d89a7_MasterBedroom-16935,train
2f2433ee-e2cc-416e-8127-f5abd01550b2_MasterBedroom-267972,train
2f5fc1b6-c9d2-4388-a8ed-b2144f30781f_Bedroom-56759,train
2f9fc349-3878-448e-8f34-c3660a3bf106_SecondBedroom-4103,train
2fca4177-ee2b-4165-aad6-3ad38d344655_MasterBedroom-9481,train
30054695-4a17-4698-a482-06047262a526_LivingDiningRoom-6746,train
30157c7f-112e-4fdc-870a-2e48a372c3a1_MasterBedroom-31461,train
30157c7f-112e-4fdc-870a-2e48a372c3a1_SecondBedroom-8691,train
30365113-99d7-4c1c-b4a4-19a20b566ba3_MasterBedroom-3269,train
3036ad25-dfe4-469b-9ab9-3fec36c348e8_SecondBedroom-10500,train
30676bda-6d34-4efc-a32d-3f13f19ba2d7_Bedroom-12002,train
31067a38-bcda-4496-9cbf-f0d8e538ed7e_SecondBedroom-7004,train
31d93b50-3d5d-4962-ab4e-d92c0249ec74_MasterBedroom-10211,train
320753f3-80d9-4237-9f59-38c4201a2782_Bedroom-2207,train
320753f3-80d9-4237-9f59-38c4201a2782_Bedroom-6012,train
326567e9-39d0-4dd4-ad64-acd6e6b1d97d_MasterBedroom-17579,train
329d1cda-829b-48bb-8636-e5336b0a1a89_LivingDiningRoom-88963,train
32b648a3-a703-4639-ab84-deb1da43793e_MasterBedroom-1709,train
33635b59-7c01-4e50-8c68-a401b3563182_LivingDiningRoom-10681,train
337b9770-f524-48fb-914c-89dd9f2d927e_MasterBedroom-6351,train
337ca42e-c680-4e47-b36e-16a4cc7090ff_Bedroom-98387,train
337ca42e-c680-4e47-b36e-16a4cc7090ff_LivingRoom-100708,train
339e4d0f-096a-4453-be12-5a730e71e6aa_LivingDiningRoom-15731,train
33ed8cde-22ec-495f-bbe9-fe35fe87c76b_Bedroom-3895,train
33fabe16-27bd-473f-b361-5904fb1c8baa_MasterBedroom-11742,train
34ea0f40-d9c2-4207-862f-7d3cc641728f_LivingRoom-22322,train
34fa0d95-9e58-49dc-9f98-2c4554be7700_MasterBedroom-6803,train
34ffd30a-32a4-4db0-aeaf-0fc61afec7e0_MasterBedroom-37219,train
350388e2-7c93-45e9-bcc8-6a0a5165dab0_LivingDiningRoom-34640,train
35602a52-6ddc-4137-ab5e-45296190513c_LivingDiningRoom-9921,train
356e8e40-f891-48e8-a393-aee1a9412275_SecondBedroom-6070,train
35a32930-bc32-4455-aaa0-d6bcc50b718a_MasterBedroom-5719,train
36678f29-129a-40ef-b197-a2c3fde6778c_LivingRoom-2873,train
36678f29-129a-40ef-b197-a2c3fde6778c_MasterBedroom-2856,train
36a9e2d2-2165-4ea7-ba91-f20ec6f76553_Bedroom-35975,train
36b29e71-bdce-40c6-948e-ed904eb94282_MasterBedroom-6203,train
36cf981f-f4fd-41dd-a0c3-52d8f4511855_SecondBedroom-28815,train
370d8ff2-386a-4570-ab49-5f3db0891cf2_MasterBedroom-7982,train
37148fed-ae60-40b4-a86e-1bbe500862a5_MasterBedroom-7154,train
375cd4a6-4b0a-4551-be5a-fd2832a0c457_MasterBedroom-27269,train
37fee753-1c40-4784-ab50-4f5d72df6f65_MasterBedroom-18464,train
38330463-78e6-4d25-bd89-9daf92d0cfb9_SecondBedroom-22370,train
384a185c-6d2b-41c5-9f35-9b33c1aad421_MasterBedroom-1247,train
386553cb-c7ee-47e6-926a-679a9e65fa1a_DiningRoom-23106,train
386553cb-c7ee-47e6-926a-679a9e65fa1a_MasterBedroom-23131,train
38adcc1b-67d2-458a-bab4-b099b1ee7230_Bedroom-38944,train
38d90d55-8add-4c08-b054-4fe57e4768e5_SecondBedroom-15281,train
3922ab15-7973-4443-ab72-b7ebd0a89b6e_MasterBedroom-19801,train
39549a42-25c9-4b10-bbdd-9c3ea5c47186_MasterBedroom-246,train
3954bd6b-b726-4a2f-a2c1-a32f6806db6b_LivingRoom-53762,train
39629e24-b405-420b-8fb0-72cef0238f70_MasterBedroom-4105,train
39b05074-7903-4cac-acda-ca1f62e8dfa6_Bedroom-1433,train
39ea30b1-4302-4a07-885b-bd498facd30d_MasterBedroom-13100,train
39ffe480-646b-4a22-a4e9-b1118ed2cfdf_MasterBedroom-11106,train
3a0683d2-399c-47fa-99f2-cbb3bff5e156_Bedroom-12351,train
3a3f479b-3fc5-4bf5-a60b-637492422f45_MasterBedroom-8645,train
3ace00f7-61e2-4f23-8295-eed2410787ef_MasterBedroom-9875,train
3bb5bb6d-b566-4218-bead-cba9a146413f_MasterBedroom-30488,train
3bc6c458-c350-4da0-a441-c882bbb05731_SecondBedroom-16096,train
3bf54310-1dd3-45a3-b6ce-e192f4d8ff43_MasterBedroom-10364,train
3c29e2e4-4b96-4124-91b6-00580ba3414d_Bedroom-67985,train
3c47589f-313d-4bac-abee-830161a278f0_Bedroom-109970,train
3c47589f-313d-4bac-abee-830161a278f0_LivingDiningRoom-109935,train
3c80262f-e275-43d4-a0f0-a99c234524dd_MasterBedroom-18842,train
3d258450-f746-4153-ba85-90c309d71720_MasterBedroom-12805,train
3dae8246-5f5e-4a15-96fb-c001b3496fc1_Bedroom-373,train
3dbb1b3e-f774-4f93-9bb7-b2c3dd5fb8cc_MasterBedroom-5561,train
3dc195aa-0a30-440e-bf84-5f1995ec1c3f_MasterBedroom-1150,train
3e40b128-6291-41ff-89aa-0ae707a594c6_SecondBedroom-11303,train
3ec1f433-e612-4509-9e52-8fa062b2aaa2_LivingDiningRoom-1050,train
3ec24496-80f4-4ea1-b889-b3cb902d2a47_SecondBedroom-5466,train
3f3e99f9-be5f-4d9a-a796-7211d0a08b41_SecondBedroom-7253,train
3f5df315-6fc7-46c2-84eb-862e27012530_LivingDiningRoom-174,train
3f60d6b9-49ba-45d9-bf03-966069127e75_MasterBedroom-21751,train
3fc88ba8-7ea3-4653-892f-83667812c78a_LivingDiningRoom-76396,train
3fc88ba8-7ea3-4653-892f-83667812c78a_MasterBedroom-76324,train
400cce14-4ff3-4c67-9e51-c1c1fd089aac_Bedroom-64012,train
400cce14-4ff3-4c67-9e51-c1c1fd089aac_Bedroom-67585,train
401a9c00-571c-491d-a2c6-2201b964ca79_LivingDiningRoom-18728,train
401a9c00-571c-491d-a2c6-2201b964ca79_MasterBedroom-18800,train
40415a21-d863-4c54-a088-c078346ba939_Bedroom-4098,train
408949e0-59c3-4e26-90d7-b65237f491b4_SecondBedroom-22416,train
40ae8003-7d89-4e10-a98d-991f8918220a_SecondBedroom-22431,train
40b522ad-fa7b-44b2-aed5-81f65a369d88_SecondBedroom-28376,train
40c54a07-55c4-4c83-9624-957261e07ab8_LivingRoom-65671,train
40eb416e-d9ae-4c25-8d4c-a2a2306e8a21_Bedroom-6601,train
41530c87-2f3d-45fc-a696-9e3b276024a8_MasterBedroom-22121,train
41530c87-2f3d-45fc-a696-9e3b276024a8_SecondBedroom-1791,train
4184f131-20fd-40ab-ad3e-d4ac14c0aae6_SecondBedroom-15677,train
41a6ff52-5596-4560-97c4-14f827d12914_LivingDiningRoom-11510,train
41c070fc-dc7a-40b8-9ce2-c65606f4b728_SecondBedroom-9038,train
422161aa-6b12-4d29-b4cc-729da721f2a7_MasterBedroom-52585,train
42249ee6-a641-4938-99e1-9e7514b79ab7_MasterBedroom-7113,train
4252f77a-ff14-44a0-b4b5-f18c7db19bc2_MasterBedroom-1502,train
43064174-6fa4-480a-8e69-3c4e903b6e56_SecondBedroom-147166,train
431d8692-e07a-4729-8555-62d5f028153e_Bedroom-7187,train
43907bbc-4b39-4f1a-8747-3287c8bce690_SecondBedroom-47691,train
43b74fcd-363a-4cf5-9bb3-4444768c589c_SecondBedroom-42190,train
43b85f54-1a49-413f-8b9d-2858c270c442_Bedroom-2457,train
43d5ff43-aa14-4d56-8092-cc6ba1ae01e7_Bedroom-2257,train
43dce6e3-e13c-4ad8-87cc-a0141569311d_MasterBedroom-12942,train
43f250b1-17a4-4ac7-af2d-ba722f3a8bcb_Bedroom-43042,train
440fd8de-71b4-48ae-b886-174e70742f5e_MasterBedroom-78206,train
4448c201-24bc-4eb1-b534-87f656f3094f_SecondBedroom-10954,train
44903efe-45ea-42a0-954e-bacb917bd7dc_LivingDiningRoom-648,train
44b61eec-c68a-4691-aa5d-2557b46a3f79_Bedroom-583,train
44fcec4c-fe76-4397-b4de-4d0717c52760_SecondBedroom-629,train
44fe868a-6c2c-4a95-8928-dfe4c7ea534a_SecondBedroom-1228,train
45d95f40-c4c6-4fd5-8e0e-f9b26cb0e04f_SecondBedroom-2049,train
45e7004e-bcb4-4f00-b475-4771e68d28da_MasterBedroom-102831,train
460f4136-0bf7-4403-87a8-8473751c4067_Bedroom-76307,train
46d93d61-5f50-4431-b92e-9f9bd4da5b7c_Bedroom-47481,train
46db808a-d7e7-452c-95bb-d0677d21b13c_MasterBedroom-5540,train
46e6bd47-6594-4cad-9cc0-b94f7bd116e3_SecondBedroom-9110,train
4704fc8f-c4e8-4a68-92f6-5abdc54d327d_MasterBedroom-22674,train
473f4a9e-505e-4864-9ffd-59a793b26d5a_Bedroom-6984,train
474b594c-a474-48fc-bcc3-f9df10f63bb9_SecondBedroom-12046,train
47aaee3b-ff6e-443f-b5fc-fce9c92a8947_DiningRoom-15868,train
47bdd0ae-6956-469e-954b-680655c6252b_SecondBedroom-6146,train
47ed8915-d698-4d0b-9537-41f6d16e5065_DiningRoom-28390,train
47f45b86-8dd6-4cee-bd43-9c32a777dd20_MasterBedroom-8822,train
48171257-b69e-42e8-8e03-8b5d0d49241f_MasterBedroom-18177,train
482cacdd-b522-4acb-980b-191a0551d9b6_MasterBedroom-7314,train
483eb8ef-60ad-4f4b-85ee-9ee629e7fd85_SecondBedroom-73206,train
4846c351-6019-4a91-80ee-4888147cb903_MasterBedroom-13945,train
4846c351-6019-4a91-80ee-4888147cb903_SecondBedroom-17873,train
48812187-9207-4686-9f6e-e8e1e97eeabd_SecondBedroom-8840,train
48831a32-7fed-41a1-a132-18ff65aeba93_SecondBedroom-7863,train
48f46060-74e1-4c5e-befd-7d3ac5a6d9b1_SecondBedroom-9498,train
491af85e-3c8f-40f2-a204-392483bb4308_LivingRoom-2602,train
4984b901-9b48-447d-a39a-570b86d46795_MasterBedroom-95497,train
49e7d085-8a30-4a62-b6ec-2a52ae5153b4_LivingDiningRoom-2476,train
4a87a708-9bb4-41ed-806c-b8b62b090992_SecondBedroom-168,train
4a97a190-268c-4b0a-adb2-62e3eb5a29ec_MasterBedroom-35072,train
4a97a190-268c-4b0a-adb2-62e3eb5a29ec_SecondBedroom-35198,train
4af7572c-6b2f-45fa-8321-71e5e33e66fe_SecondBedroom-5878,train
4b2324a4-5910-4719-b6dd-b47d20b6b06d_Bedroom-160646,train
4b2324a4-5910-4719-b6dd-b47d20b6b06d_Bedroom-161064,train
4b3afc35-94ce-4154-ba53-dc10e83bde73_Bedroom-8024,train
4b41ef33-c496-455c-b8f2-aa32d5152878_SecondBedroom-10891,train
4b95d149-431c-4f94-aa7c-2e1a8bb20599_MasterBedroom-928,train
4c2c82a1-1589-4326-be92-03187ba0b459_Bedroom-2235,train
4c7d3c24-b50c-4a53-84b8-d7620fc6b252_MasterBedroom-30313,train
4c8e35c2-1f5a-4012-bae6-ae42d5f42756_SecondBedroom-1419,train
4d926be3-62aa-4e42-84ad-649a8fe1e345_MasterBedroom-7968,train
4e112013-af55-4fc9-8603-b9690b1e3a64_Bedroom-50410,train
4e112013-af55-4fc9-8603-b9690b1e3a64_MasterBedroom-50869,train
4ee3b02e-5d9d-43bb-a0a5-2384f7f5e483_Bedroom-19853,train
4f2012c0-ec3b-4fff-9cd4-68c37fe42ea1_SecondBedroom-49725,train
4f51046e-37c1-4308-9e81-2408fb164852_Bedroom-71736,train
4fa56715-fad5-4f60-a57e-e628df21a914_MasterBedroom-17233,train
4fcbcf8c-3e21-45a7-aa3c-c2a879f916b2_Bedroom-559,train
4fdb87d5-1a09-45f2-bbc7-da8a5c4c5642_MasterBedroom-8404,train
50359138-c356-4b6a-89ab-b69f1ceb8167_MasterBedroom-1640,train
503ebcb6-9815-4412-90ea-f0bbd59ddbe9_MasterBedroom-221,train
50e738a6-b80c-4ce3-a2b1-51515535afc3_MasterBedroom-19994,train
5106576d-57df-4753-ade6-c87be45f462e_Bedroom-15868,train
519b86db-47ec-41aa-9375-34d6aa714349_MasterBedroom-19867,train
51c7e12f-a8ee-4c53-9ec8-85311bb81075_SecondBedroom-8279,train
51e5a27e-717c-4194-b4c7-ebb8ed877c12_Bedroom-6922,train
51e5a27e-717c-4194-b4c7-ebb8ed877c12_MasterBedroom-3247,train
52982a7b-ed79-44e6-bb37-f878754c07d3_Bedroom-186,train
52b6a7c2-509f-4253-a562-27347f318b05_Bedroom-233,train
52e1f54c-3d9b-4d69-bebc-decfdc950f7c_Bedroom-803,train
530c8183-fd58-4d2f-a5dd-fc61906cc108_MasterBedroom-21731,train
5346b2c0-e86e-480a-93d8-ad31e5b07856_MasterBedroom-16138,train
53608c94-9c21-4beb-a7c4-fb19b05a1a34_SecondBedroom-9632,train
5385105a-4574-4afe-a14c-4f520b27494c_MasterBedroom-56793,train
53cf7da8-7c02-419d-bc4a-acf5d4337cac_Bedroom-7405,train
53d89581-b092-4bee-a49f-8aa637b2b586_SecondBedroom-22972,train
545a2079-3533-45e3-8893-4bd9b90cbf10_MasterBedroom-31680,train
549abbb2-a523-4004-a217-d6bab54f94dc_Bedroom-12991,train
54a23d09-17fe-4e6a-9960-e45dafca32d5_MasterBedroom-50482,train
54f911eb-26a7-410f-b212-185745f55515_Bedroom-22018,train
5549a237-e795-4893-870c-33c27eb02bc3_LivingDiningRoom-15128,train
555d38a7-689e-4340-ae91-a9a1dd650216_LivingDiningRoom-26885,train
55b2d6ae-86e5-40de-a739-95ce5b824d67_MasterBedroom-192,train
560b2876-65ae-498c-99a6-8ca691cd42dd_SecondBedroom-13764,train
5681f6fb-9437-4732-86fc-a493a7241035_Bedroom-32464,train
56b05fc4-f06e-43ee-ac96-1a531da87e84_Bedroom-2042,train
571bb2c3-d9fa-4a25-9fb4-7d67106dcb6c_SecondBedroom-2230,train
57634f22-de21-482d-bbc5-2a8556cd911b_SecondBedroom-2293,train
57638f14-c201-43bd-86f8-56fffa63e917_SecondBedroom-28138,train
57713c25-228a-422e-9399-3a2c9ffcbd1a_MasterBedroom-23296,train
57713c25-228a-422e-9399-3a2c9ffcbd1a_SecondBedroom-23318,train
57aca5c1-cbe5-4df7-922e-6c6cf9ba2a0e_DiningRoom-22308,train
57e1c8e3-02cb-4f09-b5bf-abfd43013610_SecondBedroom-113391,train
580bb871-f446-438a-9cde-3d970affe421_LivingDiningRoom-9462,train
5820a6a9-14a6-4066-b431-14a8da7ef88b_MasterBedroom-34508,train
58345886-a399-4359-a218-ad0a3b43f44c_MasterBedroom-10505,train
58aa41c3-736f-47df-880d-e2ba6b639149_Bedroom-2706,train
58c205ff-e76d-4941-80a4-44d46b10bf8e_LivingDiningRoom-262051,train
58d58c41-da61-4322-8b7d-478b9d4b04da_MasterBedroom-28111,train
590a815e-df76-4dfe-bc5f-b4ee2c0d5740_LivingDiningRoom-139436,train
590a815e-df76-4dfe-bc5f-b4ee2c0d5740_SecondBedroom-147398,train
590e12f4-ad43-40a2-a1f7-ba85b9118e66_Bedroom-314,train
591b9224-4c2c-4f24-95f2-c4e7213ed482_SecondBedroom-3942,train
59a66d75-9b75-41e1-b7be-1acab85a4ad0_MasterBedroom-534,train
5a6ad201-c801-4ea3-bd67-4d7bdff0b77a_SecondBedroom-65636,train
5a81f6c1-4742-45b0-9a1c-61fefae41430_Bedroom-35352,train
5ac451ba-b3f0-4734-ac59-e7ac821e3c83_MasterBedroom-110518,train
5b274239-637c-451f-ade5-f71c97d6d86c_MasterBedroom-13692,train
5b90a853-b47f-4e37-9819-102fe25575fe_LivingDiningRoom-74225,train
5ba554c9-9edf-4d8c-9816-0e28fa909982_SecondBedroom-13869,train
5bd22e7d-960b-4e14-93bd-f955001f799e_SecondBedroom-5468,train
5bd2dd31-7aed-4024-99fd-f2e98eb4f814_LivingRoom-8148,train
5c6bb298-db40-4838-b417-ad0979f8e990_MasterBedroom-40355,train
5c70ea0d-cb3a-43ca-ab0b-a2498fae8bd5_Bedroom-1692,train
5c8e6bc5-c29e-4ac3-813e-df2145b20c69_MasterBedroom-28057,train
5cafb089-f3ce-4d70-a322-39e30c010b0c_MasterBedroom-12123,train
5d20881f-5edd-407c-8577-4ac0c12b51db_Bedroom-10665,train
5d6d0032-e3b5-4b36-87d3-908d8c85f24b_LivingDiningRoom-142,train
5d778814-7181-4c54-bf6c-b1ee5691cd85_LivingDiningRoom-12191,train
5d778814-7181-4c54-bf6c-b1ee5691cd85_MasterBedroom-8587,train
5d8c3aab-b20b-4b70-9ca5-e8f8fe59d0bf_MasterBedroom-25534,train
5d8f96db-9043-4356-93c8-4f3198ceba34_DiningRoom-41675,train
5e004059-c7c4-44e2-99bb-93f7ec7b5b46_MasterBedroom-33763,train
5e2a38d6-75b9-4f91-a688-a2f3141230bd_Bedroom-7445,train
5e31d382-5193-48e6-aab1-99104dff867c_MasterBedroom-17139,train
5e435d6c-8d14-4cc8-b9e3-cd8e194b20b6_SecondBedroom-20454,train
5e44b2a9-66ec-4d5b-adf0-c87ab69cc93c_LivingRoom-3797,train
5e647f08-d821-4554-8598-9684ffd28f7c_SecondBedroom-1885,train
5e7daec3-6980-46cc-855d-8465774001a4_MasterBedroom-113,train
5ec747dd-d7be-41b5-856c-215d4803d281_SecondBedroom-19303,train
5ed691b6-9633-47ca-a0f0-5069079b2852_MasterBedroom-2801,train
5f664372-7176-4ca8-aad7-e98fc86a0b53_SecondBedroom-9950,train
5f687d94-bb4e-4a8f-938e-e988ddb7de2f_Bedroom-17442,train
5faf622e-532d-4c9e-ba55-e2dd01fa1f3f_SecondBedroom-60421,train
5fdf68a2-1ad6-441f-a59e-230413b55a01_Bedroom-211817,train
5fe0be69-8fb3-46ad-8e77-78f426e7a832_Bedroom-24692,train
6019bf5a-b088-45f4-aa3c-f8ccaed77069_MasterBedroom-31015,train
6048ff60-5420-4ad5-ab02-856f989ed67d_SecondBedroom-1955,train
6060e648-44c6-42d6-a9f4-f58c5bcff70d_LivingDiningRoom-25741,train
61b7fad2-bbac-4728-a5e1-c574cfcf14e6_Bedroom-32051,train
620c63cf-4adf-47f7-bb9b-ead8ab6a30dc_SecondBedroom-1082,train
626ec355-216b-4e9b-a010-9f4e8ac5096e_LivingRoom-3890,train
62ac423c-ae2f-4fc4-be9e-01275e8067ca_Bedroom-84734,train
62fd38a2-1ef7-4791-9f77-86a35ca36c10_LivingRoom-68491,train
6330b5d1-becb-4208-8040-d3f04361e1f9_MasterBedroom-78755,train
6359883f-326f-4c7f-99f0-30626f427d5f_SecondBedroom-23255,train
63624bb6-0323-476c-b295-2e31b729fbb8_LivingDiningRoom-8678,train
6379e703-a2fb-4d36-a417-30e0357a31ad_SecondBedroom-121249,train
63bc11cd-473f-49f6-b239-7ecf3d9e4ae3_MasterBedroom-28214,train
63f2541a-7330-4214-a2a2-88e8f7613a10_MasterBedroom-5836,train
6400fde7-9e67-42dc-9966-670e0a3ade78_MasterBedroom-21463,train
6417999f-abfd-4c11-8ca1-0100d8738214_Bedroom-6881,train
641eaf99-ec77-40a6-bef8-2ff72ef2b1d1_MasterBedroom-9445,train
642f5ac8-8330-46b1-bbf3-83e67501f35d_MasterBedroom-9966,train
64321004-c08d-4334-984b-4bdbed4895d1_LivingDiningRoom-70212,train
64321004-c08d-4334-984b-4bdbed4895d1_MasterBedroom-65519,train
646caacd-2202-49a5-8aee-8461238c4121_SecondBedroom-7309,train
648b8740-c145-4233-84f1-27f596c387e7_Bedroom-26089,train
6490d051-3de1-42b5-970f-c940ae01730e_Bedroom-35900,train
64a127ea-1375-4c1c-a36e-b11441ce8266_Bedroom-17414,train
64b7a725-7b94-443b-a8b1-d582ba1cd3d9_Bedroom-1475,train
64ddec2e-2c16-45c2-a88f-8ea95b9ac80a_SecondBedroom-4816,train
65653285-2397-4f86-8012-17ab10f7b67a_SecondBedroom-34345,train
65968c3a-f434-4d80-9f65-f37f8d703a6e_MasterBedroom-630,train
65aa5c84-5d84-4785-adf8-0000c91aa79e_LivingDiningRoom-2715,train
65cd43e1-1294-44f7-a560-7a230ff893d2_LivingDiningRoom-72973,train
65dee4d7-0d0d-434c-a281-0caaa8e9e979_LivingRoom-3204,train
65dee4d7-0d0d-434c-a281-0caaa8e9e979_SecondBedroom-6693,train
65e91b0e-4855-4f99-9ea0-4091b011e323_MasterBedroom-26181,train
6603615d-0b7c-4b8c-ae29-ce9b464960ab_Bedroom-3394,train
66504491-bdc0-445e-a727-9fbb68e749ce_SecondBedroom-25652,train
665a5c8c-111c-47da-81f5-daad02321c46_Bedroom-36351,train
667e9ce4-3087-40d8-97a8-2b45a6800093_MasterBedroom-109742,train
66e39970-347d-49c7-9fe0-47e1bced4780_SecondBedroom-6511,train
675507da-6f11-412d-aa21-545212322fa6_LivingDiningRoom-32204,train
675747ce-8c84-459f-ab16-399ae3636709_SecondBedroom-14284,train
676675bd-df42-4951-afca-7d39a70af0da_Bedroom-71366,train
676a6773-36ae-4d7a-afe7-5c6ad227325e_SecondBedroom-14200,train
677d7c8d-5f1b-421e-bbf4-d729ee00dadd_LivingRoom-1253,train
6799b892-951c-46ea-8606-3391654b8af9_Bedroom-6460,train
6799c7da-4248-4fa1-9d6d-c8acf521a414_SecondBedroom-13218,train
67a4135c-c9d3-4c90-9c01-359d9c583e74_MasterBedroom-22072,train
67f1d8aa-6ef0-404a-b540-fdb4f1f3dbb1_MasterBedroom-157649,train
6845a1ea-b5b7-496c-bbf4-0ba36d9a115b_LivingRoom-2136,train
69610b96-8add-4240-938b-97520fa32ed3_Bedroom-9426,train
6995dbb7-6399-4d3e-b8e1-89d5b309c5aa_LivingDiningRoom-29227,train
69b82978-76fe-43cc-b88d-92b7244ee573_LivingDiningRoom-15465,train
69bdd28e-52a7-4be1-be76-21c660e66a43_MasterBedroom-9914,train
69cc1796-5e17-43c1-9dc8-e5193206eba2_SecondBedroom-27973,train
69f51600-f8b7-4445-815f-55b87172c756_Bedroom-24655,train
6a03badb-61ab-4e22-9564-de2fd2ed1938_DiningRoom-25528,train
6a14c9df-bb67-4cc2-a6c5-9e5093024506_Bedroom-10136,train
6a14c9df-bb67-4cc2-a6c5-9e5093024506_LivingDiningRoom-10183,train
6a63fbd9-1cdd-404d-97d3-366d7ea978b1_MasterBedroom-47111,train
6a697e31-513f-4bc5-adc6-1d2a8b8f7d61_SecondBedroom-112,train
6ab91867-b6fa-4630-93f8-f3223e71c154_LivingDiningRoom-426,train
6ae193c4-4fe1-42e8-b2dd-38ded31b7f12_MasterBedroom-48345,train
6ae193c4-4fe1-42e8-b2dd-38ded31b7f12_SecondBedroom-48433,train
6b282d95-3b71-414d-80d2-23d42bc0b526_LivingRoom-41901,train
6b2a7e3f-4f6a-487e-9da4-9f30a0f064c9_MasterBedroom-15945,train
6be30d81-2935-4fe7-9280-6efa0fd48a82_Bedroom-28019,train
6be7ef9a-98d9-4d32-8b0c-c0d2b1ca3bbe_LivingRoom-38721,train
6c22e07d-7181-4d16-bf9b-a5763504011e_SecondBedroom-1037,train
6c482868-df60-4e35-b33d-d7e1613bf3c4_MasterBedroom-10501,train
6c600c25-ede9-4ae7-8e1e-46bf11d80227_SecondBedroom-7635,train
6c6da165-485a-41a8-9870-75cb9f39c017_LivingDiningRoom-37289,train
6cd50522-54ed-4854-85b1-c0dc5f34abd8_LivingDiningRoom-12619,train
6d3301a6-0851-40da-a4b5-ffe5753bb936_Bedroom-14276,train
6d486929-8d49-4d3c-aa16-88330ce2e164_Bedroom-61799,train
6d5a3496-fb30-4151-9147-12fbda4d7fce_LivingDiningRoom-1768,train
6d89d79f-b69d-4435-b0a0-dd77507c8c1b_MasterBedroom-17237,train
6dd54ac4-ea84-406e-8abe-b4a602a15851_Bedroom-16914,train
6e284cd9-0d12-41f5-98e4-4d03c6eec135_SecondBedroom-9158,train
6f56a549-5f9c-42ee-a484-a5b3a5cff4f8_SecondBedroom-19185,train
6f8510bd-8325-434d-bd15-4b6026764b14_Bedroom-26648,train
707a8e25-4a36-4048-a088-303b6a107051_MasterBedroom-63052,train
70d6a3c2-2cc4-4b8a-98e3-2179c03e91dc_MasterBedroom-24034,train
70daf81b-199a-4571-9e11-89959489c7a8_LivingDiningRoom-15322,train
71077ab4-63f1-4875-a2b2-4199ea4de5d6_Bedroom-52396,train
71077ab4-63f1-4875-a2b2-4199ea4de5d6_Bedroom-56809,train
7130f8fa-ec52-455e-88a6-fb2a4e440087_SecondBedroom-56631,train
714a1f8b-192c-48f5-965f-2bd0764a7546_MasterBedroom-21507,train
71d6b0a5-ba83-4df7-9a6d-703eedb14e20_SecondBedroom-1762979,train
721aac20-b1b8-411f-93cd-285290b9fa45_LivingRoom-890,train
7279cacf-3d83-48f7-9cb4-114caeb86df1_MasterBedroom-7562,train
7289023b-aa7a-483f-b2bc-e0c33c6cc386_Bedroom-268,train
72f68129-a891-4552-a1bc-641366806b3f_DiningRoom-1758,train
72fbdea6-2af2-4c2a-bf00-0d4d90bfa334_MasterBedroom-7158,train
73818192-7ca3-4161-8cf1-ca3e5e51b1ab_LivingDiningRoom-62037,train
73818192-7ca3-4161-8cf1-ca3e5e51b1ab_SecondBedroom-10098,train
73d7d368-1b45-47cf-bc56-a786c7bb0b40_Bedroom-11819,train
73e42610-80af-4a97-85e3-952b509b04dc_Bedroom-8044,train
73ed0b77-ba5b-4c11-9bf4-a776d8290144_SecondBedroom-278,train
741c2966-f279-4d6a-8219-c55cda0fba81_MasterBedroom-109317,train
741c2966-f279-4d6a-8219-c55cda0fba81_SecondBedroom-57298,train
74ed0339-0753-45b6-9caf-d5f494122e24_LivingDiningRoom-9272,train
7534aaa5-254a-48dd-a5d8-b13432bb0217_LivingRoom-43168,train
756382a6-5d6b-4bdd-8f48-4bb8cddf9df8_SecondBedroom-12785,train
75652f7b-3a8d-44d5-8474-47dbbfb62681_SecondBedroom-8426,train
757250d9-884c-45f5-8d4f-73a955f6227a_MasterBedroom-29631,train
75b28f63-bb61-4818-a1d3-0d23ac89be5c_SecondBedroom-17587,train
7696025a-291f-4b22-911b-beb13c4b598d_SecondBedroom-14817,train
76b9e260-e7f4-43a2-96bc-45ddfc3e3c22_SecondBedroom-38435,train
76e408e8-8b96-4bbe-943c-e5c43fb963d9_DiningRoom-9293,train
77bde924-9493-422b-b436-97dd4f1afd28_Bedroom-9287,train
78270e88-4f1b-4169-abf1-c093f200bd5d_Bedroom-3435,train
78270e88-4f1b-4169-abf1-c093f200bd5d_Bedroom-3652,train
786669de-f41a-409f-b487-ec62413e2ee0_Bedroom-66453,train
789015e3-c63f-4bf9-a557-3a3cd6867a83_MasterBedroom-6127,train
78f54b4e-5031-4aa4-bd58-6a287cd64dc3_MasterBedroom-17598,train
79090604-70df-47d2-98e7-62087f358e6e_LivingDiningRoom-15199,train
79090604-70df-47d2-98e7-62087f358e6e_SecondBedroom-8681,train
794c22b8-0dca-4ce5-b1aa-f4235950fe43_SecondBedroom-16436,train
797dd495-26a0-4bf6-b0c8-c71690e1addf_MasterBedroom-11301,train
799c9b05-8901-4113-ac72-b268bc542a13_LivingDiningRoom-11910,train
799ed691-945a-40e5-a355-b1928a15e567_MasterBedroom-32892,train
79b8f927-e1c8-4fc6-b0c2-6b9e2ff6708c_MasterBedroom-74389,train
79c940db-6486-4930-896f-dd205349df5f_LivingDiningRoom-52730,train
79c940db-6486-4930-896f-dd205349df5f_MasterBedroom-52699,train
79f53548-011d-45c7-bb97-1bcfc60abbaa_Bedroom-8289,train
7a067d61-81c9-49d2-8e3e-af63794d9a1a_MasterBedroom-2940,train
7a1c91a1-efe6-47a3-8a22-5749fbeb67dd_SecondBedroom-9126,train
7a1e44d1-5828-441d-b041-238b1f0cb76b_MasterBedroom-42913,train
7a2de022-745d-4f10-a4fa-d7ab5bb8809f_LivingRoom-8087,train
7a3e83be-60fb-4de6-a9c1-dac393723c5d_MasterBedroom-32718,train
7ac7b8b0-6ea1-4930-9f50-7328e00e579a_LivingDiningRoom-33892,train
7b48d192-1ac0-406c-af41-800853de2d7f_Bedroom-41491,train
7b5eeb04-1392-4e97-b773-45e964e0698f_LivingDiningRoom-9744,train
7b5eeb04-1392-4e97-b773-45e964e0698f_MasterBedroom-8245,train
7be5d4f4-2460-4e6f-90a6-9ffbca8d7ae4_Bedroom-52292,train
7c21dd91-e3ba-46d9-b158-27c9a589e1fd_Bedroom-15031,train
7ca411ef-2290-4db5-aeac-34f1a96f664e_Bedroom-3587,train
7cbabe0c-5239-4e90-95cb-5c79adb0ede6_MasterBedroom-71942,train
7cc4bac1-fbf8-41c0-aafa-d782916e93ad_MasterBedroom-13683,train
7d1a7697-3051-4e51-8d6c-fed5d3a0dd8f_LivingDiningRoom-21803,train
7d1a7697-3051-4e51-8d6c-fed5d3a0dd8f_MasterBedroom-11564,train
7d47a9ea-c7be-4ca0-8282-0cd176391b3f_SecondBedroom-15676,train
7dbb372a-75d0-4e3d-9954-06240f8bb8ad_DiningRoom-2101,train
7dbb372a-75d0-4e3d-9954-06240f8bb8ad_MasterBedroom-2548,train
7dc2bdd5-7f8f-438d-9f31-c71932a0ea71_MasterBedroom-7129,train
7ddfd41d-9e6d-47e0-bd67-eb12580ae322_MasterBedroom-33700,train
7e99f7a0-c0df-4de3-840f-ed0a806760f4_MasterBedroom-16774,train
7f4b525c-6962-4d55-9947-fe8b92f54900_MasterBedroom-4328,train
7f73cd78-2b0e-457f-a2e6-1bc7405e77b4_MasterBedroom-39197,train
7f881e49-e02f-4524-b58c-ad6ff07d569e_MasterBedroom-56165,train
80261497-c204-4078-8155-a0a435138c70_Bedroom-9593,train
80308db6-8d2d-441c-ad4d-980255eacb6f_Bedroom-8481,train
8061b714-949a-4a46-a6d2-69085c163cb3_LivingDiningRoom-21727,train
8072be53-ff54-4db6-9fba-7f9a9b1430e1_Bedroom-3753,train
807ccf8e-f477-4188-81be-0f0e00266f8c_MasterBedroom-3054,train
80bfa178-96af-4ea9-adf6-c32d5bc23085_SecondBedroom-63538,train
80d80e4a-197a-4bd5-9ed1-81c48786a321_Bedroom-593,train
80d80e4a-197a-4bd5-9ed1-81c48786a321_LivingDiningRoom-398,train
80def5d0-c5bf-4a24-8ca9-5185d8002817_MasterBedroom-243116,train
811213d3-3ae0-4456-9f16-48ee33b2d560_DiningRoom-17147,train
814ba6f7-fdd2-4b5d-9604-9e3b682db37f_SecondBedroom-23205,train
81c47424-f98c-418d-b810-ad23e586b3b2_SecondBedroom-304,train
81c47424-f98c-418d-b810-ad23e586b3b2_SecondBedroom-791,train
81dc4064-023a-41b3-adda-8a5ac462dc13_LivingDiningRoom-54190,train
81dc4064-023a-41b3-adda-8a5ac462dc13_MasterBedroom-52848,train
82150431-fe02-4c4d-bbb5-edf819efc22a_LivingRoom-26823,train
822213ac-e850-4189-ae92-5a9e0946be04_Bedroom-75240,train
8278f1d9-9da7-47cd-bc34-2e476e2bda69_SecondBedroom-26472,train
82d40986-a40f-4638-918b-fc023ce6f380_MasterBedroom-59476,train
83261694-9e42-4893-aab9-9d2c669490a8_MasterBedroom-15307,train
836eac3f-e90a-4cc0-8b70-eb56947c9bde_SecondBedroom-33263,train
838bdb43-9217-4b8b-a6ea-340a256cca0e_LivingDiningRoom-71691,train
838bdb43-9217-4b8b-a6ea-340a256cca0e_MasterBedroom-71742,train
838bdb43-9217-4b8b-a6ea-340a256cca0e_SecondBedroom-67739,train
83ec537a-528d-4a4d-9bc2-6d6e7b805945_DiningRoom-47598,train
83ecfed1-fa86-410e-bba8-37fe041bce65_MasterBedroom-125741,train
8444f7d5-2c4b-4abf-8da2-52e430225b67_Bedroom-219,train
844dfcbe-0ab2-47e1-aa19-024c5b2a3fd8_DiningRoom-8345,train
847a92f1-3150-4808-a2cd-06fa68ea03ec_SecondBedroom-6704,train
84dc6b73-ea3a-424b-91ae-175027928d17_SecondBedroom-3776,train
8563478a-b3c7-482c-850f-910502fd4e6a_MasterBedroom-41181,train
85a4cbf5-71f3-4b22-a877-662d179cdce6_LivingDiningRoom-57707,train
86223b94-4407-468b-b593-c436c1ee5127_Bedroom-13468,train
862269d5-f301-4857-90ea-df3b2d848997_MasterBedroom-8733,train
865efbe7-e24e-4080-9c8e-dc6c52180ea6_MasterBedroom-26247,train
8660193c-1cdf-45f0-b8be-f9022ba57802_SecondBedroom-15743,train
86617e2f-b62a-4a2b-93b5-48128ab9a092_SecondBedroom-8847,train
86b14d42-1ea7-4570-8cf3-81c4f7b6a840_MasterBedroom-34842,train
871235f6-ecd6-4a95-86e2-312c2f9ffe55_MasterBedroom-28975,train
87517851-90e9-43ac-a6b7-c9cf83a99874_SecondBedroom-1916,train
876631f3-8f59-4a3b-bae1-8da99beff4c5_LivingRoom-6045,train
876631f3-8f59-4a3b-bae1-8da99beff4c5_MasterBedroom-10019,train
876631f3-8f59-4a3b-bae1-8da99beff4c5_SecondBedroom-4901,train
876b4ae9-721e-494c-9fe6-e7ae55467300_MasterBedroom-149108,train
87bd388a-3f7c-4fba-9b1e-4cceafa671f6_Bedroom-10367,train
87be1ce2-89f4-42eb-b7f5-c3f9ca284a28_MasterBedroom-2377,train
885b27c2-0224-47a3-bd0d-5d1bfe2c164b_MasterBedroom-58885,train
885bca04-679c-4098-a2d9-27885640ad28_SecondBedroom-18640,train
88746b30-d6c3-4bf2-b977-d4979f90b050_MasterBedroom-1081,train
888f5f5c-4947-4bfe-b50b-ee6d4f80ae28_MasterBedroom-111919,train
88c063af-0d7d-4f18-ad36-a226497e25aa_MasterBedroom-25927,train
88c063af-0d7d-4f18-ad36-a226497e25aa_SecondBedroom-13179,train
88cb5556-1b87-4153-8497-18c08f26787c_MasterBedroom-59239,train
88e59754-af7c-44d0-bd64-0a958a919cc5_LivingDiningRoom-1651,train
895f6fb5-d110-4733-9257-a46b351a4dd1_SecondBedroom-58860,train
896678cc-190d-4208-95f5-28911b3905c3_MasterBedroom-6635,train
896678cc-190d-4208-95f5-28911b3905c3_SecondBedroom-426,train
897f8b48-e266-4749-b1f8-f798ae0d7068_Bedroom-54434,train
89d1ad68-eab0-4ddd-ba35-d40d8406ec94_MasterBedroom-3530,train
89fa67ad-b45d-4ed3-9e2b-9371df9625e4_MasterBedroom-10045,train
8a39ca20-ec8b-4a7a-844f-2516b6dce707_MasterBedroom-427,train
8a3bf65f-af38-4d9a-9cdf-b278faeb499a_SecondBedroom-27642,train
8a41712e-1a55-407f-92f7-3c7cbd4366e2_MasterBedroom-42698,train
8a4ba162-f708-4639-a340-59db284a0eb6_DiningRoom-26811,train
8ac826bb-0229-443a-a9fc-fdc6ce7af073_LivingDiningRoom-13451,train
8ad8bd52-f739-4021-8ad9-9e02f2cb7456_LivingDiningRoom-1625,train
8bc14971-a14f-42c9-83b1-6b74010c6c98_LivingDiningRoom-10610,train
8c069e29-9332-4e92-b13d-a6f190df120f_MasterBedroom-6890,train
8c57175b-106d-4aca-aed5-be16cf15d7e7_LivingDiningRoom-42284,train
8c70a332-7115-4197-a7a4-c7d48f68d9d3_Bedroom-1127,train
8c76b801-c0e7-4267-ab00-eb950d32687d_LivingDiningRoom-3181,train
8ca2d45d-0a06-4a1f-9930-4b30e008ffa6_MasterBedroom-541,train
8d1316ff-e5f0-4065-8676-2e6c79194434_SecondBedroom-13359,train
8d28fda2-d498-440a-b9e1-44caa95eb3e1_MasterBedroom-11400,train
8d89aa3a-27c4-45d5-b902-203088bfa427_SecondBedroom-25694,train
8df6c006-6c38-4c65-90d9-017a26b63d4b_SecondBedroom-964,train
8e49c059-4e1b-4a7e-a78a-9d2fe7a8cad2_MasterBedroom-10454,train
8e4c11a9-3c52-4708-a6ff-8172905b21f2_SecondBedroom-51399,train
8ec660e6-b95b-4b11-81aa-ed3b1164a165_SecondBedroom-51226,train
905ccf24-697b-4bb5-8c53-def619d16327_Bedroom-5215,train
906838fb-55ed-4908-acf3-2ce304e821a3_SecondBedroom-12680,train
906c7fc1-5bea-4ba0-a40a-adc132247a6b_Bedroom-5740,train
90a74103-cb2f-44fa-89e4-4381a2b63644_MasterBedroom-14778,train
90b7eea6-8bb6-48aa-9981-690ca4de4938_SecondBedroom-39559,train
912682a8-3a2a-46ea-9430-a32af806ce3c_Bedroom-22339,train
917830d3-78a6-4f70-b029-ba6da27a2692_LivingRoom-3587,train
9178e733-092a-49e5-a900-b375d6a68dd1_MasterBedroom-17329,train
917d2b6f-a607-4a67-bc6d-dc8952bc2c1a_LivingDiningRoom-6079,train
929a3154-f313-4960-8f49-23b154678d48_SecondBedroom-12689,train
92c1c4c2-73f3-4688-b0e8-493c94f7fbe4_LivingRoom-57772,train
935a911c-212b-4d87-b68c-04e17a8c1fd8_LivingDiningRoom-3349,train
93a20906-9d65-4541-ba47-61c7d13a06bb_SecondBedroom-10764,train
950fe299-2595-4a3d-8f32-2dabd5d19b1f_SecondBedroom-31597,train
959d7224-db8a-4ce0-8dd6-8e17adbe719f_LivingRoom-423,train
959d7224-db8a-4ce0-8dd6-8e17adbe719f_SecondBedroom-1245,train
95ce44ad-d993-47c9-a312-dcd325040fbf_MasterBedroom-120497,train
967e40cb-ac87-4ff0-90f0-f775d80ca4ae_SecondBedroom-932,train
96a6a5e8-d185-4b3a-b78f-79298e05cac3_MasterBedroom-29432,train
96ef296c-dfa6-4905-8d84-4f8d706a7ad7_MasterBedroom-5883,train
97089e6f-2c65-4a2a-96cf-6841c0a238f5_MasterBedroom-60200,train
97089e6f-2c65-4a2a-96cf-6841c0a238f5_SecondBedroom-65077,train
973ae127-2b9a-4f37-b04a-468a2c122caf_LivingDiningRoom-74769,train
97546b68-e113-46d0-b7d4-4b2dd28a336c_MasterBedroom-22961,train
97980fab-7bf0-4887-9fa9-68cc9138c717_SecondBedroom-37794,train
979e98a1-4cac-41a9-94e2-0913935f75bb_MasterBedroom-223908,train
97bdbfe9-052e-4864-b98d-9080b266cc5e_Bedroom-5426,train
97c9ee1b-c5ad-43c9-8cc4-19c45ed40dc0_Bedroom-86672,train
987bfa8c-edf6-40a7-87c2-f49e4e8c5a16_Bedroom-300,train
987d0a4b-07d5-4958-aac4-cefaa277d511_DiningRoom-8951,train
9886aa9f-f331-48e4-88a0-4e56ccaabe7f_LivingRoom-9939,train
98d50a8c-8f9c-40c7-b306-2b282a3ade70_MasterBedroom-9415,train
9961048a-54ca-4b21-b082-d511e9ce6be7_MasterBedroom-50625,train
99a9a277-df69-43f1-a934-3548f4438510_DiningRoom-92623,train
99fbb361-8436-4e2c-9ba9-f9293a0062e4_MasterBedroom-40818,train
99fd1d4c-1da6-4e4b-a469-30eaa6f5befb_LivingDiningRoom-3910,train
9a697b01-5800-40fe-b290-86c2779e2517_Bedroom-13271,train
9afa32c6-96d5-4f54-8025-9ecdecc13b7a_Bedroom-9841,train
9b098112-9633-4328-b7f8-94054dd2d87e_MasterBedroom-34915,train
9b8b8318-45e8-4518-ba42-6512352c5ca1_MasterBedroom-24067,train
9b901fc2-2f66-4f0f-86bf-e7571cbb5226_Bedroom-23931,train
9bf55c0e-6250-41ed-ba12-968598c9279a_MasterBedroom-9670,train
9c2e4427-a6e0-41c0-af95-3464c4678cdf_Bedroom-14930,train
9d145e0d-deb3-4d32-9bb7-78c379b8f210_SecondBedroom-226338,train
9d21c2a0-3cc4-4ce4-a926-506ed2c32a14_Bedroom-232,train
9d5ea5ec-326e-46f3-b6eb-634e5e2a3837_MasterBedroom-49008,train
9da0c89f-c7b1-46f8-b37a-8377ad190e71_MasterBedroom-76782,train
9e397213-2392-40d6-a3ff-a4fe0dc43ac3_SecondBedroom-48014,train
9e84166d-ff70-496e-92b2-489f58936fbf_Bedroom-2588,train
9e8b8e5d-85fe-42ab-b582-7a8484399699_Bedroom-15276,train
9f433842-0a34-4228-a2ec-8e7888cbe29e_MasterBedroom-46846,train
9f4a2c14-f2f2-402b-abd6-6251aa3f95d8_LivingRoom-4169,train
9f7ebccd-db81-4599-aafa-936c371f9012_LivingDiningRoom-22877,train
9f95c9f8-3e85-4409-a803-807656b46bb2_SecondBedroom-24733,train
9fdf3141-0670-4eb5-b37e-aed37d45b260_LivingDiningRoom-7298,train
a002b6aa-5fcb-4491-88b8-a8bf0f70f598_LivingDiningRoom-9373,train
a065a8b5-2593-489b-949f-9334f982dddb_Bedroom-11397,train
a0e73d7a-169e-4df4-9c48-43ccc65cff48_LivingDiningRoom-9014,train
a0fec80c-3a30-40d0-9005-2e0056909a48_LivingDiningRoom-18037,train
a111cbfa-1ae0-4705-9974-210f1f10731f_SecondBedroom-8920,train
a1f31522-bfe3-4f53-beb3-8613e7b2ceb0_Bedroom-48166,train
a22895c1-7102-4701-a1a4-02faca65b6bb_MasterBedroom-45779,train
a22895c1-7102-4701-a1a4-02faca65b6bb_SecondBedroom-45226,train
a252fd2f-afbf-4b76-b63c-5af2b0a3cebc_Bedroom-288,train
a2a8f036-c0d0-4d57-b55f-f6aa5e56d7fa_LivingRoom-12895,train
a2b307d5-8d70-4332-9317-010891dd68f0_SecondBedroom-9417,train
a2f77d1e-d982-4fd4-9216-38f97718082a_LivingDiningRoom-23314,train
a35d3d15-332d-4e0c-833e-3c1c476edddc_LivingDiningRoom-33915,train
a38c6892-4aad-4e6d-b7e5-ffd31b5bd659_Bedroom-17297,train
a3b91a1e-f51e-4714-a74b-33940b352efe_LivingDiningRoom-1900,train
a3dddf33-bde7-4524-83bd-fe31a9ae0f4a_SecondBedroom-11711,train
a3e1afe7-f89d-44f1-bcb9-a4086de781f8_Bedroom-4858,train
a3e1afe7-f89d-44f1-bcb9-a4086de781f8_LivingDiningRoom-8026,train
a4045e66-6f5f-493b-b9f8-ea369b8e309d_SecondBedroom-1607,train
a40d170f-a598-42ca-85ba-0141e6cadb9a_SecondBedroom-425,train
a43305c0-dd5c-4775-8dfb-4473025a277b_Bedroom-15706,train
a44fb825-f9fd-4e1a-beb5-da0322f81ed0_SecondBedroom-63777,train
a4515359-59cb-46d6-9914-c54de45598a5_Bedroom-21085,train
a45244aa-5c1a-48b7-b1a3-3f55fd35fcab_MasterBedroom-3908,train
a45244aa-5c1a-48b7-b1a3-3f55fd35fcab_SecondBedroom-1097,train
a477867e-24da-45e5-b57b-aab7de1c1623_Bedroom-2841,train
a4824c35-ccb2-4e70-89c7-eda575054197_MasterBedroom-3822,train
a48c2fa2-734e-4a66-a1ba-c63bcb76b08b_SecondBedroom-11598,train
a4b4d452-05f0-4c77-b367-cc0799a1f996_SecondBedroom-41859,train
a4de8a11-8912-481b-af83-427b3ddec110_LivingRoom-11144,train
a4eef4ff-9d6b-4a68-a80a-29efa03e61ae_MasterBedroom-256747,train
a4f2ad71-da05-49c5-aa2b-a50abdd814f9_SecondBedroom-7287,train
a5040c13-c69d-4651-9ee6-eeb2afb539af_Bedroom-1181,train
a5254d6c-a8f6-4eb6-90dc-3e0e378de293_LivingRoom-11300,train
a591afd1-fc8b-4224-a2bf-b36ecb44aa18_MasterBedroom-32488,train
a5a40e5f-d289-4d2a-96e5-9de97ae2220f_MasterBedroom-12835,train
a5a45951-673d-40c0-a092-e75bcb5d7d36_LivingRoom-19334,train
a5af701c-1825-40ce-a9d7-0b7ed08fb43b_MasterBedroom-13131,train
a630400d-2cd7-459f-8a89-85ba949c8bfd_Bedroom-1912,train
a642f3da-97a3-48fc-b36b-582797d5faa1_SecondBedroom-32005,train
a655711b-402f-4e32-8db5-456bbbff373b_MasterBedroom-13810,train
a6d3d76a-09a7-4c08-a52d-f97a473e61b1_Bedroom-35224,train
a7203875-f96f-43b7-97db-af7d0b822189_LivingRoom-14138,train
a7449906-43ae-4a5c-871a-51db33ae4608_MasterBedroom-19189,train
a7449906-43ae-4a5c-871a-51db33ae4608_SecondBedroom-22460,train
a74cbd87-e6cf-4df8-9007-1134ec1f5459_DiningRoom-42346,train
a74cbd87-e6cf-4df8-9007-1134ec1f5459_MasterBedroom-42208,train
a76b20fd-d688-4bcd-9daf-5535e66959ad_MasterBedroom-7176,train
a796ac9a-abc1-4003-b7a3-d1e84fb7fc28_SecondBedroom-28894,train
a7e374d2-d8ed-4999-97e0-7e5ba98908d1_SecondBedroom-4501,train
a7f64d89-c953-4ba9-bbd4-6f74eb69710b_Bedroom-16810,train
a7f64d89-c953-4ba9-bbd4-6f74eb69710b_LivingRoom-18042,train
a81e5155-6784-4ab2-93b8-7193842d7801_MasterBedroom-299,train
a89d08fb-36df-416f-a855-f0d9f3cafcdc_Bedroom-8532,train
a90f38f6-c1ad-4d64-9fcc-0f3d982912c4_Bedroom-45428,train
a97dc075-2b8b-4964-878d-976792ce71de_MasterBedroom-8841,train
a9d64d89-ea72-46da-8b1f-b66dedcb82f9_MasterBedroom-30932,train
aa2174af-a1ed-403f-b46d-bb44f315c181_LivingRoom-2057,train
aa6d487c-ed0f-49be-bb94-3b8c13af391b_LivingDiningRoom-11917,train
aa6d487c-ed0f-49be-bb94-3b8c13af391b_MasterBedroom-4198,train
aa7fc990-0ab9-4fcb-ab9a-5dc1e29ed3b3_Bedroom-91160,train
aa7fc990-0ab9-4fcb-ab9a-5dc1e29ed3b3_Bedroom-91204,train
aa8112cc-d57e-4a9f-a425-d40e7d114b08_MasterBedroom-34727,train
aa864471-da98-4da0-b383-461f994d2531_MasterBedroom-8164,train
aa9b470c-42d0-4f2e-8239-22142ab5fddc_Bedroom-1103,train
ab0e29af-145f-4578-a700-d78f1e043dc5_MasterBedroom-4622,train
acb86b11-fe85-4f83-b47c-c6243982298a_Bedroom-1206,train
acb8fcb4-8679-4fda-90e8-4d8c2ac42ae7_MasterBedroom-6656,train
acc099b5-dabc-4fb0-ba27-4f8c961432fb_MasterBedroom-2276,train
ace13641-659e-4668-8d02-3cc4a05803a8_Bedroom-10696,train
ad2204ba-60fd-4802-b8cd-6ac2cfea507c_DiningRoom-18657,train
ad3b17d0-ddc0-47c3-9a90-440add40ad9e_MasterBedroom-8520,train
ad428fbd-a2cf-4693-a858-e5e64ba48026_Bedroom-18759,train
ada38237-cee3-477f-9bbb-45cb29f29d4c_SecondBedroom-5145,train
add0c77d-3e5c-44b6-9298-6c09a38f5b6e_MasterBedroom-15409,train
adfd50d5-efee-4d42-8457-bc1ce2707ed6_SecondBedroom-9343,train
ae1f318b-a8ac-4eec-974c-10a587ea0a71_Bedroom-35611,train
ae6dcfc8-994e-4448-8980-08e5292a8801_LivingDiningRoom-21808,train
ae6e05dc-ce87-415f-b98e-3349488d984b_SecondBedroom-12902,train
ae8d145b-5c7c-4970-a4b6-7855e64ea4eb_LivingDiningRoom-4682,train
aee82a11-1d1f-47ff-80d5-902e800b839a_Bedroom-1017,train
aeeeea78-c030-4ea8-bedb-6688383c7b37_MasterBedroom-27387,train
af17e492-9278-4023-9c48-c289e819a641_LivingDiningRoom-452,train
af30f054-a88b-4acf-b497-5f67cbd25af6_DiningRoom-114621,train
af615a27-5139-40d2-833a-e62fead6777b_MasterBedroom-9735,train
af8b9eed-0ab5-4c65-bc73-f9fbc2b1cdd9_MasterBedroom-1752,train
af8d354c-2b22-4af8-a35c-4d3bd37cbdf6_MasterBedroom-9031,train
afa0f45b-9a71-4c7c-8bb0-4b84a6ec47ea_SecondBedroom-3719,train
afaffb7a-d00b-4d21-8d9a-ed6df3023d70_SecondBedroom-781,train
afcaa4ce-37db-4314-9786-1addf4ea57e0_SecondBedroom-21667,train
afd1ec15-5319-47dc-b558-b6a86d448982_MasterBedroom-30923,train
b05fbcc4-57c0-46bf-a268-1c530085b983_LivingDiningRoom-18273,train
b0f5ee50-f513-40be-ae17-20fd9acd60b4_MasterBedroom-26054,train
b0fe48b1-d6b1-4854-ba04-111d22289522_MasterBedroom-13658,train
b13a4874-00a4-49a5-aa2d-e22d7d864b56_LivingDiningRoom-53709,train
b1ef2a3d-8d3d-41a3-af7a-af58219fe562_Bedroom-3098,train
b2943b0f-8b10-4619-9263-d6dc198214ba_SecondBedroom-8204,train
b3a256df-54e0-40c1-b04e-5ace4cccaddb_LivingDiningRoom-2917,train
b3a256df-54e0-40c1-b04e-5ace4cccaddb_MasterBedroom-283,train
b3a256df-54e0-40c1-b04e-5ace4cccaddb_SecondBedroom-272,train
b3d120be-7c88-41b6-bb85-16d61a97e542_MasterBedroom-32121,train
b40dbb05-821c-45f2-9ae6-e02e97c70c80_SecondBedroom-16492,train
b45897de-6fe4-421c-b292-dfc31f3880ec_Bedroom-38427,train
b51bec16-bd64-43be-ae51-2e190aafba67_MasterBedroom-37633,train
b51e3da5-5d31-4511-882a-e841de457404_LivingDiningRoom-3428,train
b5515a75-9d29-47a1-a8dd-c61224c8d170_Bedroom-539,train
b58a5ff0-ae4c-4af0-ba06-13153ecb9f4d_MasterBedroom-75042,train
b59e2e3f-d611-4e62-a72a-b3d7ff4bbd08_Bedroom-15630,train
b5a9d6e9-11f5-45d1-a45f-a02b59823001_MasterBedroom-11918,train
b6167446-ce9d-4bc0-bc2e-e6026d939a3c_LivingDiningRoom-14337,train
b6167446-ce9d-4bc0-bc2e-e6026d939a3c_MasterBedroom-14406,train
b68b868f-5ed9-4917-b922-4d58ca68ed7d_LivingDiningRoom-45001,train
b6a24513-baa6-4f67-8a78-4a19c5536dce_MasterBedroom-2820,train
b76b3b9e-1709-49eb-a5cc-8e5b76da6939_MasterBedroom-107429,train
b77fac8b-d1a7-4444-ae6b-5fd394a82535_Bedroom-12012,train
b7c74b29-1bc9-4112-9587-03a1b330a284_Bedroom-274,train
b8b0933f-ecc1-4621-b7f3-ac01261917f1_MasterBedroom-12046,train
b8c9c3ae-2aa0-4140-b7cd-8578cee5b571_MasterBedroom-1244,train
b9301a72-5a7b-4ab3-bcf4-aa7f67112747_LivingRoom-15858,train
b93f845e-1b90-4231-8d91-4eab81487423_Bedroom-26320,train
b9865b8e-99c4-4005-9f4d-9cae08209da0_MasterBedroom-4390,train
b9c1aec3-a600-4084-908a-c351c423a357_Bedroom-19328,train
ba13101c-01ff-41e2-be9b-aaabbeed1c6f_Bedroom-2246,train
ba3303e0-761d-4cfc-9411-18f1ff7a4340_MasterBedroom-11688,train
ba35bae5-34ab-42de-941c-9f8a73b1beb7_MasterBedroom-48561,train
baae19e7-6509-49a8-9f9c-9c43592d4740_SecondBedroom-16071,train
bab46499-2458-45be-8b65-a0e4f3b41202_MasterBedroom-6196,train
baceb7be-2d27-4408-b036-39ae7bdfb4fa_LivingRoom-5614,train
bb13762a-67b3-4957-be4e-f1b0878c9f87_MasterBedroom-21140,train
bb393cde-eecb-4efc-8711-e9576791aee2_Bedroom-119,train
bb755eb0-434b-4805-9d28-214380ae6a29_LivingRoom-15768,train
bb873f66-3268-4911-ab41-72071e81dc9a_MasterBedroom-11734,train
bbd4d848-5cf2-4680-b508-bc13325d27b4_SecondBedroom-13208,train
bbf5f0c3-25b9-4288-afa1-f2545fab15ba_DiningRoom-16460,train
bc62f166-d9c1-4b04-a971-f6e8c9b05811_SecondBedroom-56936,train
bca32cf2-ae82-4d97-969e-d6fb5493e382_MasterBedroom-13262,train
bd0da5c7-2afe-4dba-bb2e-77806ca8ecce_SecondBedroom-41206,train
bd2aa9dd-15d7-4de3-adec-4bddf66bff49_MasterBedroom-137733,train
bd2c22aa-0dc5-4c05-80bc-d67fb1ba7e15_Bedroom-2301,train
bd45e442-2961-4143-8968-0fc05edb610f_SecondBedroom-46456,train
bd4a031d-17bd-4375-8d1b-9338f4a0622c_MasterBedroom-1503,train
bd7a0fef-6083-4bd7-af4e-eb82d293967b_MasterBedroom-118537,train
bda7b747-840d-4de1-88ec-03aaab4aef7a_Bedroom-22071,train
be1f3c71-ec18-4ebd-be16-1e0c43738d39_MasterBedroom-27279,train
be37ae8e-a3aa-4202-a812-9be187c941b5_SecondBedroom-31291,train
be642e05-b8e2-4acf-b43a-4765248f1996_MasterBedroom-13947,train
be677899-49c7-4ae5-89f8-7e3b54f37f0a_MasterBedroom-16174,train
beb67301-7ec9-436b-acab-89c7580c59f2_SecondBedroom-7971,train
becd7f2b-1039-4346-aacb-8d9962f5e0ae_LivingDiningRoom-74263,train
bf18f2a4-e180-4990-9ebb-1e52f4ab4e37_SecondBedroom-54502,train
bf1cb531-4e4c-4520-89cd-b0020a572903_MasterBedroom-91396,train
bf1f9223-5235-4860-ae2a-c59177e35fff_MasterBedroom-18854,train
bfcffd0f-0a30-45d7-852d-f1fe1f77fed4_MasterBedroom-2171,train
bfdb8f3c-7980-4db2-8517-64523b20b3aa_Bedroom-19315,train
bfdb8f3c-7980-4db2-8517-64523b20b3aa_Bedroom-19428,train
bfdb8f3c-7980-4db2-8517-64523b20b3aa_LivingDiningRoom-19390,train
bfdec636-7f20-41f6-94c2-b110479f7123_LivingDiningRoom-65070,train
c05880a2-1426-4f4f-947a-cb0c2b43b913_Bedroom-14863,train
c06f62d4-778a-4303-a2c8-301181ecc9ee_MasterBedroom-35376,train
c073aa26-2ba1-4e60-baf3-85325cb4819a_Bedroom-1351,train
c07f558e-acf1-4bc1-9ad8-2cf78ca8295e_LivingDiningRoom-2872,train
c08e6caa-3c39-4a8d-b47f-83f7612bd8af_SecondBedroom-909,train
c1575512-d8f9-4d74-a8d3-fdd840f0d9a9_MasterBedroom-7845,train
c1575512-d8f9-4d74-a8d3-fdd840f0d9a9_SecondBedroom-6191,train
c1b3e945-cefc-4e73-89fc-099bb5352bac_MasterBedroom-4779,train
c1d1893e-86a3-4a1f-a0bb-1b5104461b5a_MasterBedroom-21047,train
c1eb2abf-bebc-4e8b-886c-2f8f660bbfc2_SecondBedroom-155582,train
c20ab624-9677-40e6-a832-ed2c906e408f_SecondBedroom-46591,train
c26d36fa-6f61-49b9-929d-8cb6f76ff916_SecondBedroom-1028,train
c2d57b49-fc5d-4fb0-8024-b7e7302dc3fa_Bedroom-14257,train
c33366ef-4801-4764-8ad5-ebbf2e36337a_MasterBedroom-16486,train
c360d758-8dbf-4d82-9afe-d71135c13c7f_DiningRoom-22753,train
c38b86ae-e6c5-4a1f-8b52-eceb83456d80_SecondBedroom-58644,train
c3a81890-b4f1-4944-96a1-318dff7f3980_LivingDiningRoom-36077,train
c3a81890-b4f1-4944-96a1-318dff7f3980_MasterBedroom-34469,train
c3c2b237-b863-436f-b66d-27bf5d0ca927_MasterBedroom-99492,train
c3e8a559-c0ed-46ab-a702-3fb148d9d228_LivingDiningRoom-4122,train
c45c5b4c-5fca-43b2-9770-02cd174f24c2_SecondBedroom-66007,train
c4e93e2a-3b1d-4c3c-8a94-4cebc91e4eac_MasterBedroom-14739,train
c4e93e2a-3b1d-4c3c-8a94-4cebc91e4eac_SecondBedroom-9386,train
c5c99bbd-e9d2-40ff-b46c-43ed48e08864_LivingDiningRoom-7430,train
c662dd5d-839e-44de-8cc8-23c74b757d9e_LivingDiningRoom-5381,train
c69e0c9d-9bec-44ec-9ced-73935534013a_MasterBedroom-3752,train
c6c7d88a-9f06-4f43-b065-6c07c29f0ddd_Bedroom-1937,train
c76960e2-bf7d-4cec-8ead-554c40227983_LivingRoom-11414,train
c7818ac9-9bfe-40c5-932a-32d4c83ceab0_MasterBedroom-14201,train
c789545c-e098-4f51-a366-5e52f0f39234_MasterBedroom-2647,train
c7a6c545-7e2b-452d-a116-1d724dbd9e34_MasterBedroom-1269,train
c7fefad9-9449-49d4-8687-b0cbc1f203bc_MasterBedroom-4146,train
c84945ea-5844-42e4-9049-3685b127bd22_SecondBedroom-1905,train
c8d23532-0629-40d8-a3bd-00891e4c5dc2_MasterBedroom-6069,train
c9297532-14a7-4736-a0f4-1f14a527e93d_LivingRoom-14036,train
c992fea1-7f87-4397-aa40-ca8e0e30a936_MasterBedroom-44999,train
c9b3ee78-9e2f-4634-b5fd-b7a0686a511f_Bedroom-1738,train
c9b3ee78-9e2f-4634-b5fd-b7a0686a511f_Bedroom-2336,train
c9e81151-4655-4615-8988-03ad824d5836_MasterBedroom-3124,train
c9f70be8-2021-4fb1-b599-da3b4e184543_LivingDiningRoom-941,train
ca0bdaff-4e3a-4677-a328-cfab693b37c4_Bedroom-1965,train
ca0e30eb-62c0-4b91-8df2-1cf1becf6ef2_MasterBedroom-15911,train
ca0e30eb-62c0-4b91-8df2-1cf1becf6ef2_SecondBedroom-15933,train
caf8c80f-961b-4b3f-991a-e1f9036efaee_SecondBedroom-45973,train
cb7d522c-c582-4d16-a005-1f2e4636453e_Bedroom-5804,train
cb90b8ee-abe2-4e9f-a6ad-33413624cf82_SecondBedroom-13795,val
cbe422ce-66fb-43d8-b546-7ea428c6972b_SecondBedroom-115910,val
cc3d86ff-9dcc-4757-8325-f7d1ac98edc9_LivingRoom-5458,val
cc3db277-1fa7-4e71-9047-f14cc317b0af_Bedroom-12515,val
cc630582-147a-4713-8a41-16912ec0af41_LivingDiningRoom-10201,val
cce1df99-43e2-4870-9e42-6c051513e84d_LivingDiningRoom-25117,val
cd33b4f0-0813-42a9-9f18-d794bef96482_Bedroom-38049,val
cd9ef0ed-362a-40a5-b233-cef072ad22ba_LivingDiningRoom-8243,val
ce51b1c1-72b8-4812-a291-30bf97c07aa1_Bedroom-32206,val
cf503fce-857d-4bc5-afe0-e04a1b088cb0_SecondBedroom-1763082,val
cf94fa93-585e-4b9c-b07e-ba982d22cc79_DiningRoom-14251,val
d03b14a0-31a6-4136-8e7c-d364c7b09955_MasterBedroom-454,val
d0933b3b-ad15-453b-98c7-bd8a781f3a69_SecondBedroom-151547,val
d0992373-c66c-46f5-ab24-90bd58921627_SecondBedroom-58234,val
d107a97a-ee01-413c-8df1-d8be5873b02c_MasterBedroom-31445,val
d1951fba-7ccf-4642-a054-839cbc9ee0c7_MasterBedroom-13694,val
d19b8b80-a9af-477a-bf3f-41cd20cf840b_MasterBedroom-23278,val
d2832564-46fd-4bed-a477-02c848c8a60f_LivingDiningRoom-2959,val
d2832564-46fd-4bed-a477-02c848c8a60f_MasterBedroom-2723,val
d2f4784e-0fdf-43ea-915b-515f11791cf6_SecondBedroom-23886,val
d2f8bb16-f080-4c4d-9de7-b2c3caa5bf87_Bedroom-50869,val
d3224dc6-1fc8-4488-9d28-462eb23e1f09_Bedroom-12094,val
d33d3c64-330a-43c7-ab6f-059d2844d6a0_MasterBedroom-4588,val
d36edde8-b764-467c-aa42-23921dd8407c_MasterBedroom-10297,val
d370c471-53bd-4027-aafb-1e611b97946a_Bedroom-8166,val
d370c471-53bd-4027-aafb-1e611b97946a_DiningRoom-12376,val
d3dbe530-1eac-4374-a97c-93f073071a60_SecondBedroom-4535,val
d457c7cc-1cf6-4380-9cbf-ea8d5dad1f0c_MasterBedroom-28921,val
d48c19cb-6142-4344-aeb6-9ea23eb87ac2_MasterBedroom-32346,val
d4ab07cf-fc3d-4b62-bf91-01525ca31d1e_LivingDiningRoom-11167,val
d4d0237f-a66b-40cf-bf85-56e11cb20602_Bedroom-62330,val
d4d0237f-a66b-40cf-bf85-56e11cb20602_LivingDiningRoom-57947,val
d4d0237f-a66b-40cf-bf85-56e11cb20602_MasterBedroom-169246,val
d4d0237f-a66b-40cf-bf85-56e11cb20602_SecondBedroom-160421,val
d4d465b0-e4fd-40b6-9ead-0a1c3d03036a_MasterBedroom-63341,val
d501c34d-afdf-4caa-aa89-60bb9fc54b9a_Bedroom-17634,val
d50558c4-1ae5-491f-8182-1985dbed7aee_Bedroom-3673,val
d53e93c7-957e-4af2-8b95-98903a45af6a_SecondBedroom-42478,val
d575f48e-3268-4e38-90e0-53f47168c303_MasterBedroom-5292,val
d575f48e-3268-4e38-90e0-53f47168c303_SecondBedroom-9392,val
d581a7da-14ec-4c27-85d7-96908d89a9bd_Bedroom-46918,val
d5e74bf6-6488-481f-8afa-6f5828d7afe8_MasterBedroom-20569,val
d63a99e5-6b3d-4a99-8408-437794a5ea31_LivingRoom-151325,val
d63a99e5-6b3d-4a99-8408-437794a5ea31_MasterBedroom-152647,val
d69d3466-c783-46f4-afc4-9d9bafd1f56e_MasterBedroom-76653,val
d6a8a0b4-7468-44bb-8268-7db948055a4b_SecondBedroom-26049,val
d6b6b169-12d7-4a33-8407-7bed5d1d4a05_MasterBedroom-2895,val
d6cfb01e-6757-48ab-9112-66c3c4454a9d_SecondBedroom-10884,val
d6fcec54-1bec-4f8a-b945-8f6fd33d1e6b_Bedroom-11362,val
d7499538-b770-47e6-ab24-9b78007f6384_MasterBedroom-12441,val
d75c40a6-0d21-409e-bdba-6202979cd490_SecondBedroom-1251,val
d768fc85-328c-402b-a61b-ce8c2a529303_MasterBedroom-50333,val
d7ac1af8-ec79-41f5-985e-c89109b03fb7_LivingRoom-27545,val
d7ba426a-60d6-4090-abfc-c6ff6d711544_Bedroom-25411,val
d7ce6c7f-3e4b-44d6-ae3f-7b3e27d6a493_SecondBedroom-81865,val
d7ceb50f-a367-4c65-b961-71a77ef1967d_LivingDiningRoom-16634,val
d7f58cb3-294b-4406-8220-be5438da8611_SecondBedroom-20838,val
d814978b-2875-4835-9341-011d9cfdf166_Bedroom-5668,val
d81e0b1f-c11e-4a88-974f-4c570fb22a20_Bedroom-24179,val
d86cc127-c307-40fa-b4c5-620f57b3e004_MasterBedroom-24915,val
d86f03dc-7900-486d-97f2-4eba7f7f41cd_SecondBedroom-32832,val
d8907ea3-971a-4185-b7be-fea64b47a60f_Bedroom-3801,val
d89ec3f0-de4b-4aec-b6f2-85c5741f636d_MasterBedroom-21186,val
d9853b19-5834-49f5-8f78-9975aa5f5575_MasterBedroom-11504,val
d9853b19-5834-49f5-8f78-9975aa5f5575_SecondBedroom-17521,val
d9eb740a-ef9b-41f5-8fe9-09200a8702d4_Bedroom-9700,val
d9eb740a-ef9b-41f5-8fe9-09200a8702d4_DiningRoom-9753,val
d9f72fce-30b2-42ab-83a9-8bbab2087230_LivingDiningRoom-3127,val
d9f80253-8c05-4c78-9464-230008591d38_Bedroom-18317,val
d9f80253-8c05-4c78-9464-230008591d38_SecondBedroom-15519,val
dad0b720-0403-420a-97cf-a92ba509dff4_MasterBedroom-44763,val
db113afa-d8c6-499e-b70c-08ce94e05071_Bedroom-24059,val
db542eec-5a55-4f04-98cf-435531932c39_LivingDiningRoom-21391,val
db5a99c8-100b-415e-abe0-bb9dbf261972_SecondBedroom-24115,val
db70885c-e977-4fac-ada7-7b4915235361_MasterBedroom-2464,val
dba186ea-8a71-47c2-a88f-5c2ad23b7a7d_Bedroom-3456,val
dbdf84ea-3a94-4c7b-b0bc-f6ca6fd2a62a_SecondBedroom-16837,val
dbf53bb3-199d-49e9-9840-70ff939e7bc7_MasterBedroom-2137,val
dc3a82da-ec0d-476d-a581-5c25c6952eb5_Bedroom-8821,val
dc53f093-fca0-495b-a659-fd77cd6292a5_MasterBedroom-36749,val
dc80719c-65f0-4662-a25c-ce747612ed07_MasterBedroom-18517,val
dc8a8a1f-ea65-445b-9c5f-000d9bb20269_MasterBedroom-50875,val
dce67d70-f3ce-4696-b473-589b1a66f880_MasterBedroom-32667,val
dd428ba2-c3df-4f72-8c78-677993205d64_MasterBedroom-14208,val
dd7856a2-52c4-4b27-bd7c-7ba5df36d181_Bedroom-1898,val
dd7856a2-52c4-4b27-bd7c-7ba5df36d181_LivingRoom-1255,val
ddc26e88-622e-49de-a9b4-d5527d23ce3e_MasterBedroom-43021,val
de1183f7-1d62-47c9-8f58-fbedc416bf44_Bedroom-34409,val
de7bbe9b-703e-4a0a-af91-01bbd3fa623e_Bedroom-15206,val
de7bbe9b-703e-4a0a-af91-01bbd3fa623e_Bedroom-15247,val
dea141ae-047d-482c-8838-2c3c0c7d80c1_Bedroom-65,val
dea8e07c-6c70-434c-89d8-7c1b718bf171_DiningRoom-27853,val
deaa4ac0-8d13-423f-930f-78fb25825e8d_Bedroom-5073,val
dee82180-497b-489f-8554-cb27be17300f_DiningRoom-46322,val
deeab9a9-dc28-4fff-a2b0-6e4eec1b60dc_MasterBedroom-11650,val
deebcfd8-9f7e-49be-8c50-2edb11abb8d9_LivingRoom-26286,val
df09aaac-b71a-4703-b617-8cd51b421ce5_SecondBedroom-32261,val
df0e6d6c-5251-43ab-8334-e67e11ffc697_MasterBedroom-156311,val
df0e6d6c-5251-43ab-8334-e67e11ffc697_SecondBedroom-155750,val
df17ede9-742d-4283-b77e-8482e260c71e_Bedroom-15473,val
df17ede9-742d-4283-b77e-8482e260c71e_LivingDiningRoom-15419,val
df2c4d5d-b540-4995-8dcd-280638bfef47_SecondBedroom-6830,val
df5730b4-3000-496b-869c-0fb8d4853f55_Bedroom-52368,val
df5f6372-1d1d-4884-a9f0-c8c33595daaf_SecondBedroom-5207,val
df69e2a1-9ca8-4512-9410-b848e91da0d8_MasterBedroom-1008,val
df95b56a-7256-4db7-a07a-fcd45f7c7129_SecondBedroom-9241,val
dfa26e59-2108-4ad6-93ef-32f4844b56d8_SecondBedroom-6793,val
e038f7d3-4503-402a-8fb1-9165f34a69bb_Bedroom-780,val
e044737e-5769-46b2-a8da-84b5df66d770_LivingDiningRoom-8871,val
e044737e-5769-46b2-a8da-84b5df66d770_MasterBedroom-8906,val
e086c12f-2d1f-47f5-9676-74a53179f7e2_Bedroom-82273,val
e0e8453a-618c-4c12-9d67-0967d1a2adbe_Bedroom-466,val
e0f35822-09d8-453c-bf87-55f85387ad17_MasterBedroom-116808,val
e120bc58-b9de-4d01-8d3c-3ef645ff025f_MasterBedroom-3995,val
e1bfc1be-b96b-43a3-9485-01a1ff78d9da_MasterBedroom-34912,val
e1f97282-7ce0-4eb3-86ab-448eb00db818_MasterBedroom-13487,val
e22025ac-49ae-4e4b-907d-99f7053e98fd_SecondBedroom-16113,val
e22025ac-49ae-4e4b-907d-99f7053e98fd_SecondBedroom-22933,val
e225acaf-a4f0-4b23-9702-094ac7294de9_SecondBedroom-8603,test
e22c70fa-8427-4337-bf22-23496bd5a0a4_MasterBedroom-11557,test
e2ca3b88-0619-4841-81f7-6dd37d684149_Bedroom-34030,test
e3386b37-d80e-4431-ad84-df700fd4b2ff_MasterBedroom-45642,test
e35cbb00-27a3-442b-8cf6-bf8651e54db1_LivingRoom-4960,test
e37ef24d-fe80-40e7-a744-51122067af5a_Bedroom-7518,test
e3a673e8-9ac7-4e41-831a-24888f0b85ca_LivingRoom-1259,test
e41ed17d-c021-4a43-b71a-d99872106260_LivingRoom-5149,test
e44ef7e0-ff39-4430-9f37-15cec7c72ea1_MasterBedroom-365,test
e49a3f2c-c856-468b-a7fb-0584f5aa91e8_Bedroom-210267,test
e4c63506-0538-4f51-8fcd-e191efee273b_DiningRoom-13317,test
e4d49144-ac70-482d-ac0a-607f68160dca_MasterBedroom-15019,test
e503e126-bd11-4e31-9b61-aa6816d22630_DiningRoom-19938,test
e5116cc9-0c46-4d8a-ab2e-953d8b84e404_Bedroom-17410,test
e51180c9-2e30-400e-86c2-957f044e13c1_MasterBedroom-9748,test
e517ea91-4a71-4a23-a05b-7d325acd0541_DiningRoom-41611,test
e5203f49-b5f8-49c0-b07c-775eaafbce33_SecondBedroom-14075,test
e59618e8-5343-4f81-9906-360b10d2f935_LivingRoom-539,test
e5afb85b-f9b0-48dc-9fa6-cdd46d3193b6_SecondBedroom-30334,test
e5c7cabf-6a21-4575-b2bf-e9fe187eb6f9_MasterBedroom-16132,test
e5f5c020-50fd-4deb-83ca-ad91542fd9c2_MasterBedroom-11697,test
e6534ac2-3e67-4cb1-8776-f1b5ae914105_SecondBedroom-5427,test
e68e32cc-4817-4f5b-9faa-01f48e210839_MasterBedroom-39086,test
e6c6bd9a-9db2-43cd-aef8-486948914a90_MasterBedroom-40514,test
e75b15c9-b89c-482b-8d0c-14b1b951fd08_SecondBedroom-1541,test
e7c265f5-5542-459e-8df6-d7d7f65cdff5_MasterBedroom-245,test
e7fed67a-ded2-424e-93fd-c64e5a35ae8b_Bedroom-21984,test
e876d240-71f0-4ac0-abcc-6205a5247c38_SecondBedroom-28761,test
e8f14d6c-c37d-4ad2-9cf9-cdd57cdfe2b1_Bedroom-17102,test
e8f2696c-3f35-4c36-b414-5127c639c31b_Bedroom-65398,test
e9c4facf-557a-4002-8d8f-acce694871c2_Bedroom-98585,test
ea74c6b6-9d8b-46bb-bea4-b08ecce7e2a7_MasterBedroom-2243,test
eadbefb4-5962-4aea-838c-15591fa851c3_MasterBedroom-26128,test
eb169c9a-318d-42b2-b629-bbacea5c2e55_MasterBedroom-32334,test
eb25553f-fc01-4dc0-b53b-fdc991d1abdd_MasterBedroom-32109,test
eb41d9bd-e372-479c-9dc9-ea9f738bf9c4_MasterBedroom-28978,test
eb8a0928-94bb-4434-bf48-07f311399345_Bedroom-311972,test
ebd41253-638e-4273-80b7-971625b5144a_SecondBedroom-32722,test
ebead38b-ebb9-4569-a92f-f71668596b7c_SecondBedroom-9370,test
ebef71f6-da6e-4b58-ae51-40797ed0114b_MasterBedroom-203,test
ebef8637-55d8-48d2-bc27-e880c51f36e8_MasterBedroom-3260,test
ec766bba-cbde-473f-9983-c5bb1f3e932d_SecondBedroom-1052,test
ecc2066b-925b-4fa3-8734-e811352a45f5_Bedroom-115907,test
ed3b3a65-f3b1-47d8-9310-593f30c66bc8_MasterBedroom-39087,test
edd66ac7-760e-45b2-aeeb-0036f683fef8_MasterBedroom-59131,test
ede1bcab-2298-4756-b03a-690d5cf8dfe5_Bedroom-10952,test
ee165625-1a56-41fa-b145-232f235a4257_LivingDiningRoom-1028,test
ee165625-1a56-41fa-b145-232f235a4257_MasterBedroom-2433,test
ee1efacd-d7a1-48c9-bc7e-808187b95022_Bedroom-871,test
eeb71e43-2988-439e-867e-cb143cb3988a_Bedroom-3153,test
ef0613b7-4461-461b-96c6-cb140f7a2f2a_Bedroom-16717,test
ef17e0e8-f83d-466e-9a2c-096d97599757_DiningRoom-233,test
ef17e0e8-f83d-466e-9a2c-096d97599757_MasterBedroom-1446,test
ef49fbf5-040b-48d1-9370-e6d496b8d1d0_SecondBedroom-7697,test
ef9e8fac-ec60-453d-83a0-d286699a1f1a_Bedroom-6995,test
eff72f0f-049a-47b3-8685-b1b6af535435_Bedroom-17592,test
f01d52ec-ff3e-4157-b0bc-9c29e849f03c_Bedroom-23192,test
f01e1a67-a4cb-4a75-b37d-c473c47319a9_Bedroom-74104,test
f086151e-64f0-4fad-b373-22c20dfc2fce_Bedroom-4751,test
f086151e-64f0-4fad-b373-22c20dfc2fce_MasterBedroom-5478,test
f093d7c7-6f8a-4929-b88a-2d0cb8f0ddbc_MasterBedroom-39274,test
f0a56d5a-bbd4-44e4-823f-e3f19e25ed43_MasterBedroom-20448,test
f0bf6457-59d0-4a44-88f6-152ead9dd17d_LivingDiningRoom-26288,test
f16b70be-bcb5-4845-8b84-82b2e5b9b3cc_MasterBedroom-2768,test
f19be8c6-be96-43dd-ab1a-c409aa126621_MasterBedroom-9574,test
f1e45de4-64ae-4d44-9662-937c1b1e9b73_SecondBedroom-13995,test
f242015d-0a67-4ac7-a5ad-30199df3e02c_MasterBedroom-23674,test
f2773a3a-b8fb-4b98-8d6a-be6de57103ee_MasterBedroom-13482,test
f2773a3a-b8fb-4b98-8d6a-be6de57103ee_SecondBedroom-13466,test
f29cea89-70ae-49d7-8d1f-b7c1e7cada53_SecondBedroom-24256,test
f31a5ee6-2ba4-4af7-a286-77887385a068_Bedroom-2604,test
f32ae7af-2144-411e-b8f4-d83da5a4f44a_Bedroom-24375,test
f3777947-bb99-4cca-b0e7-9992c971ad87_Bedroom-10003,test
f389cf45-34e6-48bb-8f32-46210e8e72a5_MasterBedroom-1458,test
f419f189-23f4-42f6-89c1-838f09191f87_MasterBedroom-26413,test
f43f6f88-1a91-4732-8924-a5d5a9fccadd_MasterBedroom-45245,test
f43f6f88-1a91-4732-8924-a5d5a9fccadd_SecondBedroom-40528,test
f4491796-1b49-474b-a246-5be7f2d65d99_MasterBedroom-15017,test
f50a3dc4-2f5c-4edd-908a-8e0bcc6ef672_DiningRoom-36032,test
f5696e0a-1c20-489d-8eb8-b47d856970ce_MasterBedroom-950,test
f5ccc1c6-130b-465e-a4da-440c06d64107_SecondBedroom-25993,test
f65431c6-3731-45bf-b10e-e3b1a37a87b6_SecondBedroom-14021,test
f6a13d34-e838-40c9-967c-282083e1c603_SecondBedroom-898,test
f76662cd-344f-46ee-be95-3f2d0cfb7249_SecondBedroom-14804,test
f79dd946-de59-4b27-8e89-ea5b2303ee67_LivingDiningRoom-16289,test
f7a3bd11-edb2-41ee-b15c-79730eba86b1_MasterBedroom-12183,test
f807cca3-8e6b-4f4f-8823-30c5a3247ed1_Bedroom-302,test
f8339d99-447d-4c64-a830-8a896194edee_MasterBedroom-12131,test
f8d1f7d8-8270-4a12-9b21-785332cd542a_SecondBedroom-9587,test
f8ee1c9b-799e-4137-80ea-b9a5c240d988_MasterBedroom-4930,test
f9f68e7b-7679-43df-87b9-8677dedb2845_Bedroom-20650,test
fa56e1b0-7c26-4a09-a8f4-6e3f226fc131_LivingDiningRoom-41538,test
fb1f8f5e-ab2c-4752-b5d8-6ee6189bd6ba_Bedroom-1213,test
fb1f8f5e-ab2c-4752-b5d8-6ee6189bd6ba_MasterBedroom-1468,test
fb90b296-f1cd-4741-a3a1-c626dabc6e68_LivingRoom-37631,test
fba13a0d-62f5-4ff8-914b-064b823d5882_Bedroom-12119,test
fba48f02-1ffc-4328-b877-e53c3716ec18_MasterBedroom-29774,test
fbb5e9c8-a731-4c49-9a11-176820219861_SecondBedroom-25080,test
fbef7a6c-6526-42da-b2c1-209ce8e3908c_SecondBedroom-5877,test
fc2f0a6b-1a5a-40e0-b88d-47e82a30aec7_Bedroom-5564,test
fc8c70a8-34ee-41d7-b54f-022c75d117e0_MasterBedroom-1843,test
fc9c89c7-c736-42ca-bda0-21c253e76b3a_Bedroom-49471,test
fce9aca0-ed23-4c5e-88e9-0b8782e63339_MasterBedroom-17480,test
fd0f6fb9-85c7-4524-abf6-4bf928bf92c1_LivingDiningRoom-241089,test
fd956aea-c66d-4771-9cb3-9247f5da110c_SecondBedroom-71861,test
fd9984b0-5f43-40b7-861b-f2cbee90326a_Bedroom-9293,test
fda72039-c926-4c5a-9c51-627a0ab5d3ca_LivingDiningRoom-2328,test
fde0fdcc-7a6a-4e8f-a1bd-ff10cbb09b29_Bedroom-55017,test
fde0fdcc-7a6a-4e8f-a1bd-ff10cbb09b29_LivingDiningRoom-61187,test
fe1c870e-fd97-4d8c-b0ef-ab646c06e3cc_MasterBedroom-13878,test
fe34c57e-fdaa-4d29-85ac-a580bdafd66a_SecondBedroom-22085,test
fe3731be-633d-487d-a502-63a3c0ebfbc7_LivingDiningRoom-1985,test
fe49d5e3-8a9e-4e22-ab9a-414b2553a561_Bedroom-1155,test
fe6dd857-df5a-4dbd-8121-e22d1c321455_Bedroom-164,test
ff08fb34-a3a4-495d-955b-a621cac7cba8_MasterBedroom-441,test
ff507d6c-aab0-476e-9f58-1f765cb8956e_Bedroom-13858,test
ff7b42d9-0e58-4847-8d47-f793a11cd3bd_MasterBedroom-83934,test
ff92de73-ae8f-4ea1-a936-40cbf888f6b4_SecondBedroom-1116,test
ffb067ad-cf9a-4321-82ae-4e684c59ea3e_DiningRoom-9450,test
