LivingDiningRoom-14508,train
DiningRoom-16460,train
LivingDiningRoom-103650,train
LivingDiningRoom-77748,train
DiningRoom-5313,train
DiningRoom-26811,train
LivingDiningRoom-34678,train
LivingDiningRoom-144857,train
LivingDiningRoom-23314,train
LivingDiningRoom-1900,train
LivingDiningRoom-8843,train
LivingDiningRoom-11606,train
LivingDiningRoom-8271,train
LivingDiningRoom-137481,train
LivingDiningRoom-1520,train
LivingDiningRoom-22470,train
LivingDiningRoom-19931,train
LivingDiningRoom-126850,train
LivingDiningRoom-23971,train
DiningRoom-135699,train
LivingDiningRoom-13594,train
LivingDiningRoom-54190,train
DiningRoom-168152,train
LivingDiningRoom-4027,train
DiningRoom-10547,train
DiningRoom-20627,train
LivingDiningRoom-968,train
DiningRoom-5417,train
LivingDiningRoom-52730,train
LivingDiningRoom-118815,train
DiningRoom-114621,train
LivingDiningRoom-20425,train
DiningRoom-31660,train
DiningRoom-39386,train
LivingDiningRoom-648,train
DiningRoom-32563,train
DiningRoom-375,train
LivingDiningRoom-17558,train
LivingDiningRoom-2620,train
LivingDiningRoom-101134,train
LivingDiningRoom-26069,train
LivingDiningRoom-1201,train
LivingDiningRoom-7862,train
LivingDiningRoom-17088,train
DiningRoom-17793,train
LivingDiningRoom-1344,train
LivingDiningRoom-6403,train
LivingDiningRoom-476,train
LivingDiningRoom-2872,train
DiningRoom-17932,train
DiningRoom-690,train
LivingDiningRoom-54997,train
LivingDiningRoom-86,train
DiningRoom-2432,train
DiningRoom-2157,train
LivingDiningRoom-14571,train
DiningRoom-35823,train
DiningRoom-9557,train
DiningRoom-69458,train
DiningRoom-4330,train
LivingDiningRoom-4154,train
DiningRoom-100009,train
DiningRoom-14238,train
LivingDiningRoom-25741,train
LivingDiningRoom-17672,train
LivingDiningRoom-2077,train
LivingDiningRoom-14337,train
LivingDiningRoom-109935,train
LivingDiningRoom-7249,train
LivingDiningRoom-8968,train
LivingDiningRoom-7050,train
LivingDiningRoom-42284,train
LivingDiningRoom-6884,train
LivingDiningRoom-67883,train
DiningRoom-46638,train
LivingDiningRoom-32392,train
LivingDiningRoom-136982,train
DiningRoom-41675,train
LivingDiningRoom-57979,train
LivingDiningRoom-8095,train
LivingDiningRoom-43067,train
LivingDiningRoom-15322,train
LivingDiningRoom-13703,train
LivingDiningRoom-17385,train
DiningRoom-11336,train
LivingDiningRoom-2122,train
LivingDiningRoom-277579,train
LivingDiningRoom-1431,train
LivingDiningRoom-226690,train
LivingDiningRoom-13620,train
LivingDiningRoom-26811,train
LivingDiningRoom-35401,train
LivingDiningRoom-12225,train
DiningRoom-13592,train
LivingDiningRoom-70212,train
LivingDiningRoom-49733,train
LivingDiningRoom-60564,train
DiningRoom-131888,train
LivingDiningRoom-6485,train
LivingDiningRoom-19374,train
DiningRoom-2713,train
LivingDiningRoom-74225,train
LivingDiningRoom-10610,train
LivingDiningRoom-14386,train
DiningRoom-27196,train
DiningRoom-5413,train
LivingDiningRoom-21727,train
LivingDiningRoom-514,train
DiningRoom-70702,train
LivingDiningRoom-22096,train
LivingDiningRoom-15929,train
LivingDiningRoom-70369,train
LivingDiningRoom-19103,train
LivingDiningRoom-23833,train
LivingDiningRoom-13555,train
LivingDiningRoom-241089,train
LivingDiningRoom-5339,train
LivingDiningRoom-381,train
LivingDiningRoom-5774,train
LivingDiningRoom-14618,train
LivingDiningRoom-18581,train
DiningRoom-11640,train
LivingDiningRoom-5117,train
LivingDiningRoom-837,train
DiningRoom-154097,train
LivingDiningRoom-38341,train
LivingDiningRoom-9942,train
LivingDiningRoom-1921,train
DiningRoom-12178,train
LivingDiningRoom-43974,train
DiningRoom-233,train
LivingDiningRoom-11539,train
LivingDiningRoom-48663,train
LivingDiningRoom-12577,train
LivingDiningRoom-9939,train
LivingDiningRoom-10681,train
LivingDiningRoom-334,train
LivingDiningRoom-28046,train
LivingDiningRoom-13451,train
DiningRoom-69515,train
DiningRoom-43780,train
LivingDiningRoom-758,train
DiningRoom-78525,train
LivingDiningRoom-66938,train
LivingDiningRoom-11695,train
LivingDiningRoom-35947,train
DiningRoom-10559,train
DiningRoom-21509,train
DiningRoom-23106,train
LivingDiningRoom-18089,train
LivingDiningRoom-176519,train
DiningRoom-9206,train
LivingDiningRoom-6807,train
LivingDiningRoom-29227,train
LivingDiningRoom-27416,train
DiningRoom-116178,train
LivingDiningRoom-74769,train
LivingDiningRoom-88963,train
LivingDiningRoom-9621,train
LivingDiningRoom-7812,train
DiningRoom-22308,train
LivingDiningRoom-20518,train
LivingDiningRoom-11122,train
DiningRoom-12832,train
LivingDiningRoom-112491,train
LivingDiningRoom-11917,train
LivingDiningRoom-17107,train
LivingDiningRoom-8122,train
LivingDiningRoom-25714,train
LivingDiningRoom-78953,train
LivingDiningRoom-79295,train
DiningRoom-6877,train
LivingDiningRoom-76396,train
LivingDiningRoom-1287,train
LivingDiningRoom-1307,train
LivingDiningRoom-9992,train
LivingDiningRoom-34404,train
LivingDiningRoom-17104,train
DiningRoom-7959,train
DiningRoom-10922,train
LivingDiningRoom-22011,train
LivingDiningRoom-527,train
DiningRoom-3929,train
LivingDiningRoom-11325,train
LivingDiningRoom-3047,train
LivingDiningRoom-7124,train
LivingDiningRoom-5131,train
DiningRoom-71949,train
LivingDiningRoom-107,train
LivingDiningRoom-32393,train
DiningRoom-31322,train
LivingDiningRoom-1592,train
LivingDiningRoom-152170,train
DiningRoom-9982,train
DiningRoom-13034,train
LivingDiningRoom-21832,train
DiningRoom-7122,train
DiningRoom-150053,train
DiningRoom-67006,train
LivingDiningRoom-941,train
LivingDiningRoom-997,train
LivingDiningRoom-23413,train
DiningRoom-60525,train
LivingDiningRoom-14482,train
LivingDiningRoom-270,train
DiningRoom-3024,train
DiningRoom-19325,train
LivingDiningRoom-113137,train
LivingDiningRoom-1320,train
LivingDiningRoom-74331,train
LivingDiningRoom-51556,train
LivingDiningRoom-60607,train
LivingDiningRoom-3354,train
LivingDiningRoom-35067,train
LivingDiningRoom-10913,train
LivingDiningRoom-16798,train
LivingDiningRoom-32204,train
LivingDiningRoom-5402,train
LivingDiningRoom-3999,train
DiningRoom-39011,train
LivingDiningRoom-56789,train
DiningRoom-9753,train
DiningRoom-41976,train
LivingDiningRoom-29614,train
LivingDiningRoom-15128,train
LivingDiningRoom-2328,train
LivingDiningRoom-74474,train
LivingDiningRoom-37289,train
LivingDiningRoom-5082,train
DiningRoom-6579,train
LivingDiningRoom-2575,train
DiningRoom-8661,train
LivingDiningRoom-8452,train
LivingDiningRoom-22877,train
LivingDiningRoom-98328,train
LivingDiningRoom-17356,train
LivingDiningRoom-17826,train
DiningRoom-12423,train
LivingDiningRoom-35029,train
LivingDiningRoom-17657,train
LivingDiningRoom-4241,train
LivingDiningRoom-106046,train
LivingDiningRoom-15211,train
LivingDiningRoom-554,train
DiningRoom-25528,train
LivingDiningRoom-2891,train
LivingDiningRoom-64,train
LivingDiningRoom-7707,train
LivingDiningRoom-27589,train
LivingDiningRoom-9462,train
LivingDiningRoom-3674,train
DiningRoom-40734,train
LivingDiningRoom-124277,train
LivingDiningRoom-18273,train
LivingDiningRoom-84890,train
LivingDiningRoom-77544,train
LivingDiningRoom-108722,train
DiningRoom-14211,train
LivingDiningRoom-14873,train
LivingDiningRoom-1037,train
LivingDiningRoom-30127,train
LivingDiningRoom-9763,train
DiningRoom-30756,train
DiningRoom-18090,train
DiningRoom-22384,train
LivingDiningRoom-9340,train
DiningRoom-11628,train
DiningRoom-5636,train
LivingDiningRoom-56654,train
LivingDiningRoom-8120,train
LivingDiningRoom-12211,train
LivingDiningRoom-42072,train
LivingDiningRoom-71691,train
LivingDiningRoom-113,train
LivingDiningRoom-3395,train
DiningRoom-12376,train
DiningRoom-15454,train
LivingDiningRoom-16289,train
LivingDiningRoom-11333,train
LivingDiningRoom-9479,train
DiningRoom-68994,train
LivingDiningRoom-61187,train
LivingDiningRoom-134680,train
DiningRoom-38885,train
DiningRoom-27933,train
LivingDiningRoom-1984,train
DiningRoom-41637,train
LivingDiningRoom-9746,train
DiningRoom-3017,train
LivingDiningRoom-3471,train
LivingDiningRoom-6079,train
DiningRoom-98809,train
LivingDiningRoom-174,train
LivingDiningRoom-1419,train
DiningRoom-13317,train
LivingDiningRoom-9828,train
DiningRoom-24191,train
DiningRoom-6513,train
LivingDiningRoom-9995,train
LivingDiningRoom-26193,train
LivingDiningRoom-569,train
DiningRoom-77348,train
LivingDiningRoom-15790,train
LivingDiningRoom-18047,train
LivingDiningRoom-61800,train
DiningRoom-2101,train
DiningRoom-11789,train
LivingDiningRoom-5733,train
LivingDiningRoom-93491,train
LivingDiningRoom-1446,train
LivingDiningRoom-326,train
LivingDiningRoom-10339,train
LivingDiningRoom-10921,train
DiningRoom-4628,train
LivingDiningRoom-21042,train
LivingDiningRoom-4247,train
LivingDiningRoom-5381,train
DiningRoom-9584,train
LivingDiningRoom-13776,train
LivingDiningRoom-21808,train
LivingDiningRoom-44356,train
LivingDiningRoom-21823,train
DiningRoom-14251,train
LivingDiningRoom-18908,train
LivingDiningRoom-16427,train
DiningRoom-164,train
LivingDiningRoom-20720,train
LivingDiningRoom-45270,train
DiningRoom-46577,train
LivingDiningRoom-4693,train
LivingDiningRoom-16828,train
LivingDiningRoom-19698,train
DiningRoom-15848,train
DiningRoom-15480,train
DiningRoom-20548,train
LivingDiningRoom-6109,train
DiningRoom-11145,train
LivingDiningRoom-15465,train
DiningRoom-15022,train
DiningRoom-33907,train
LivingDiningRoom-1625,train
LivingDiningRoom-1654,train
LivingDiningRoom-37551,train
LivingDiningRoom-10768,train
LivingDiningRoom-109572,train
LivingDiningRoom-192367,train
LivingDiningRoom-3181,train
DiningRoom-34036,train
LivingDiningRoom-7057,train
DiningRoom-259036,train
LivingDiningRoom-2241,train
LivingDiningRoom-22101,train
LivingDiningRoom-25360,train
LivingDiningRoom-13623,train
LivingDiningRoom-2973,train
DiningRoom-17147,train
LivingDiningRoom-544,train
DiningRoom-15882,train
LivingDiningRoom-1048,train
LivingDiningRoom-41202,train
DiningRoom-19847,train
LivingDiningRoom-2152,train
DiningRoom-43067,train
LivingDiningRoom-57605,train
LivingDiningRoom-3542,train
LivingDiningRoom-880,train
LivingDiningRoom-3376,train
LivingDiningRoom-2166,train
LivingDiningRoom-12191,train
DiningRoom-55362,train
LivingDiningRoom-2447,train
LivingDiningRoom-77047,train
LivingDiningRoom-69704,train
DiningRoom-2180,train
LivingDiningRoom-11910,train
DiningRoom-12574,train
LivingDiningRoom-34640,train
LivingDiningRoom-1334,train
LivingDiningRoom-8304,train
LivingDiningRoom-21284,train
LivingDiningRoom-6844,train
DiningRoom-3653,train
LivingDiningRoom-15208,train
LivingDiningRoom-36481,train
DiningRoom-6376,train
LivingDiningRoom-114634,train
DiningRoom-21124,train
LivingDiningRoom-15199,train
LivingDiningRoom-57414,train
LivingDiningRoom-19270,train
LivingDiningRoom-37641,train
DiningRoom-39646,train
LivingDiningRoom-16072,train
DiningRoom-6151,train
LivingDiningRoom-13061,train
LivingDiningRoom-279,train
LivingDiningRoom-11292,train
LivingDiningRoom-58272,train
DiningRoom-8345,train
LivingDiningRoom-37405,train
LivingDiningRoom-1447,train
LivingDiningRoom-5405,train
LivingDiningRoom-13860,train
LivingDiningRoom-1711,train
LivingDiningRoom-48055,train
DiningRoom-22307,train
LivingDiningRoom-36077,train
LivingDiningRoom-6155,train
LivingDiningRoom-46747,train
DiningRoom-4026,train
DiningRoom-31702,train
LivingDiningRoom-8049,train
LivingDiningRoom-201,train
LivingDiningRoom-9159,train
DiningRoom-2817,train
LivingDiningRoom-32255,train
LivingDiningRoom-12109,train
DiningRoom-31843,train
LivingDiningRoom-13047,train
LivingDiningRoom-3480,train
LivingDiningRoom-535,train
DiningRoom-15222,train
DiningRoom-96608,train
LivingDiningRoom-2439,train
LivingDiningRoom-7999,train
DiningRoom-11103,train
LivingDiningRoom-75271,train
LivingDiningRoom-2959,train
LivingDiningRoom-838,train
LivingDiningRoom-48528,train
LivingDiningRoom-7298,train
DiningRoom-4028,train
LivingDiningRoom-8718,train
LivingDiningRoom-2508,train
LivingDiningRoom-60592,train
LivingDiningRoom-7096,train
LivingDiningRoom-10723,train
LivingDiningRoom-1050,train
LivingDiningRoom-268,train
LivingDiningRoom-6746,train
LivingDiningRoom-6060,train
DiningRoom-42346,train
LivingDiningRoom-10711,train
LivingDiningRoom-71738,train
DiningRoom-28390,train
LivingDiningRoom-4122,train
LivingDiningRoom-563,train
DiningRoom-16563,train
LivingDiningRoom-6936,train
LivingDiningRoom-8006,train
DiningRoom-8121,train
DiningRoom-12246,train
LivingDiningRoom-5217,train
LivingDiningRoom-426,train
DiningRoom-71750,train
LivingDiningRoom-8871,train
LivingDiningRoom-15114,train
DiningRoom-69111,train
LivingDiningRoom-582,train
LivingDiningRoom-11510,train
LivingDiningRoom-3061,train
DiningRoom-19388,train
DiningRoom-275181,train
DiningRoom-12276,train
DiningRoom-3539,train
LivingDiningRoom-5684,train
LivingDiningRoom-45329,train
LivingDiningRoom-7994,train
DiningRoom-118281,train
LivingDiningRoom-72618,train
DiningRoom-242139,train
LivingDiningRoom-18022,train
LivingDiningRoom-108064,train
LivingDiningRoom-21803,train
DiningRoom-22339,train
LivingDiningRoom-20428,train
LivingDiningRoom-25199,train
LivingDiningRoom-1985,train
LivingDiningRoom-6087,train
LivingDiningRoom-23474,train
DiningRoom-18332,train
DiningRoom-55572,train
DiningRoom-69757,train
LivingDiningRoom-139436,train
LivingDiningRoom-114074,train
LivingDiningRoom-44684,train
LivingDiningRoom-8358,train
DiningRoom-17262,train
LivingDiningRoom-15529,train
DiningRoom-47598,train
LivingDiningRoom-14966,train
LivingDiningRoom-10068,train
LivingDiningRoom-35492,train
LivingDiningRoom-27857,train
LivingDiningRoom-65030,train
LivingDiningRoom-698,train
DiningRoom-33429,train
LivingDiningRoom-37746,train
LivingDiningRoom-2954,train
LivingDiningRoom-751,train
DiningRoom-15369,train
LivingDiningRoom-63349,train
LivingDiningRoom-460,train
LivingDiningRoom-13259,train
LivingDiningRoom-24470,train
LivingDiningRoom-2476,train
LivingDiningRoom-13072,train
DiningRoom-16187,train
DiningRoom-2644,train
LivingDiningRoom-4696,train
LivingDiningRoom-15610,train
LivingDiningRoom-3328,train
LivingDiningRoom-11771,train
DiningRoom-20935,train
DiningRoom-130,train
DiningRoom-4528,train
DiningRoom-15868,train
LivingDiningRoom-3811,train
DiningRoom-5361,train
LivingDiningRoom-814,train
DiningRoom-1814,train
LivingDiningRoom-1524,train
LivingDiningRoom-1768,train
DiningRoom-3460,train
LivingDiningRoom-163914,train
LivingDiningRoom-70961,train
LivingDiningRoom-14848,train
LivingDiningRoom-20064,train
LivingDiningRoom-12009,train
DiningRoom-3185,train
LivingDiningRoom-1898,train
LivingDiningRoom-3349,train
LivingDiningRoom-74612,train
LivingDiningRoom-1994,train
DiningRoom-2519,train
LivingDiningRoom-9101,train
LivingDiningRoom-15409,train
LivingDiningRoom-2999,train
DiningRoom-22829,train
DiningRoom-25949,train
DiningRoom-6919,train
LivingDiningRoom-70142,train
LivingDiningRoom-11167,train
LivingDiningRoom-2258,train
DiningRoom-11161,train
LivingDiningRoom-16314,train
DiningRoom-107223,train
LivingDiningRoom-5218,train
LivingDiningRoom-11815,train
LivingDiningRoom-19646,train
LivingDiningRoom-10026,train
LivingDiningRoom-17836,train
LivingDiningRoom-4682,train
DiningRoom-442,train
DiningRoom-675761,train
LivingDiningRoom-4827,train
DiningRoom-27660,train
LivingDiningRoom-98003,train
LivingDiningRoom-13186,train
DiningRoom-31759,train
DiningRoom-21611,train
LivingDiningRoom-33482,train
DiningRoom-26076,train
DiningRoom-75475,train
LivingDiningRoom-13439,train
DiningRoom-77736,train
LivingDiningRoom-40391,train
LivingDiningRoom-79595,train
DiningRoom-32107,train
LivingDiningRoom-7940,train
DiningRoom-20750,train
LivingDiningRoom-1764,train
LivingDiningRoom-1228,train
LivingDiningRoom-21638,train
DiningRoom-2831,train
LivingDiningRoom-9063,train
DiningRoom-41611,train
LivingDiningRoom-2065,train
LivingDiningRoom-23611,train
LivingDiningRoom-15731,train
LivingDiningRoom-734,train
LivingDiningRoom-34204,train
DiningRoom-87276,train
LivingDiningRoom-19784,train
DiningRoom-46322,train
DiningRoom-62423,train
LivingDiningRoom-24540,train
DiningRoom-27853,train
LivingDiningRoom-12564,train
LivingDiningRoom-2663,train
LivingDiningRoom-6989,train
DiningRoom-45089,train
LivingDiningRoom-173006,train
DiningRoom-9630,train
LivingDiningRoom-553,train
LivingDiningRoom-16634,train
LivingDiningRoom-5444,train
DiningRoom-7217,train
LivingDiningRoom-61638,train
LivingDiningRoom-24410,train
DiningRoom-34207,train
LivingDiningRoom-29669,train
DiningRoom-22610,train
LivingDiningRoom-19612,train
DiningRoom-1758,train
DiningRoom-22753,train
DiningRoom-197500,train
LivingDiningRoom-39667,train
DiningRoom-85692,train
LivingDiningRoom-248,train
LivingDiningRoom-40062,train
DiningRoom-2469,train
LivingDiningRoom-86944,train
DiningRoom-10302,train
LivingDiningRoom-21391,train
DiningRoom-118252,train
LivingDiningRoom-13700,train
DiningRoom-19885,train
LivingDiningRoom-53709,train
LivingDiningRoom-8606,train
LivingDiningRoom-6157,train
DiningRoom-16137,train
LivingDiningRoom-12169,train
LivingDiningRoom-24287,train
DiningRoom-33943,train
LivingDiningRoom-142,train
LivingDiningRoom-31520,train
LivingDiningRoom-233,train
LivingDiningRoom-768,train
LivingDiningRoom-27164,train
DiningRoom-71388,train
LivingDiningRoom-33368,train
DiningRoom-6204,train
DiningRoom-17116,train
LivingDiningRoom-39432,train
LivingDiningRoom-56499,train
LivingDiningRoom-8678,train
DiningRoom-18517,train
LivingDiningRoom-25117,train
DiningRoom-10792,train
LivingDiningRoom-10021,train
LivingDiningRoom-4094,train
DiningRoom-11196,train
DiningRoom-71866,train
LivingDiningRoom-59355,train
LivingDiningRoom-22,train
DiningRoom-16306,train
LivingDiningRoom-26885,train
LivingDiningRoom-1128,train
LivingDiningRoom-16369,train
DiningRoom-8044,train
LivingDiningRoom-162404,train
DiningRoom-63838,train
LivingDiningRoom-21234,train
LivingDiningRoom-491,train
LivingDiningRoom-1080,train
LivingDiningRoom-25795,train
LivingDiningRoom-5343,train
DiningRoom-27308,train
DiningRoom-78405,train
LivingDiningRoom-1028,train
LivingDiningRoom-2636,train
LivingDiningRoom-13632,train
LivingDiningRoom-1965,train
LivingDiningRoom-45017,train
LivingDiningRoom-13962,train
LivingDiningRoom-398,train
LivingDiningRoom-77193,train
LivingDiningRoom-2432,train
LivingDiningRoom-31431,train
DiningRoom-15836,train
LivingDiningRoom-9373,train
LivingDiningRoom-5388,train
LivingDiningRoom-19680,train
LivingDiningRoom-3513,train
LivingDiningRoom-12385,train
LivingDiningRoom-11161,train
DiningRoom-12475,train
LivingDiningRoom-9014,train
DiningRoom-13998,train
LivingDiningRoom-17293,train
DiningRoom-2029,train
DiningRoom-50445,train
DiningRoom-663,train
DiningRoom-35087,train
LivingDiningRoom-31700,train
LivingDiningRoom-1679,train
LivingDiningRoom-13989,train
DiningRoom-18481,train
LivingDiningRoom-1354,train
LivingDiningRoom-74263,train
LivingDiningRoom-57707,train
LivingDiningRoom-69519,train
LivingDiningRoom-37001,train
DiningRoom-4027,train
LivingDiningRoom-3209,train
LivingDiningRoom-5987,train
LivingDiningRoom-13177,train
LivingDiningRoom-5614,train
LivingDiningRoom-1123,train
LivingDiningRoom-2583,train
LivingDiningRoom-62241,train
DiningRoom-26150,train
LivingDiningRoom-18809,train
DiningRoom-1436,train
LivingDiningRoom-7674,train
LivingDiningRoom-3831,train
DiningRoom-32785,train
LivingDiningRoom-13912,train
LivingDiningRoom-50487,train
DiningRoom-13915,train
DiningRoom-451,train
LivingDiningRoom-26288,train
DiningRoom-22156,train
LivingDiningRoom-18728,train
DiningRoom-8951,train
LivingDiningRoom-1538,train
LivingDiningRoom-18479,train
LivingDiningRoom-61628,train
LivingDiningRoom-4271,train
DiningRoom-26814,train
LivingDiningRoom-2829,train
LivingDiningRoom-29413,train
DiningRoom-14660,train
DiningRoom-61715,train
LivingDiningRoom-276836,train
LivingDiningRoom-10484,train
LivingDiningRoom-2393,train
LivingDiningRoom-9744,train
LivingDiningRoom-57219,train
DiningRoom-5492,train
LivingDiningRoom-58936,train
DiningRoom-26805,train
LivingDiningRoom-9254,train
DiningRoom-17995,train
DiningRoom-18657,train
LivingDiningRoom-23254,train
DiningRoom-306,train
DiningRoom-29434,train
DiningRoom-9824,train
LivingDiningRoom-1243,train
LivingDiningRoom-91005,train
LivingDiningRoom-2143,train
DiningRoom-53897,train
DiningRoom-13952,train
LivingDiningRoom-6843,val
DiningRoom-9450,val
LivingDiningRoom-8302,val
LivingDiningRoom-209282,val
LivingDiningRoom-2715,val
LivingDiningRoom-118911,val
LivingDiningRoom-44165,val
DiningRoom-2338,val
LivingDiningRoom-41538,val
LivingDiningRoom-37172,val
DiningRoom-699,val
LivingDiningRoom-4544,val
LivingDiningRoom-11440,val
LivingDiningRoom-27644,val
LivingDiningRoom-4585,val
LivingDiningRoom-63837,val
LivingDiningRoom-142185,val
LivingDiningRoom-1315,val
LivingDiningRoom-13536,val
DiningRoom-14960,val
LivingDiningRoom-10183,val
DiningRoom-14049,val
LivingDiningRoom-420,val
LivingDiningRoom-29182,val
LivingDiningRoom-46824,val
DiningRoom-4509,val
DiningRoom-9293,val
LivingDiningRoom-68606,val
DiningRoom-8473,val
LivingDiningRoom-3715,val
LivingDiningRoom-9028,val
DiningRoom-20718,val
DiningRoom-41151,val
DiningRoom-132563,val
LivingDiningRoom-121211,val
LivingDiningRoom-6787,val
LivingDiningRoom-379,val
LivingDiningRoom-27185,val
LivingDiningRoom-2831,val
LivingDiningRoom-15430,val
DiningRoom-12526,val
DiningRoom-69393,val
LivingDiningRoom-8886,val
LivingDiningRoom-26523,val
LivingDiningRoom-25291,val
LivingDiningRoom-84752,val
LivingDiningRoom-6295,val
LivingDiningRoom-186,val
LivingDiningRoom-1922,val
DiningRoom-16628,val
DiningRoom-23035,val
LivingDiningRoom-11362,val
LivingDiningRoom-60587,val
LivingDiningRoom-7287,val
LivingDiningRoom-35769,val
LivingDiningRoom-516,val
DiningRoom-18888,val
LivingDiningRoom-15419,val
LivingDiningRoom-4473,val
LivingDiningRoom-19536,val
LivingDiningRoom-5087,val
LivingDiningRoom-5956,val
LivingDiningRoom-15286,val
DiningRoom-19938,val
LivingDiningRoom-45776,val
LivingDiningRoom-7013,val
LivingDiningRoom-15768,val
DiningRoom-70428,val
LivingDiningRoom-3483,val
DiningRoom-33249,val
DiningRoom-42781,val
LivingDiningRoom-45001,val
DiningRoom-273,val
DiningRoom-9649,val
DiningRoom-10103,val
DiningRoom-3538,val
DiningRoom-91678,val
DiningRoom-12114,val
DiningRoom-2307,val
LivingDiningRoom-35319,val
LivingDiningRoom-2456,val
LivingDiningRoom-11919,val
LivingDiningRoom-20731,val
DiningRoom-27423,val
DiningRoom-5692,val
LivingDiningRoom-24764,val
LivingDiningRoom-12325,val
LivingDiningRoom-507,val
DiningRoom-17747,val
LivingDiningRoom-16155,val
LivingDiningRoom-5119,val
DiningRoom-31158,val
DiningRoom-26294,val
LivingDiningRoom-70537,test
DiningRoom-9719,test
LivingDiningRoom-11033,test
DiningRoom-92623,test
LivingDiningRoom-10892,test
LivingDiningRoom-41360,test
LivingDiningRoom-76216,test
LivingDiningRoom-14432,test
LivingDiningRoom-20192,test
DiningRoom-18833,test
LivingDiningRoom-10201,test
DiningRoom-29610,test
LivingDiningRoom-18578,test
LivingDiningRoom-132916,test
DiningRoom-15534,test
LivingDiningRoom-5442,test
LivingDiningRoom-262051,test
DiningRoom-23097,test
LivingDiningRoom-49915,test
LivingDiningRoom-9790,test
LivingDiningRoom-71271,test
DiningRoom-8626,test
LivingDiningRoom-1004,test
DiningRoom-4627,test
LivingDiningRoom-223767,test
DiningRoom-36032,test
LivingDiningRoom-33892,test
LivingDiningRoom-2943,test
DiningRoom-43342,test
LivingDiningRoom-35273,test
LivingDiningRoom-8714,test
LivingDiningRoom-13633,test
DiningRoom-26825,test
DiningRoom-166476,test
DiningRoom-17200,test
LivingDiningRoom-2676,test
DiningRoom-21748,test
LivingDiningRoom-7730,test
LivingDiningRoom-50574,test
LivingDiningRoom-9123,test
LivingDiningRoom-31684,test
LivingDiningRoom-54045,test
DiningRoom-65753,test
LivingDiningRoom-2610,test
DiningRoom-23398,test
LivingDiningRoom-65070,test
DiningRoom-12866,test
LivingDiningRoom-1991,test
LivingDiningRoom-1744,test
LivingDiningRoom-22775,test
DiningRoom-17537,test
DiningRoom-16498,test
LivingDiningRoom-20097,test
LivingDiningRoom-11801,test
LivingDiningRoom-9454,test
LivingDiningRoom-998,test
LivingDiningRoom-18871,test
DiningRoom-29864,test
DiningRoom-42541,test
DiningRoom-13727,test
LivingDiningRoom-62089,test
LivingDiningRoom-79190,test
LivingDiningRoom-46190,test
DiningRoom-24272,test
LivingDiningRoom-32452,test
DiningRoom-16799,test
LivingDiningRoom-12619,test
DiningRoom-45358,test
DiningRoom-11642,test
LivingDiningRoom-34577,test
DiningRoom-35065,test
DiningRoom-6259,test
DiningRoom-35093,test
LivingDiningRoom-10493,test
LivingDiningRoom-220,test
LivingDiningRoom-504,test
LivingDiningRoom-22223,test
LivingDiningRoom-451,test
LivingDiningRoom-76810,test
LivingDiningRoom-10576,test
LivingDiningRoom-355,test
DiningRoom-2412,test
LivingDiningRoom-6226,test
DiningRoom-20887,test
LivingDiningRoom-33915,test
LivingDiningRoom-11555,test
LivingDiningRoom-26031,test
LivingDiningRoom-3025,test
LivingDiningRoom-1110,test
LivingDiningRoom-13678,test
LivingDiningRoom-77579,test
LivingDiningRoom-1651,test
LivingDiningRoom-45836,test
LivingDiningRoom-13574,test
