69b82978-76fe-43cc-b88d-92b7244ee573_LivingDiningRoom-15465,train
0f5b9b03-c5f7-4172-9386-4805616025b5_LivingDiningRoom-20097,train
4abcb667-c57f-4d8f-940a-d964152329d5_LivingDiningRoom-11771,train
e8ffd31e-be4d-4840-ba76-5a89b17ec8dd_DiningRoom-4509,train
370938e1-1b18-46cb-874d-a23ceeb0cd1e_DiningRoom-15022,train
20c675c6-5b9d-4f74-84af-adbe03e6897b_DiningRoom-18517,train
a8ea81c6-f23d-4019-828e-dfe63aa61553_LivingDiningRoom-12109,train
6995dbb7-6399-4d3e-b8e1-89d5b309c5aa_LivingDiningRoom-29227,train
8dc8fc67-db43-418b-b333-702af39ce83a_DiningRoom-69515,train
7cbabe0c-5239-4e90-95cb-5c79adb0ede6_LivingDiningRoom-76216,train
f7168796-b600-4453-9d54-41314f27bed3_DiningRoom-50445,train
57b41cf3-b6ec-46ec-987c-b0434321b674_DiningRoom-27196,train
ef543f0b-22b8-463f-9def-0bfa6cae51ea_LivingDiningRoom-79295,train
64f12868-d3f0-4add-9598-4478c4e7cee0_DiningRoom-663,train
6b399f2d-3097-4272-822a-e50dea179ce0_DiningRoom-2713,train
8c3314da-a761-4ee4-8a2f-28e61590fee8_LivingDiningRoom-6109,train
81dc4064-023a-41b3-adda-8a5ac462dc13_LivingDiningRoom-54190,train
5df48768-5e1b-4db0-9ca1-97ad05d9a896_LivingDiningRoom-9454,train
8ea4096f-5ce1-4e23-8847-313b1312c64a_LivingDiningRoom-1994,train
09389527-fe13-4cc0-841e-c5e21d1aef0a_DiningRoom-41637,train
62fd4a86-b6d1-47e6-a5de-205ed002026c_DiningRoom-71388,train
c662dd5d-839e-44de-8cc8-23c74b757d9e_LivingDiningRoom-5381,train
106b7f57-ede9-48bf-a45f-dacf369fd800_LivingDiningRoom-5733,train
b580bfcb-0110-439d-b83b-bfd9caa431a2_LivingDiningRoom-535,train
00c0c75e-1c12-46b3-9fc8-0561b1b1b510_LivingDiningRoom-1344,train
15bed03e-d66d-4da2-8b8f-7dacde3d3d8b_DiningRoom-35065,train
fbb124a7-d4d2-46a0-9465-fc790f714350_DiningRoom-13727,train
37fee753-1c40-4784-ab50-4f5d72df6f65_DiningRoom-19325,train
c3164354-e3f5-4e95-ad54-dd9254316d97_LivingDiningRoom-10711,train
58c205ff-e76d-4941-80a4-44d46b10bf8e_LivingDiningRoom-262051,train
01ba1742-4fa5-4d1e-8ba4-2f807fe6b283_LivingDiningRoom-4271,train
83b4b802-7830-451f-8242-2981799aab61_DiningRoom-11161,train
24caaf37-afd3-4cc9-84b5-f27e9cf84d8a_LivingDiningRoom-35029,train
2d485e95-fb65-44eb-ba85-0de22a0b80f6_LivingDiningRoom-152170,train
d6fcec54-1bec-4f8a-b945-8f6fd33d1e6b_LivingDiningRoom-10913,train
26387a08-3ebc-4638-83cd-33150de9f17a_LivingDiningRoom-29614,train
2c36d890-0d02-438e-9dfc-b817f31c3f44_DiningRoom-17537,train
785aec91-b165-4561-a384-1a191e6690ba_DiningRoom-107223,train
987d0a4b-07d5-4958-aac4-cefaa277d511_DiningRoom-8951,train
488518b2-894d-47a8-bb81-ac58a802d015_LivingDiningRoom-39432,train
97089e6f-2c65-4a2a-96cf-6841c0a238f5_LivingDiningRoom-65030,train
5a70accd-61ca-45d0-86cb-ded3e35c85f3_LivingDiningRoom-19784,train
ebbca084-db5d-4491-8fdc-dafa44c1ad3d_LivingDiningRoom-8006,train
75be4842-6167-4b77-a131-859b40255ed9_DiningRoom-6919,train
11d9ffe4-5a0b-4fe6-85a0-536423cf0137_LivingDiningRoom-67883,train
61939f19-9114-46ad-86c6-ab10c1668ed7_LivingDiningRoom-17356,train
d6c3ddf7-9807-40d5-8523-4a2b871c2419_DiningRoom-6204,train
be5e905c-cad3-4b8a-8f0b-1c3e93996efc_LivingDiningRoom-71271,train
9e8b8e5d-85fe-42ab-b582-7a8484399699_DiningRoom-15222,train
11eb078d-7eee-4c82-a748-34a7e2c6c7f4_LivingDiningRoom-9028,train
3dc195aa-0a30-440e-bf84-5f1995ec1c3f_LivingDiningRoom-1419,train
c796bf4a-4370-4430-b32d-e083407ccda1_LivingDiningRoom-2676,train
f371cee2-4111-4f1b-b60f-707e8ccc68a8_LivingDiningRoom-71738,train
1cf94f82-50bc-4805-94d5-a8b52b66be31_LivingDiningRoom-54997,train
173d8bac-a580-4cfc-9138-2a27aa020f52_LivingDiningRoom-14618,train
6a03badb-61ab-4e22-9564-de2fd2ed1938_DiningRoom-25528,train
2b1ad3e7-91ce-4447-a950-656a6204d756_DiningRoom-154097,train
47356158-6664-49f4-bb64-fa36d102e310_DiningRoom-69458,train
3e81e810-e8a3-4afa-b737-5cb99895ab82_LivingDiningRoom-9479,train
328ada87-9de8-4283-879d-58bffe5eb37a_LivingDiningRoom-5343,train
b6e6f6a4-9407-4911-9b72-c336a59545e0_LivingDiningRoom-5442,train
00154c06-2ee2-408a-9664-b8fd74742897_DiningRoom-17932,train
0aad3aa3-ec12-49a0-b7cf-548d42b0b12b_LivingDiningRoom-98003,train
9457cca2-5776-40f6-bca2-c95907a872b7_DiningRoom-2644,train
793eccb1-f86a-4998-a4e9-0ab8b96bcce7_DiningRoom-4028,train
8495ba23-5e37-4bf5-a795-dee5cf78c5f3_LivingDiningRoom-516,train
6799c7da-4248-4fa1-9d6d-c8acf521a414_LivingDiningRoom-13177,train
5385105a-4574-4afe-a14c-4f520b27494c_LivingDiningRoom-60607,train
e00c171f-748b-4d28-9e6a-3ebeff291323_LivingDiningRoom-9621,train
f82d44c6-df98-404b-870d-b6f378d2151e_LivingDiningRoom-6060,train
dc901ccd-49a6-459e-b7a7-ddf7119fa455_DiningRoom-118281,train
b76b3b9e-1709-49eb-a5cc-8e5b76da6939_LivingDiningRoom-108064,train
d9df2354-d80d-49e7-a9e8-2e8fbf31dea3_LivingDiningRoom-998,train
d87c401d-93c1-427e-a03d-8e851e6db716_LivingDiningRoom-1592,train
36678f29-129a-40ef-b197-a2c3fde6778c_DiningRoom-3929,train
a35d3d15-332d-4e0c-833e-3c1c476edddc_LivingDiningRoom-33915,train
64b7a725-7b94-443b-a8b1-d582ba1cd3d9_LivingDiningRoom-1764,train
30f12fbf-3033-4c68-878c-497d0251b75a_LivingDiningRoom-58272,train
cd47dd5b-277a-4c26-85d3-c679bbd494a2_DiningRoom-29434,train
ee3d1267-f097-43b5-9a18-2e408f379b3a_DiningRoom-7959,train
b9d17d23-66f0-445d-acb7-f11887cc4f7f_LivingDiningRoom-192367,train
6c6da165-485a-41a8-9870-75cb9f39c017_LivingDiningRoom-37289,train
64e2e0ba-3769-479d-81d7-c870da620b07_LivingDiningRoom-27857,train
77e7c22e-cef8-4598-8b5b-8c9dd070dbf0_DiningRoom-21124,train
01951c96-631e-4880-83ab-1d69835e635c_LivingDiningRoom-5217,train
85a4cbf5-71f3-4b22-a877-662d179cdce6_LivingDiningRoom-57707,train
9c8f3906-2496-4648-bf73-68538caed694_LivingDiningRoom-42072,train
6798277b-ef30-43c9-944d-0fef266dd444_LivingDiningRoom-114634,train
8c70a332-7115-4197-a7a4-c7d48f68d9d3_DiningRoom-2338,train
63624bb6-0323-476c-b295-2e31b729fbb8_LivingDiningRoom-8678,train
9a3ae5f2-9579-4a74-805e-77e758ab8027_LivingDiningRoom-11033,train
aa8112cc-d57e-4a9f-a425-d40e7d114b08_DiningRoom-34036,train
5c22a23d-e49c-4d31-adee-987c93eec20e_LivingDiningRoom-5987,train
0953aa27-1f92-4068-aed9-41f0cc7401d6_DiningRoom-39646,train
dc52d387-0a6b-4ee1-b939-4b4f529665ba_DiningRoom-17262,train
bf0d1803-a01d-4e17-9986-0607fbab1cd0_LivingDiningRoom-10921,train
cf94fa93-585e-4b9c-b07e-ba982d22cc79_DiningRoom-14251,train
08c22a05-81e2-41f4-8e22-c707aa082bdd_DiningRoom-17995,train
d71ccf98-e923-4134-8f7f-d831838b614e_DiningRoom-2157,train
7e38438b-b4ff-45b2-91fc-cd66c249357e_LivingDiningRoom-10576,train
21569333-a837-4228-9440-bfbaf37cd57e_DiningRoom-22384,train
e29c9cea-a331-4062-8d95-17f3f7ed8813_LivingDiningRoom-46190,train
4d2efc7c-8898-4ab3-a473-a421dc72eb58_LivingDiningRoom-11292,train
67f526c0-865c-42d8-8390-94251681daca_LivingDiningRoom-50487,train
2160a773-b01f-4521-9771-c8dcb024f203_DiningRoom-11145,train
37c69656-88ac-4e59-80a3-263c841262a1_LivingDiningRoom-41202,train
887b2bb6-d552-4778-b841-70a6ac0fe88f_DiningRoom-13592,train
c1575512-d8f9-4d74-a8d3-fdd840f0d9a9_LivingDiningRoom-7013,train
3fc1b9bb-5392-41ee-b8dc-3ab622be9c13_LivingDiningRoom-26031,train
8ad8bd52-f739-4021-8ad9-9e02f2cb7456_LivingDiningRoom-1625,train
706c2d0b-66ca-43f4-9c40-09398a8b4bda_LivingDiningRoom-19680,train
dc5bd6be-b704-47b6-8539-b096765c7041_DiningRoom-39011,train
7d1a7697-3051-4e51-8d6c-fed5d3a0dd8f_LivingDiningRoom-21803,train
8e8d0bfc-0af5-4c74-97dd-7d08af6998f8_LivingDiningRoom-7862,train
62d27fcc-a6df-477e-a4ff-e8687eae2b15_LivingDiningRoom-13259,train
8eebb493-c733-478d-a90b-b43620d3291a_DiningRoom-61715,train
c360d758-8dbf-4d82-9afe-d71135c13c7f_DiningRoom-22753,train
b1ed9921-425e-4c61-b4a3-4d3c8c20d788_DiningRoom-3185,train
cd054a93-9223-4940-afbb-3ed2c96f2e90_LivingDiningRoom-8718,train
6a09436f-ffa2-428b-9117-37afc75e8ca0_LivingDiningRoom-61628,train
7b6e2c62-4717-405e-a343-327bf2b938a9_LivingDiningRoom-12211,train
031fba32-7c48-4c1e-8342-aab66d6e531f_LivingDiningRoom-5339,train
c07f558e-acf1-4bc1-9ad8-2cf78ca8295e_LivingDiningRoom-2872,train
f086151e-64f0-4fad-b373-22c20dfc2fce_LivingDiningRoom-5082,train
0c537cc6-59c6-46d1-a865-f5424003bc48_LivingDiningRoom-270,train
b2e0b670-b308-4817-b3b6-2a8b7312c18f_LivingDiningRoom-7096,train
fe174e21-5e11-4004-8347-f4e5e2e7b30c_LivingDiningRoom-20428,train
7d35e4ba-137f-4f29-a62c-7b80ea8f4a14_DiningRoom-62423,train
04773d20-6f81-4e68-a72c-2e0e0f1d73b9_LivingDiningRoom-44684,train
b9e0dff9-03dd-4c4a-a00f-0b04b45d8df4_LivingDiningRoom-62241,train
1b7d49e1-a3c0-4138-b865-c0a897903500_LivingDiningRoom-553,train
57363672-24cd-4509-988f-80aa45214d5b_DiningRoom-2180,train
becd7f2b-1039-4346-aacb-8d9962f5e0ae_LivingDiningRoom-74263,train
5d8f96db-9043-4356-93c8-4f3198ceba34_DiningRoom-41675,train
fde0fdcc-7a6a-4e8f-a1bd-ff10cbb09b29_LivingDiningRoom-61187,train
4d94c89f-b5fa-4649-aff1-5ae51ce0e63a_DiningRoom-12832,train
a4b4d452-05f0-4c77-b367-cc0799a1f996_DiningRoom-41976,train
9dc08332-0442-4e9b-975c-7c1b336d8d31_LivingDiningRoom-5774,train
61a0705d-2f6b-4086-a80d-4b06a42fc876_DiningRoom-9206,train
3ec1f433-e612-4509-9e52-8fa062b2aaa2_LivingDiningRoom-1050,train
33253f91-fb29-4a9e-aec7-42e3cf96b25a_LivingDiningRoom-107,train
e52a7124-05ef-446d-b70e-39af1ac7aa5c_DiningRoom-21611,train
43907bbc-4b39-4f1a-8747-3287c8bce690_LivingDiningRoom-46747,train
d7aff847-7906-4de1-a241-6ee8a22d57c6_LivingDiningRoom-37746,train
58064c7d-8e8b-4149-9b3a-672cf22d4733_DiningRoom-11336,train
ad2204ba-60fd-4802-b8cd-6ac2cfea507c_DiningRoom-18657,train
00ecd021-64bb-4bc4-b754-1796d2a12965_LivingDiningRoom-84752,train
170b48eb-5746-4cd6-b0da-cd6fb853765f_LivingDiningRoom-1354,train
1b628313-1254-4608-847f-b68d3d081799_LivingDiningRoom-63837,train
7a2de022-745d-4f10-a4fa-d7ab5bb8809f_DiningRoom-8044,train
78f54b4e-5031-4aa4-bd58-6a287cd64dc3_LivingDiningRoom-17657,train
46bc8223-0661-44c7-8f95-29beadbe62d2_DiningRoom-33429,train
d88c6598-b40e-4ea8-ac07-f4f1d80d7f31_LivingDiningRoom-17293,train
9f60fd75-9050-4aa6-a78c-c6f873822632_DiningRoom-69111,train
9b893109-d943-428e-8af9-81e9c4e8ec2c_DiningRoom-23097,train
026d9b2e-f9e3-4754-b234-32e25b1974e5_LivingDiningRoom-64,train
e4c63506-0538-4f51-8fcd-e191efee273b_DiningRoom-13317,train
f80fbd68-006f-4118-a5b2-01678baef76b_LivingDiningRoom-45329,train
fb8811e2-7290-48d8-af40-fd60b5231fb3_LivingDiningRoom-24287,train
e97de662-f2d1-4d7f-9179-ae7718710e88_LivingDiningRoom-60592,train
182180c7-c96f-44f6-9368-5bb43d7ace17_DiningRoom-96608,train
8422cae1-c835-4703-aa9d-b15c8824bbc3_LivingDiningRoom-1287,train
53cf7da8-7c02-419d-bc4a-acf5d4337cac_LivingDiningRoom-6226,train
07cba4b4-3e2b-4c90-8b3c-c44ae6ab014e_LivingDiningRoom-109572,train
54602e77-2ebd-4198-af5b-be0e1f75b806_LivingDiningRoom-15430,train
5952a518-03dc-40f1-8990-89a0b312e0f9_LivingDiningRoom-837,train
76915a22-544f-44e9-9a5a-525b1d282fd0_LivingDiningRoom-8122,train
ef17e0e8-f83d-466e-9a2c-096d97599757_DiningRoom-233,train
9432d96b-5e6d-4a93-a395-48894ad49bfc_LivingDiningRoom-10892,train
ebef8637-55d8-48d2-bc27-e880c51f36e8_LivingDiningRoom-2829,train
eca62dc1-f5a9-4b74-a568-420fc7e66d68_LivingDiningRoom-25714,train
3d746247-8cd0-4b3c-8186-2ee990b66efa_DiningRoom-31843,train
e6e919bb-01bf-4003-a676-5276ce19e2b9_DiningRoom-16306,train
5e004059-c7c4-44e2-99bb-93f7ec7b5b46_DiningRoom-33907,train
5e024c0f-0bca-4074-ac77-4b72a7629d0a_LivingDiningRoom-1080,train
ff08fb34-a3a4-495d-955b-a621cac7cba8_LivingDiningRoom-527,train
a88f5922-2f3b-4ad8-b834-82fa1c0d00c8_DiningRoom-16498,train
7625e6ce-dafa-4c31-8c1a-f3a6582b01b1_DiningRoom-12246,train
43921e8e-fbe4-4eca-b1be-99969dda2224_LivingDiningRoom-31684,train
013d6a38-6fa2-4e16-9903-53921f86114a_DiningRoom-9584,train
8ac826bb-0229-443a-a9fc-fdc6ce7af073_LivingDiningRoom-13451,train
c2e171f2-69b9-4e7b-8cdb-e8d7c533d990_DiningRoom-33943,train
2d424221-26f3-472e-9ea1-c7c11a1fb796_LivingDiningRoom-1446,train
555d38a7-689e-4340-ae91-a9a1dd650216_LivingDiningRoom-26885,train
a14845b0-e64c-49fe-8de7-e10df6fcab69_LivingDiningRoom-45836,train
dea8e07c-6c70-434c-89d8-7c1b718bf171_DiningRoom-27853,train
c13a4e1c-5ff3-4a9f-8f83-ba07d5b1a79f_LivingDiningRoom-12564,train
41102cdc-f833-4edf-8d5b-4dcd24607969_LivingDiningRoom-18581,train
4e90cfdc-f6e6-4097-bf15-0bb61288ca1c_DiningRoom-18090,train
a390f6ea-2c8b-4e0f-8a0e-74eeed8b32fd_DiningRoom-10792,train
2439fa78-a76a-4e6b-acfc-26758a938472_LivingDiningRoom-13186,train
706922ae-ac4e-4495-af82-91ffa695bff2_LivingDiningRoom-8120,train
6bb3d777-55c4-444a-abc7-dfd0bfeb00ec_LivingDiningRoom-29413,train
48171257-b69e-42e8-8e03-8b5d0d49241f_LivingDiningRoom-18089,train
089458cc-75b2-45c8-a58d-177cb6aced8c_DiningRoom-27660,train
89fa67ad-b45d-4ed3-9e2b-9371df9625e4_LivingDiningRoom-10026,train
3fc88ba8-7ea3-4653-892f-83667812c78a_LivingDiningRoom-76396,train
0b6a7b14-07ce-4276-b2e7-a17d9e0b7a9d_LivingDiningRoom-2954,train
3d14c3d3-63af-4354-b828-da3be8367a90_LivingDiningRoom-13700,train
fa56e1b0-7c26-4a09-a8f4-6e3f226fc131_LivingDiningRoom-41538,train
fe3731be-633d-487d-a502-63a3c0ebfbc7_LivingDiningRoom-1985,train
8de223d3-24f3-4219-b7ba-1da244e0279b_LivingDiningRoom-49733,train
39f0bc7a-73d8-48a7-b724-948643cdd7ae_DiningRoom-6877,train
68f61309-f9e6-4dfb-a1a6-82c1bef6b6f9_DiningRoom-23398,train
9af467c6-d6ee-4530-a48f-87d4f942ac04_DiningRoom-168152,train
23608ced-9c2c-4d17-b7a8-4e3656d2acca_LivingDiningRoom-21234,train
14125793-35c5-4ab8-be6e-3089eaa45bc1_DiningRoom-91678,train
5549a237-e795-4893-870c-33c27eb02bc3_LivingDiningRoom-15128,train
5fef6bd0-837a-4ad9-a6fd-4b9ce517701b_LivingDiningRoom-68606,train
e3674f54-28aa-44af-8651-c98d831ef27e_LivingDiningRoom-15529,train
c1877e6b-8428-480a-997e-cc81e6139023_DiningRoom-53897,train
d07f94d4-1eeb-4a27-a6d9-6433fffde056_DiningRoom-2029,train
a6295210-e8d7-401e-a5db-6efeef45e5d5_LivingDiningRoom-19698,train
aa1a03cc-eb9f-4388-8501-23917fc85c58_DiningRoom-9649,train
531c8742-d3b6-43eb-a56a-39b620e70500_LivingDiningRoom-1744,train
750705bf-a44a-4391-8c7a-dd199a96bdae_LivingDiningRoom-14848,train
a2f77d1e-d982-4fd4-9216-38f97718082a_LivingDiningRoom-23314,train
c5024b66-55ff-4d88-a820-b4a4a4791259_LivingDiningRoom-2447,train
b41434c7-ea34-404b-a426-34221b17c942_DiningRoom-3024,train
2cfba055-1bf9-49ee-a012-e7729b2e3c7f_LivingDiningRoom-126850,train
cb7d522c-c582-4d16-a005-1f2e4636453e_LivingDiningRoom-8271,train
47bdd0ae-6956-469e-954b-680655c6252b_LivingDiningRoom-59355,train
30f2574f-dd2d-4e97-a937-dce8be2af98e_LivingDiningRoom-118911,train
a002b6aa-5fcb-4491-88b8-a8bf0f70f598_LivingDiningRoom-9373,train
6b282d95-3b71-414d-80d2-23d42bc0b526_DiningRoom-43780,train
8d3fce57-cba3-4aa1-be97-5f8a03f7c723_LivingDiningRoom-6155,train
e396e943-0f12-4455-938a-47a4b44bc25c_LivingDiningRoom-22470,train
b05fbcc4-57c0-46bf-a268-1c530085b983_LivingDiningRoom-18273,train
c05880a2-1426-4f4f-947a-cb0c2b43b913_LivingDiningRoom-14432,train
3c47589f-313d-4bac-abee-830161a278f0_LivingDiningRoom-109935,train
956e67d6-e368-401d-a3aa-b45e401f5121_LivingDiningRoom-1679,train
44d15f42-a914-4d48-8add-393c57addfb4_LivingDiningRoom-16072,train
f1840b4a-05d6-4f76-9843-22c5d1a016bf_LivingDiningRoom-15790,train
8caa5850-3914-427c-ad99-cbb4b2f517a1_LivingDiningRoom-32255,train
fda72039-c926-4c5a-9c51-627a0ab5d3ca_LivingDiningRoom-2328,train
77993e73-b0e6-4620-b0ec-83b261c297a6_DiningRoom-690,train
797a6beb-75a2-481a-a15d-5d761cbe4bea_LivingDiningRoom-4241,train
05aa0174-838c-4255-a34d-1b419365f7a7_DiningRoom-8661,train
a9f95562-fcfa-4da6-bd23-d537e751d8b5_LivingDiningRoom-1201,train
79090604-70df-47d2-98e7-62087f358e6e_LivingDiningRoom-15199,train
b8b0933f-ecc1-4621-b7f3-ac01261917f1_LivingDiningRoom-11919,train
4cab8354-8d8e-4200-b1cf-da003b6d6d73_LivingDiningRoom-1965,train
6b774494-78d2-4def-a1df-24e4d907e796_LivingDiningRoom-136982,train
c84945ea-5844-42e4-9049-3685b127bd22_LivingDiningRoom-1922,train
1d89a45b-bb91-40af-9182-6dbb87517097_LivingDiningRoom-3831,train
9ec57030-6db6-4eb0-a0e1-5d1478906827_LivingDiningRoom-13962,train
d5514ff3-afae-4ce4-b98e-5f83bf4172eb_LivingDiningRoom-19612,train
e87ede27-f7ba-488c-bfd1-8e1832d96662_LivingDiningRoom-79190,train
9b901fc2-2f66-4f0f-86bf-e7571cbb5226_LivingDiningRoom-23833,train
faf9f588-42e9-4745-bddd-7d6cbf8c4f99_LivingDiningRoom-9123,train
ae8d145b-5c7c-4970-a4b6-7855e64ea4eb_LivingDiningRoom-4682,train
2ed23edd-aebf-4fdc-bbe5-660409e5ae00_LivingDiningRoom-11161,train
5d6d0032-e3b5-4b36-87d3-908d8c85f24b_LivingDiningRoom-142,train
7ac7b8b0-6ea1-4930-9f50-7328e00e579a_LivingDiningRoom-33892,train
f31e12c4-1134-42eb-b28f-2e9e19bc47d6_LivingDiningRoom-1307,train
e8d819e4-bfb3-406e-a683-0ea452650633_LivingDiningRoom-163914,train
5245da59-db94-49fc-99a3-76e3a2efcbff_LivingDiningRoom-84890,train
0a9c667d-033d-448c-b17c-dc55e6d3c386_DiningRoom-11628,train
6a58fca6-3af8-4807-b3cd-80b97aa81c7b_DiningRoom-31702,train
4af35004-7b2b-4ef5-b148-b5e63b48b569_DiningRoom-32785,train
a137a098-9a96-4b7c-9553-13e5178d29b0_LivingDiningRoom-13439,train
fd0f6fb9-85c7-4524-abf6-4bf928bf92c1_LivingDiningRoom-241089,train
23b1facb-b178-4875-86c3-1a2a853a3dae_LivingDiningRoom-14508,train
122feb6c-450f-4d1b-a02a-25c976b14ba4_LivingDiningRoom-9254,train
185fd076-293f-489f-8072-2baffac5d879_LivingDiningRoom-5131,train
f9ec2dc6-6ce7-4efb-b1f8-6275c8a282e7_DiningRoom-132563,train
02fb72ea-8e75-4f7b-85bd-18798232b263_DiningRoom-40734,train
3954bd6b-b726-4a2f-a2c1-a32f6806db6b_DiningRoom-12574,train
cb0886aa-598e-4acb-a5f9-5740e098c7e3_LivingDiningRoom-32393,train
eea7b665-1c20-40db-89b9-7b87a3c9baa7_LivingDiningRoom-16369,train
5c03cf4a-dcad-4eda-bbba-901e66848c51_LivingDiningRoom-21823,train
b741b776-33dc-43b0-b33a-2a488c920045_LivingDiningRoom-50574,train
df17ede9-742d-4283-b77e-8482e260c71e_LivingDiningRoom-15419,train
54f911eb-26a7-410f-b212-185745f55515_LivingDiningRoom-20518,train
a736f07b-cca3-4042-b2da-63fe5264ef7c_DiningRoom-2519,train
05766a96-fb40-4194-a368-279ab1bff0d0_LivingDiningRoom-2456,train
0cbce4a0-0f3d-4444-830d-002a546bbf82_LivingDiningRoom-37001,train
70e4c0ab-9ca2-4542-96fd-9355e048db91_LivingDiningRoom-25795,train
558ba1f7-b9eb-460b-a906-4551b446d2f0_LivingDiningRoom-7124,train
fb1e5f98-564f-47af-bd58-ebf6c57b2d22_DiningRoom-275181,train
3d848cc4-94db-4a9e-b592-b78bc13ed199_LivingDiningRoom-56499,train
d25c96c5-d328-48d1-84f8-ea4ee5207a72_LivingDiningRoom-14386,train
620c63cf-4adf-47f7-bb9b-ead8ab6a30dc_LivingDiningRoom-2636,train
2c3e8bd4-73ff-47eb-8d50-29fd2a20325e_DiningRoom-39386,train
22993c56-81b4-49c2-b0d5-3d5a0565067b_DiningRoom-85692,train
811213d3-3ae0-4456-9f16-48ee33b2d560_DiningRoom-17147,train
30054695-4a17-4698-a482-06047262a526_LivingDiningRoom-6746,train
fccdabaa-fcb2-49bc-8dd7-863f7bc927e7_DiningRoom-42781,train
234f5661-8d9e-499b-ae27-ee5dfe702e56_LivingDiningRoom-40062,train
a90f38f6-c1ad-4d64-9fcc-0f3d982912c4_DiningRoom-45358,train
d1200595-8df1-4758-983f-8b8ba63c25f6_DiningRoom-22339,train
48005d2a-cb97-4128-b068-20a03b678bde_LivingDiningRoom-34204,train
78264f14-353d-4b41-a364-6fda4f2fc8cf_DiningRoom-11789,train
66bc95cb-672b-4acd-92f1-ba4ed3a6aa83_DiningRoom-2432,train
0925adc7-8bb3-4080-a3bc-8bf19d5d2916_LivingDiningRoom-25291,train
fd9ec869-05a9-4f85-8478-d3932abde306_LivingDiningRoom-72618,train
1ca5a85e-9cac-41a6-b47f-bada85ea706f_LivingDiningRoom-13632,train
3bf3db41-ef01-4ef1-82be-5b97ffddd4a3_LivingDiningRoom-16427,train
ffb067ad-cf9a-4321-82ae-4e684c59ea3e_DiningRoom-9450,train
979e98a1-4cac-41a9-94e2-0913935f75bb_LivingDiningRoom-226690,train
cbd4a8a0-be44-4629-a271-0518654ab3d9_LivingDiningRoom-8843,train
41a6ff52-5596-4560-97c4-14f827d12914_LivingDiningRoom-11510,train
7067f026-f793-4931-9e6f-d6372015de5a_LivingDiningRoom-507,train
79c940db-6486-4930-896f-dd205349df5f_LivingDiningRoom-52730,train
d4016070-45f4-45f1-800c-b6147def05b4_LivingDiningRoom-3483,train
168c24cf-f3fd-41bd-b5f5-348edb6358c7_LivingDiningRoom-13594,train
036bc96c-419d-4a43-812e-1e533d95dfd3_LivingDiningRoom-114074,train
cc630582-147a-4713-8a41-16912ec0af41_LivingDiningRoom-10201,train
f9f56ff0-e283-492f-bdee-051c886a9d18_LivingDiningRoom-8358,train
6846bd34-bc78-4c4e-bfd5-58b57841b0ae_DiningRoom-3539,train
a40d170f-a598-42ca-85ba-0141e6cadb9a_LivingDiningRoom-1984,train
4a2af13b-ca75-4c80-b52e-e47a55b7b636_LivingDiningRoom-13703,train
5358e585-649f-471f-81a6-2bcb67a815b9_DiningRoom-14960,train
35970ff6-4588-4bcf-8461-16448f1d0650_LivingDiningRoom-233,train
8565e208-9e7e-4529-804a-23052c33631e_LivingDiningRoom-74612,train
b9301a72-5a7b-4ab3-bcf4-aa7f67112747_DiningRoom-15836,train
c3e8a559-c0ed-46ab-a702-3fb148d9d228_LivingDiningRoom-4122,train
473633df-9854-4d60-8fb7-290a68f31bb0_LivingDiningRoom-14571,train
651c37ce-c0cd-47c6-843f-3aa192235e39_LivingDiningRoom-86944,train
88e59754-af7c-44d0-bd64-0a958a919cc5_LivingDiningRoom-1651,train
ba01d127-c603-47bb-ac22-e6546031244c_LivingDiningRoom-35067,train
89e19da8-8eb7-448b-aa89-9ce0aa6ac3b1_LivingDiningRoom-1004,train
0ab19ed6-debc-4c6e-857b-29290fb111d9_LivingDiningRoom-9063,train
7c997405-cdec-49a5-b0f5-b7cb3843428e_LivingDiningRoom-186,train
72f68129-a891-4552-a1bc-641366806b3f_DiningRoom-1758,train
0f2b5258-2413-47c4-bbf6-106a74c1e1da_LivingDiningRoom-9790,train
844dfcbe-0ab2-47e1-aa19-024c5b2a3fd8_DiningRoom-8345,train
bbc93034-4e17-48e2-a52b-c09e966490e5_LivingDiningRoom-3354,train
3657101a-8373-4753-a960-17be0bfea8fd_LivingDiningRoom-2077,train
be37ae8e-a3aa-4202-a812-9be187c941b5_DiningRoom-31322,train
7511f0b9-0076-44e5-9d86-1100ce3ddf14_LivingDiningRoom-134680,train
80c650a0-8b67-44a3-ab43-bf5c96522bea_DiningRoom-15480,train
0eb7a684-6a4e-4e9f-807c-c0e0384deb3d_LivingDiningRoom-48663,train
0e02ee68-5940-49dd-bbdc-0e3667ec9e49_LivingDiningRoom-26069,train
157620f5-804d-4fb4-ac22-bfd514951c74_LivingDiningRoom-3376,train
d235526d-92b4-4bbd-80b9-0d5f277676f4_LivingDiningRoom-12577,train
016e8e9e-143b-4f12-9679-3ca930a1b6d6_LivingDiningRoom-34678,train
6d89d79f-b69d-4435-b0a0-dd77507c8c1b_LivingDiningRoom-24764,train
0bd1cdea-366c-47b6-a65d-ee7ccde0aaa9_LivingDiningRoom-23474,train
26eef880-4f22-4cb1-9166-5f52a331834c_DiningRoom-3460,train
70daf81b-199a-4571-9e11-89959489c7a8_LivingDiningRoom-15322,train
73726d4e-12e5-4828-8faa-b4baa3a4a52f_LivingDiningRoom-504,train
b0a8d6bf-9a2a-4a9f-bdeb-a08fcc6bea11_LivingDiningRoom-57219,train
510e1d36-b89a-4e57-91fe-87671d00977e_LivingDiningRoom-13574,train
53608c94-9c21-4beb-a7c4-fb19b05a1a34_DiningRoom-9557,train
7dbb372a-75d0-4e3d-9954-06240f8bb8ad_DiningRoom-2101,train
a25838be-d066-4334-8a9d-bb090ba166df_LivingDiningRoom-3025,train
282c3591-6893-4980-a521-98a540d9c3d0_LivingDiningRoom-2166,train
dd6bddd4-69e6-4636-a698-33c6efba7a7e_DiningRoom-2831,train
1db2e62e-6516-47da-bc4d-6469ba619d2f_LivingDiningRoom-1654,train
8c069e29-9332-4e92-b13d-a6f190df120f_DiningRoom-6259,train
8b6fe022-f180-46df-8230-f86de5c4fc14_DiningRoom-12423,train
93e914f5-081c-43d8-89ee-986ce6ef1707_DiningRoom-16799,train
6379e703-a2fb-4d36-a417-30e0357a31ad_LivingDiningRoom-121211,train
a0f0e5f2-09a8-4a38-a4a3-7e88a67c1575_LivingDiningRoom-1315,train
1084931f-5dd3-4ced-b541-025017fe779f_LivingDiningRoom-11801,train
c69b9977-decf-4f27-b1eb-da633f72cdae_LivingDiningRoom-13633,train
0ec7ce97-e93d-4842-9c89-b947136bb393_DiningRoom-29864,train
4b1513de-23df-43b3-866f-ef10c1c09d58_LivingDiningRoom-14482,train
b60a4f18-3082-465b-b0e9-c0217666e201_LivingDiningRoom-75271,train
14c7b2f7-cfe9-43a0-9dbd-fd65c33454ca_LivingDiningRoom-22223,train
878a346d-66ea-4807-8ee1-ce1bcc9080fa_LivingDiningRoom-7050,train
320753f3-80d9-4237-9f59-38c4201a2782_DiningRoom-5417,train
cce3fe83-2d9a-4ac9-9e93-f9b687f1ae51_LivingDiningRoom-54045,train
ab0e29af-145f-4578-a700-d78f1e043dc5_LivingDiningRoom-7940,train
f655b350-074a-4b5e-ae1e-ede74c0e75ec_LivingDiningRoom-77193,train
a62c4a8d-d297-402a-b688-5d551d889530_DiningRoom-164,train
8879fdaf-a95e-4a05-b1ae-e1bede3cb592_LivingDiningRoom-20720,train
5bd22e7d-960b-4e14-93bd-f955001f799e_DiningRoom-6151,train
38d3ebcf-aa8a-457f-b520-f526c2b311e1_LivingDiningRoom-74331,train
902c1435-1c52-4ba5-bb15-03a3dd11d5ae_LivingDiningRoom-38341,train
e802c7bd-5cee-421f-9fd7-b5fa4007122f_LivingDiningRoom-23413,train
db05a54e-7944-49a6-85ae-0be827f515c8_DiningRoom-130,train
1789dde5-03d6-44c7-b244-ed0d7fc234b7_LivingDiningRoom-18578,train
590a815e-df76-4dfe-bc5f-b4ee2c0d5740_LivingDiningRoom-139436,train
073019d0-0c5d-4c78-9aa0-6d420bec0a33_LivingDiningRoom-12225,train
a8b833c1-8d0d-4b95-9032-b5fdd2476ecb_LivingDiningRoom-1128,train
613b2c63-66ba-4643-b4d3-c6a4f34d62a9_DiningRoom-29610,train
ef8fd1e1-1ffe-443c-9250-051ead3af79f_LivingDiningRoom-3061,train
86963bbe-7969-4632-a379-1cd39e2a69ab_DiningRoom-14660,train
d94ae128-dd50-42bc-9214-10a404f07b3f_DiningRoom-78405,train
2be2628f-bec8-4217-9660-805b1c8a1baa_LivingDiningRoom-142185,train
6b56575f-a746-4062-8296-b566d5de7b60_LivingDiningRoom-41360,train
ae6dcfc8-994e-4448-8980-08e5292a8801_LivingDiningRoom-21808,train
3b26ced4-665b-45c8-b5a2-dcfb76143567_DiningRoom-5361,train
56ef3577-9ca2-43b9-8971-47d6c88e1008_LivingDiningRoom-35769,train
16ebc7a1-5845-4030-986a-a9469100d534_DiningRoom-17747,train
6b2a7e3f-4f6a-487e-9da4-9f30a0f064c9_DiningRoom-15882,train
cce1df99-43e2-4870-9e42-6c051513e84d_LivingDiningRoom-25117,train
7e1344a6-49f6-49cc-8f5d-2e5772c68c6e_LivingDiningRoom-12009,train
b0dc2c16-296a-491e-a82b-d2d7fd8fdada_LivingDiningRoom-968,train
2d5c6029-ecfd-454a-969a-af5bafd30e3f_LivingDiningRoom-23254,train
707a8e25-4a36-4048-a088-303b6a107051_LivingDiningRoom-66938,train
3a0265cf-f63d-4f8d-b167-751cd9bedeb2_LivingDiningRoom-3395,train
5e01911c-03ad-4654-b028-ca20c0182293_LivingDiningRoom-334,train
9d3329f3-b506-49ce-9edd-ac5155143bf4_DiningRoom-3017,train
54b8104f-05e8-49a4-a8df-004a3ed42064_LivingDiningRoom-34577,train
ce377776-581d-4b4c-807f-e63f7473e9b3_LivingDiningRoom-276836,train
43f8cf3d-030c-45d1-82b2-2c28746f58c5_DiningRoom-20627,train
b063aa6e-7b2f-4f85-a9b3-3987c6def44a_LivingDiningRoom-279,train
68e20f2b-e004-4767-9eac-6d3e4d63ee80_LivingDiningRoom-101134,train
c56d010b-bafb-44c5-a397-3cdfa2684f20_LivingDiningRoom-544,train
656bf897-705c-4397-871e-13268143369a_LivingDiningRoom-1228,train
76a2dc69-14be-41d5-ad13-306d09cdd47d_DiningRoom-46577,train
be642e05-b8e2-4acf-b43a-4765248f1996_LivingDiningRoom-13912,train
181fa1b2-dd7a-43c3-b09c-163924bb37de_LivingDiningRoom-758,train
ae3855cc-a0de-4e86-8148-d65b94f07f3f_DiningRoom-30756,train
d2832564-46fd-4bed-a477-02c848c8a60f_LivingDiningRoom-2959,train
bc51f3c3-2ed0-45da-9b28-18b6f6dfe677_LivingDiningRoom-2508,train
2deeee08-d427-4827-93cf-4314c594d488_LivingDiningRoom-20192,train
2513701f-f5ab-41b5-9d0b-af10956551bf_DiningRoom-12866,train
ee165625-1a56-41fa-b145-232f235a4257_LivingDiningRoom-1028,train
8373d0f1-b5de-4f24-b5c9-9a087e2ae1d7_LivingDiningRoom-69519,train
f93473b4-3fa4-401b-924d-ee78112f516b_DiningRoom-15454,train
22ab3b63-db92-4737-bdca-6aeaa111e541_LivingDiningRoom-11122,train
a327b51f-5b13-410f-8acb-b2b564612600_LivingDiningRoom-77579,train
5afd67e5-1ba5-473b-8446-a2ea1e22133f_LivingDiningRoom-2122,train
258948d9-50d8-4c90-a6f4-d9d1072e45bb_DiningRoom-71866,train
5e00e9df-d996-4b30-9137-4d39bf1ea713_LivingDiningRoom-162404,train
a92d096e-20d4-4426-95a7-ada1d9f309ab_DiningRoom-4330,train
c3a81890-b4f1-4944-96a1-318dff7f3980_LivingDiningRoom-36077,train
0bfb9e03-db67-440e-a47d-0eaf6e088526_DiningRoom-20548,train
47aaee3b-ff6e-443f-b5fc-fce9c92a8947_DiningRoom-15868,train
8f43d942-cf5b-4e85-b31b-32e537f24cb3_LivingDiningRoom-44356,train
eda7084f-406e-4d08-8346-d42e75324500_LivingDiningRoom-31431,train
01655258-a4b1-45ff-b16d-bae0ffb189c7_DiningRoom-45089,train
e517ea91-4a71-4a23-a05b-7d325acd0541_DiningRoom-41611,train
9fdf3141-0670-4eb5-b37e-aed37d45b260_LivingDiningRoom-7298,train
f0bf6457-59d0-4a44-88f6-152ead9dd17d_LivingDiningRoom-26288,train
be762422-6294-499e-96fa-038dced9f5a8_LivingDiningRoom-77047,train
e0e8453a-618c-4c12-9d67-0967d1a2adbe_LivingDiningRoom-751,train
2e6f78b9-74f5-4273-adfe-6d07f1cf115c_DiningRoom-19847,train
f623fc6b-ed49-451d-9858-85a3c1091631_DiningRoom-21748,train
91e19c05-929c-416c-99c9-9d5ed3b6393c_DiningRoom-22829,train
cfc0e878-ba80-43f0-9a54-45a4850e4ecd_LivingDiningRoom-4094,train
de3255bb-33c3-404f-817b-5d7ef7bdf575_LivingDiningRoom-6807,train
4fa56715-fad5-4f60-a57e-e628df21a914_LivingDiningRoom-17107,train
4c1ba4df-e772-4f76-bd59-5d293258e17c_LivingDiningRoom-2610,train
9a26b2a5-3a4f-40b8-93b7-dec4feef5f38_DiningRoom-4628,train
d7ceb50f-a367-4c65-b961-71a77ef1967d_LivingDiningRoom-16634,train
d03b14a0-31a6-4136-8e7c-d364c7b09955_LivingDiningRoom-2393,train
31067a38-bcda-4496-9cbf-f0d8e538ed7e_DiningRoom-12114,train
4f847ca8-17e6-4256-9737-9fd7befeebf3_LivingDiningRoom-460,train
df5e8b99-2ccc-4d27-89d8-094cf83706f9_LivingDiningRoom-838,train
22faf1bf-263a-444d-971e-2931dd27acc9_DiningRoom-5313,train
b6167446-ce9d-4bc0-bc2e-e6026d939a3c_LivingDiningRoom-14337,train
c9f70be8-2021-4fb1-b599-da3b4e184543_LivingDiningRoom-941,train
0f7759ed-ccf3-4115-bd00-cf4d8165e6d3_DiningRoom-31759,train
d9eb740a-ef9b-41f5-8fe9-09200a8702d4_DiningRoom-9753,train
edd66ac7-760e-45b2-aeeb-0036f683fef8_DiningRoom-63838,train
43c9cf5d-4c59-4130-bbc5-dd9c6ec4c4d0_LivingDiningRoom-34404,train
04959bdd-7862-44e5-bfce-6dbe906981bb_DiningRoom-15369,train
c1eb2abf-bebc-4e8b-886c-2f8f660bbfc2_DiningRoom-131888,train
b9865b8e-99c4-4005-9f4d-9cae08209da0_LivingDiningRoom-6403,train
401a9c00-571c-491d-a2c6-2201b964ca79_LivingDiningRoom-18728,train
f73285cd-a1f5-4c2e-a319-136013991487_DiningRoom-16563,train
6ae5c274-8d8c-4832-878c-ea4f74082dfa_LivingDiningRoom-3674,train
3dc5baed-a3ec-448e-b564-9afe4915b667_LivingDiningRoom-24410,train
cdf2cf2f-6cc4-40a7-b8a6-e0cd078c210b_LivingDiningRoom-7674,train
57184c2b-7ec2-44ac-b842-e3320ea99486_LivingDiningRoom-3715,train
a169f204-56f4-4598-878b-93c6b69d00af_LivingDiningRoom-13061,train
1426a7e7-7805-43ca-b258-05c9b637375a_DiningRoom-2817,train
22690830-2a2d-4265-87ae-0a3f4957d085_DiningRoom-70428,train
04f0aee8-b117-434b-bcd2-a78766f49106_LivingDiningRoom-14873,train
2a6c3151-0e15-42e4-878a-e890e9a9d946_LivingDiningRoom-1243,train
cb90b8ee-abe2-4e9f-a6ad-33413624cf82_LivingDiningRoom-13776,train
bbd52bbc-166f-4256-998e-a35f3f924f70_LivingDiningRoom-14966,train
ed28807d-83d3-437e-95bd-cf1392ad21e9_DiningRoom-55572,train
0405ce07-e6d8-480e-8e3e-a699b9474b15_LivingDiningRoom-56654,train
e044737e-5769-46b2-a8da-84b5df66d770_LivingDiningRoom-8871,train
1cc0fd55-1c5a-4885-a2de-f30c6d387353_DiningRoom-33249,train
79b8f927-e1c8-4fc6-b0c2-6b9e2ff6708c_LivingDiningRoom-74474,train
51e5a27e-717c-4194-b4c7-ebb8ed877c12_LivingDiningRoom-6843,train
88de649c-9fea-443a-96bc-57df455997b0_LivingDiningRoom-9159,train
184286fb-3558-40bc-b090-e79e5b8e6fec_LivingDiningRoom-9995,train
83ec537a-528d-4a4d-9bc2-6d6e7b805945_DiningRoom-47598,train
92b94d94-a523-4ae6-bbde-55f5e01590da_LivingDiningRoom-93491,train
8130be63-1fe1-4c4e-b2aa-d0ee9e7f0710_DiningRoom-35087,train
d145b098-8ec8-4ea2-891b-f7deaf3edbb1_LivingDiningRoom-8886,train
8df6c006-6c38-4c65-90d9-017a26b63d4b_LivingDiningRoom-563,train
129c9a2a-f789-4cd0-82c0-2b6d5293c45f_LivingDiningRoom-32392,train
38d90d55-8add-4c08-b054-4fe57e4768e5_LivingDiningRoom-15208,train
3ed02f51-4e42-4b78-9829-44ac6f2f52da_LivingDiningRoom-108722,train
657c9da5-231f-4357-a8a4-21229537cad7_LivingDiningRoom-16798,train
56400f40-07af-405b-b3f5-577245b13ce9_DiningRoom-78525,train
ba2afb42-ae13-483f-802f-9917ad10b939_LivingDiningRoom-5405,train
f01d52ec-ff3e-4157-b0bc-9c29e849f03c_LivingDiningRoom-24470,train
10a47ebb-d756-463f-af98-e36ddf845bf2_LivingDiningRoom-223767,train
6e3dbf3d-cf2f-41ea-adad-c6a40129c200_LivingDiningRoom-6884,train
369cda7c-e402-4382-8d9d-8c79133487d1_LivingDiningRoom-70537,train
6ab91867-b6fa-4630-93f8-f3223e71c154_LivingDiningRoom-426,train
48831a32-7fed-41a1-a132-18ff65aeba93_LivingDiningRoom-1898,train
ab7d2771-19a9-4473-bfd9-8abead7d8a2a_LivingDiningRoom-582,train
9d21c2a0-3cc4-4ce4-a926-506ed2c32a14_DiningRoom-375,train
d752939f-39fe-4ce5-a86c-174eb509f137_DiningRoom-98809,train
db16a13e-2960-4bd3-a8ba-167a00e3ac8f_DiningRoom-8626,train
26ede85c-343c-47a4-a84d-6afa5dbae091_LivingDiningRoom-12169,train
b0fe48b1-d6b1-4854-ba04-111d22289522_LivingDiningRoom-13623,train
9f8f93c4-796c-41ff-863d-c7713981e450_LivingDiningRoom-4027,train
e503e126-bd11-4e31-9b61-aa6816d22630_DiningRoom-19938,train
0c1f82d4-6aa2-401f-ae0d-f053a024aa3b_LivingDiningRoom-248,train
d4d0237f-a66b-40cf-bf85-56e11cb20602_LivingDiningRoom-10068,train
bc3508cf-b422-480f-baa2-80fd11a6a11d_LivingDiningRoom-17385,train
6060e648-44c6-42d6-a9f4-f58c5bcff70d_LivingDiningRoom-25741,train
905ccf24-697b-4bb5-8c53-def619d16327_LivingDiningRoom-6844,train
9178e733-092a-49e5-a900-b375d6a68dd1_DiningRoom-18332,train
5e4f139b-2870-476f-a2c8-5e9867e179f2_LivingDiningRoom-13860,train
0f126d75-6db7-48fb-a514-909ecbe11964_LivingDiningRoom-21832,train
1fb8e3cb-c6be-4933-bcae-8e24c6c5fb61_DiningRoom-10302,train
be5538a6-455b-486f-a46a-fd03d864587e_DiningRoom-26814,train
6f37e768-7bb5-423a-a64a-86b747e8cc50_DiningRoom-70702,train
a4824c35-ccb2-4e70-89c7-eda575054197_LivingDiningRoom-1538,train
580bb871-f446-438a-9cde-3d970affe421_LivingDiningRoom-9462,train
1638a636-f721-497f-930e-d141752cd5c9_LivingDiningRoom-37405,train
0878fcd8-0934-4298-87a2-9813bd4c19c2_DiningRoom-26805,train
3436d038-1d66-4ee8-bbbe-89ed6a9f8ed9_LivingDiningRoom-13536,train
0ec2bffe-f8a9-4b36-96e3-0b56200dd722_LivingDiningRoom-18047,train
b2312fb9-ca25-4e89-ab5a-0bc96888cebf_DiningRoom-23035,train
371c2846-ec26-43ca-a9dd-05e49db6ba62_LivingDiningRoom-60564,train
ef538119-2339-4538-94d3-06711fe4ae99_LivingDiningRoom-814,train
129a997d-b773-4039-ac5d-411e69c3f4a7_LivingDiningRoom-10339,train
6c294141-0ec8-47cd-b1cb-102d60dc252c_DiningRoom-55362,train
79432d9c-5809-49d5-80c4-a20eac526210_LivingDiningRoom-1334,train
28a0cc8c-1f94-483f-9664-a49f7a804c40_LivingDiningRoom-118815,train
71cc3390-7abf-4be5-a2e9-8673e556538a_LivingDiningRoom-5087,train
de7f5810-bcd8-4eae-889c-ea51d11640a2_LivingDiningRoom-21284,train
6a14c9df-bb67-4cc2-a6c5-9e5093024506_LivingDiningRoom-10183,train
82c74c70-ad7b-47de-a718-66e8386256a5_LivingDiningRoom-31700,train
5a6cc890-9073-420c-ad20-d8a99f9d4968_DiningRoom-38885,train
258b12fb-08e1-43df-a3dd-d88793d32621_LivingDiningRoom-35273,train
7cb44194-7156-4c8f-94dc-3c0322833ef1_LivingDiningRoom-768,train
a5efdf8a-2480-4453-a958-3218e5929d6c_LivingDiningRoom-7999,train
e49a3f2c-c856-468b-a7fb-0584f5aa91e8_LivingDiningRoom-209282,train
8278f1d9-9da7-47cd-bc34-2e476e2bda69_LivingDiningRoom-39667,train
1d7907ee-aa5a-4cdf-ab8b-1f4bcfc43901_LivingDiningRoom-3480,train
f8c4e5e9-8ba5-4694-8ac1-4823082e99d8_DiningRoom-12276,train
6cd50522-54ed-4854-85b1-c0dc5f34abd8_LivingDiningRoom-12619,train
a11ff831-4d5c-48b0-a43e-90af1fd5a17c_LivingDiningRoom-9828,train
19532cd1-e49f-4ab7-9f46-ae5f4286a3f1_LivingDiningRoom-4473,train
1db5d7ab-dbd2-442f-a8a2-10d4192db2bc_DiningRoom-26825,train
3e038beb-1cf4-4a16-8775-cf225873aca9_LivingDiningRoom-8049,train
dc3a82da-ec0d-476d-a581-5c25c6952eb5_LivingDiningRoom-8302,train
53edc8f5-4846-4993-b8fe-5999b6b95d7c_LivingDiningRoom-98328,train
8c57175b-106d-4aca-aed5-be16cf15d7e7_LivingDiningRoom-42284,train
01861393-3d82-4926-af4c-e2d29c6d0c0b_DiningRoom-32107,train
710da331-89a8-4480-b4d1-9621baf5a93c_LivingDiningRoom-9939,train
00fe8139-76e8-42b4-bb41-7f9f085ac351_DiningRoom-15534,train
c20ab624-9677-40e6-a832-ed2c906e408f_DiningRoom-46638,train
58bc5a5b-c6b3-4228-8a1f-718788f40ecc_LivingDiningRoom-27164,train
8061b714-949a-4a46-a6d2-69085c163cb3_LivingDiningRoom-21727,train
4846c351-6019-4a91-80ee-4888147cb903_LivingDiningRoom-17826,train
799c9b05-8901-4113-ac72-b268bc542a13_LivingDiningRoom-11910,train
bd786a9b-f4dc-4b95-8ec1-14f100ea8fa9_LivingDiningRoom-24540,train
33635b59-7c01-4e50-8c68-a401b3563182_LivingDiningRoom-10681,train
3d47d5ba-5b4c-4f9d-a5cb-bc16dc65ca44_DiningRoom-100009,train
be677899-49c7-4ae5-89f8-7e3b54f37f0a_LivingDiningRoom-16155,train
228237d8-0328-42e7-af23-e400fe003092_LivingDiningRoom-40391,train
fd987ee8-eeac-4d95-a947-306db2feada5_LivingDiningRoom-18871,train
5fe21893-ef9b-479f-9b9e-dd9456c0e41e_LivingDiningRoom-2620,train
256d7c62-a550-4dd1-a57b-541a2260bff2_DiningRoom-9824,train
174948c4-2519-4d82-bb1b-7784330d2fed_LivingDiningRoom-7707,train
a4de8a11-8912-481b-af83-427b3ddec110_DiningRoom-11103,train
1dc74c70-21d3-40c6-8bd4-afb94dab934c_DiningRoom-12526,train
416f3a24-3c1b-4c05-baa9-dd26451e6401_LivingDiningRoom-37172,train
6180d725-3d29-4a32-93b0-45dda664dde4_LivingDiningRoom-1921,train
43362117-720e-48f6-bab0-d3cd0f0ccdff_DiningRoom-17793,train
b587f55e-a677-4107-9ad1-5c067cbd7c0a_LivingDiningRoom-15114,train
ecdbeecd-1c5e-4605-a682-ca1085fd0721_DiningRoom-12178,train
26146707-fd21-4520-b1fb-2ff93b2560e3_LivingDiningRoom-15610,train
ecc2066b-925b-4fa3-8734-e811352a45f5_DiningRoom-118252,train
16190659-dff5-4ef7-a96f-eb2b71f88a2a_LivingDiningRoom-5119,train
789015e3-c63f-4bf9-a557-3a3cd6867a83_DiningRoom-3538,train
5c650b8f-1b58-4e32-9469-9a3787bf88cc_LivingDiningRoom-70142,train
886fb316-5f1a-4050-9c7c-b001409a5b5b_LivingDiningRoom-491,train
22eb02bc-5982-4ebe-9575-47902632e022_LivingDiningRoom-23611,train
f877d2a1-678f-49a0-a90e-e99ff27134c7_DiningRoom-13034,train
2fee88c4-7d23-4a57-ac24-ad3c1eefb992_LivingDiningRoom-6295,train
8442cc57-83b6-4c2a-b7f3-ed7cc2780098_DiningRoom-17200,train
8e234f22-483c-4dfd-9ce5-cc2d052a97e8_LivingDiningRoom-5956,train
6f6fab3b-e42d-4458-8f93-ed9d006cb087_DiningRoom-8121,train
e111dcdb-094b-4adb-bcce-1db491755d7b_DiningRoom-69757,train
a74cbd87-e6cf-4df8-9007-1134ec1f5459_DiningRoom-42346,train
45dddc0b-2505-4dcd-b07e-f0ff4e5c90d4_DiningRoom-4528,train
80d80e4a-197a-4bd5-9ed1-81c48786a321_LivingDiningRoom-398,train
35c715da-b871-4059-8115-7d06e7395a54_LivingDiningRoom-9340,train
3a8ee0ff-5ff4-47df-81ab-c3a522237eef_DiningRoom-10922,train
908633f6-545c-4016-a2e7-f334120ac392_LivingDiningRoom-9101,train
22915111-742a-4bf0-8fb3-021b97bbe614_DiningRoom-1436,train
5d8c3aab-b20b-4b70-9ca5-e8f8fe59d0bf_LivingDiningRoom-25360,train
9a1745e1-f537-4faa-a403-15b1f06e8178_LivingDiningRoom-277579,train
db542eec-5a55-4f04-98cf-435531932c39_LivingDiningRoom-21391,train
337dfa6c-11ad-4710-853a-24db35898c81_LivingDiningRoom-6485,train
7719f139-6a07-47c3-9435-eb894ce81069_LivingDiningRoom-8095,train
479c05de-800f-4eec-a64e-961eae9f568e_DiningRoom-19388,train
c7e26be6-3639-4da2-a56e-ca741a367249_LivingDiningRoom-18479,train
73ed0b77-ba5b-4c11-9bf4-a776d8290144_LivingDiningRoom-113,train
c76960e2-bf7d-4cec-8ead-554c40227983_DiningRoom-12475,train
4135af07-0edb-47c3-92b2-852b30c3c93c_DiningRoom-5692,train
d370c471-53bd-4027-aafb-1e611b97946a_DiningRoom-12376,train
8fcb1678-644a-4fd9-b956-231be0805cfd_DiningRoom-43342,train
2882c0c9-cf09-446e-83b3-9c0fe19601f5_LivingDiningRoom-57605,train
a0e73d7a-169e-4df4-9c48-43ccc65cff48_LivingDiningRoom-9014,train
18abc0cb-4f4c-41fe-9faa-77bba613b781_LivingDiningRoom-698,train
80362a97-c88e-46b6-a6b6-b8322b826d59_DiningRoom-1814,train
113df359-12ee-4a36-ac63-b342d827e117_LivingDiningRoom-15768,train
18e61c1d-d0e2-440b-a095-79acffaeebe4_LivingDiningRoom-15409,train
143df637-91d4-486c-ae5a-8cb482fa1cd7_LivingDiningRoom-11333,train
b3d57bb3-3859-4986-8da8-568bb1095d43_DiningRoom-18888,train
4448c201-24bc-4eb1-b534-87f656f3094f_DiningRoom-11196,train
91dde31a-632c-4353-85cf-b36a2c6c0be6_LivingDiningRoom-3471,train
b49f4f6e-cd07-43d7-aee0-3ded49597acb_LivingDiningRoom-43067,train
1d1d69da-23d2-45e6-a06f-1f5334e70bd5_DiningRoom-14211,train
f471112d-bd84-4827-9ef8-a3604947b5fa_DiningRoom-5636,train
007e1443-462a-4dae-b47c-44cfc6a5a41d_LivingDiningRoom-268,train
87033dd1-ac83-4bc2-84a0-c1b99d877cfd_DiningRoom-11640,train
03787fb6-0503-4d43-9617-e29e46150d1c_LivingDiningRoom-51556,train
64cce374-230b-4fe2-8240-69f81c8cfb33_LivingDiningRoom-19646,train
14ea58a6-a039-424f-a693-d22ab49701fb_DiningRoom-25949,train
c3b5ef1d-9ca1-4c6f-b793-443d7682f970_DiningRoom-7122,train
f389cf45-34e6-48bb-8f32-46210e8e72a5_LivingDiningRoom-2241,train
d2965fec-86a0-4696-ae91-447d937a77c8_LivingDiningRoom-5402,train
0eee2f23-0f2f-4beb-9712-c54e8dd6bd9e_LivingDiningRoom-5388,train
5b90a853-b47f-4e37-9819-102fe25575fe_LivingDiningRoom-74225,train
8ef1ac63-da17-4f85-94ad-d784649329c6_DiningRoom-451,train
27871446-7da7-4557-b554-dca744d3ea87_LivingDiningRoom-4585,train
672b75fe-1120-4627-80a9-5616d99c3423_DiningRoom-24272,train
a1867cd2-0037-419d-a4d1-d10bba5d30f7_LivingDiningRoom-9942,train
8d976618-aaea-4725-a3f3-e63870e87163_LivingDiningRoom-880,train
e7c265f5-5542-459e-8df6-d7d7f65cdff5_LivingDiningRoom-554,train
9b65961c-da2e-4758-97a3-21702e5e8931_LivingDiningRoom-23971,train
3fde61aa-d606-4c6a-8c79-0762d11cd33b_LivingDiningRoom-61638,train
a4a6dbf2-4558-4f48-b567-392202358792_LivingDiningRoom-35492,train
3a5d9f83-9aeb-4e53-a25c-fa164589c3a9_LivingDiningRoom-19536,train
107179df-064b-4134-b988-82a44d664444_LivingDiningRoom-7057,train
b3a4cdd9-5144-43b7-bdad-067fdd7530c4_DiningRoom-71750,train
ca0e30eb-62c0-4b91-8df2-1cf1becf6ef2_DiningRoom-15848,train
f451b16e-3457-41e1-8f08-b56265549833_DiningRoom-14049,train
12b5252a-0921-4e41-b07e-a9a1ba9d40f6_LivingDiningRoom-997,train
9243a675-6bbe-4b57-98d4-14f5c2c23686_LivingDiningRoom-1320,train
0106f9d2-5779-457b-9b8b-72942373d42e_LivingDiningRoom-10723,train
48199d67-e001-405f-847f-2c5c6c7b3b36_LivingDiningRoom-112491,train
b5922b83-8f9a-42e8-b999-680441fd30b5_LivingDiningRoom-9992,train
0192a842-531c-419a-923e-28db4add8656_DiningRoom-31158,train
40c54a07-55c4-4c83-9624-957261e07ab8_DiningRoom-65753,train
ce427ceb-7eb7-423e-b68b-d01cf1fa516a_DiningRoom-34207,train
8a4ba162-f708-4639-a340-59db284a0eb6_DiningRoom-26811,train
0f13029f-8c56-47d0-b23d-639738301ca0_DiningRoom-135699,train
9aea034c-ec2d-4da0-8d18-0632a5d7177e_LivingDiningRoom-3811,train
5493b6a0-cd82-4236-8814-1001e9c5b9cf_LivingDiningRoom-77544,train
71afc86e-1261-4c9e-a2b0-59e0811180e3_LivingDiningRoom-6936,train
43b85f54-1a49-413f-8b9d-2858c270c442_LivingDiningRoom-1524,train
708e5eed-9b7d-428b-9e1b-022541261d21_LivingDiningRoom-176519,train
3bc6c458-c350-4da0-a441-c882bbb05731_LivingDiningRoom-20064,train
85e97691-e825-435f-b4bd-6e47c8620a5e_LivingDiningRoom-381,train
bf0c006b-a15a-4357-ac71-9d0249d85d72_DiningRoom-20718,train
5130545c-cb6d-4547-b120-5815531c8589_DiningRoom-116178,train
95f3ed13-768e-4d9e-9c55-47c0bbc213fd_LivingDiningRoom-2943,train
c3a08e36-b8bf-478c-834a-af534ec13947_LivingDiningRoom-1520,train
22029510-ee86-4d46-9182-b4f56a0d8f91_DiningRoom-10559,train
4350baf8-0e3e-471e-bccd-4a6695158579_LivingDiningRoom-15211,train
49e7d085-8a30-4a62-b6ec-2a52ae5153b4_LivingDiningRoom-2476,train
99a9a277-df69-43f1-a934-3548f4438510_DiningRoom-92623,train
64321004-c08d-4334-984b-4bdbed4895d1_LivingDiningRoom-70212,train
807602ef-635e-4315-a24c-191c4b825dbf_LivingDiningRoom-144857,train
bb4a55db-d988-4d61-bc52-175a9a8cec51_DiningRoom-87276,train
65aa5c84-5d84-4785-adf8-0000c91aa79e_LivingDiningRoom-2715,train
b405df56-846b-4266-9523-ccab1feef7f2_LivingDiningRoom-11362,train
e892807a-549e-4a8f-855b-075fa1b70c9f_LivingDiningRoom-19931,train
8f2a2975-c763-4707-8a4c-efeaf526d3a3_LivingDiningRoom-86,train
a172d8e6-1750-4d9f-b0fe-901c08f3890b_DiningRoom-306,train
0e44eab5-891c-49df-8311-4395a610016d_LivingDiningRoom-57414,train
fa21ce43-f02e-43a0-8f64-31f81cb339b1_DiningRoom-42541,train
c3f2cb53-f822-4385-b426-77d016a8e168_DiningRoom-17116,train
809652f3-1c3d-4962-90d3-737fadb964ec_DiningRoom-16187,train
aa1d9b4a-81db-487f-956f-5fc7734b74b2_DiningRoom-259036,train
5d522173-3fc1-4964-898d-48ab76e67f4d_LivingDiningRoom-10493,train
53dd8916-335c-4370-b51f-dfe318b63aee_DiningRoom-3653,train
06a619f2-8939-4188-9eb3-ce01717de2b0_DiningRoom-197500,train
f8339d99-447d-4c64-a830-8a896194edee_DiningRoom-13952,train
09e6ca5d-7f96-4ee2-9a27-ecacf0f69b65_LivingDiningRoom-2258,train
76e408e8-8b96-4bbe-943c-e5c43fb963d9_DiningRoom-9293,train
154620a2-e63e-474b-b950-b7cc287b0e43_DiningRoom-150053,train
36c2c33b-73f2-47d5-881e-2fa359198b9a_LivingDiningRoom-35401,train
3c7b86d5-3af6-4748-b9a1-cf45b85b1d1b_DiningRoom-27933,train
29f0cde3-b19e-4b18-92b0-1e33ed59b304_DiningRoom-6376,train
a1efe26e-57c1-4624-ba4e-27c75f2b684d_DiningRoom-22307,train
74061e77-d518-44cd-bc07-67e5d0dce060_LivingDiningRoom-3513,train
66082784-28d9-41e7-94bd-09a72fa335cf_LivingDiningRoom-2891,train
12af5f26-c8b1-45e7-9ab3-e4d20e7a2c19_DiningRoom-4027,train
62773068-a0a2-4ed0-b85c-84a9a353d18a_LivingDiningRoom-2583,train
e2d00f14-06f1-4b29-a9a1-f17618a2d7b7_DiningRoom-60525,train
cd02c5d6-e2cd-4af5-aecb-7cbfef80fa18_LivingDiningRoom-43974,train
da41c0e0-e010-4fd4-a54b-e884e29d8e18_LivingDiningRoom-476,train
aed687f8-271d-4310-870a-f97ebafd1bec_DiningRoom-166476,train
2e410f39-cbe5-4403-a7bc-3b683ba72a07_LivingDiningRoom-6157,train
a2616d89-609a-4b04-878c-e6c42698051e_LivingDiningRoom-124277,train
cf6bc3a8-7f5f-401c-ba9b-45994eac05eb_LivingDiningRoom-77748,train
5f86c744-15af-4c99-80ef-b3608aadbf1b_LivingDiningRoom-37641,train
c9297532-14a7-4736-a0f4-1f14a527e93d_DiningRoom-20750,train
54234f8f-0f41-47d8-911f-506320aa75c0_DiningRoom-22156,train
9629ce14-0f3f-4610-913b-d815eed1b7eb_LivingDiningRoom-26811,train
d4237a89-ec0b-42da-b170-231cfa26f8a8_DiningRoom-19885,train
1f5872d3-0ec8-49f7-a821-d660c794ea4a_LivingDiningRoom-11325,train
7bb7b619-1e6c-40f2-b95c-caef17c17fb7_LivingDiningRoom-26193,train
0b105b2a-e368-40ef-90a3-a4c422b915b4_LivingDiningRoom-6989,train
e75e3c07-5b75-4a26-8933-cb6050aa6678_LivingDiningRoom-11555,train
b28a98d3-1348-478e-825d-572ee7454666_LivingDiningRoom-13555,train
26abcff9-1d9d-4a8f-8ae8-71d542b54548_LivingDiningRoom-4154,train
6577e150-653b-42f2-968d-69aec166976d_LivingDiningRoom-13072,train
bf563d05-8920-4b9c-876b-6e8ab72adbe0_LivingDiningRoom-29669,train
09da55e8-7969-4f80-bbbf-1b4450339558_LivingDiningRoom-2973,train
33fabe16-27bd-473f-b361-5904fb1c8baa_LivingDiningRoom-11695,train
998ca0a0-ee00-4323-b2ad-79b858ffb0a3_LivingDiningRoom-17088,train
17ebf486-2858-4fdd-8cf8-92779089a6ae_DiningRoom-35093,train
7ba559ee-a2d9-425c-9111-cf2a9c543c57_LivingDiningRoom-103650,train
45fb7506-342f-4dc6-b2c3-2e041fe69faa_DiningRoom-10547,train
6cc1d22f-47b3-4a3a-81b4-19575f2ec3cd_LivingDiningRoom-18809,train
7b5e6567-23ac-4717-ad16-92f97f45e71e_LivingDiningRoom-5614,train
d36f79ba-3eaf-4cc2-b3b0-87c7e0d0775c_LivingDiningRoom-20731,train
b9c1aec3-a600-4084-908a-c351c423a357_LivingDiningRoom-19374,train
20e0f217-6f5a-4a9b-a9a2-5c1eef113c79_LivingDiningRoom-25199,train
9e50138a-d669-41f1-9dcf-3c77fdb17397_LivingDiningRoom-1048,train
9f690000-5197-4ba8-b2d1-e1f1e4dbe9bc_LivingDiningRoom-1431,train
0b4abd30-b157-4ecf-a077-989285598cf2_DiningRoom-9719,train
3a55f775-fc7c-4c6f-ab9f-59e31c04e093_DiningRoom-35823,train
9c67a64d-1fe2-4cb4-8644-4220a12ce2c8_DiningRoom-75475,train
4b54eac7-33c2-4f5a-9fa4-44bda75d881e_LivingDiningRoom-19270,train
8e8db6d3-3f5e-4d95-9a23-ec6d57ff5cdd_LivingDiningRoom-4696,train
fcc5e685-aab1-42bd-aaa7-9167d58f63d6_LivingDiningRoom-31520,train
cc14e409-5e44-4237-a4b0-11521ca7639d_LivingDiningRoom-10768,train
386553cb-c7ee-47e6-926a-679a9e65fa1a_DiningRoom-23106,train
ce3aa96b-a6f4-455d-8a83-2a61253c6fec_LivingDiningRoom-2432,train
1fcf1995-3b40-4681-bffd-cdef049612a0_DiningRoom-6579,train
f975259e-3295-4fd2-b0b1-f300c3ed3d3d_DiningRoom-21509,train
120e3c35-05c5-40a7-b92b-1abbd5592026_LivingDiningRoom-35947,train
12f93edf-43d1-4009-9639-92b3b604b352_LivingDiningRoom-3542,train
8cb25305-b65d-46b7-bf85-34604674d5ab_LivingDiningRoom-8968,train
23a5fa77-0aa5-45f4-8399-3265005b1def_LivingDiningRoom-106046,train
23172eea-a923-4c67-ad1a-0738bedef84d_LivingDiningRoom-22775,train
47ed8915-d698-4d0b-9537-41f6d16e5065_DiningRoom-28390,train
5d778814-7181-4c54-bf6c-b1ee5691cd85_LivingDiningRoom-12191,train
f89c8def-be8d-4a45-948e-714938ca5550_LivingDiningRoom-16828,train
876631f3-8f59-4a3b-bae1-8da99beff4c5_DiningRoom-5413,train
3740868d-5ec9-4831-bd4b-4d033ac9576f_LivingDiningRoom-44165,train
09defafb-4bb8-44ed-bd94-cd9359b14bb2_DiningRoom-77736,train
d925e3f4-a9e7-4bb8-98ec-5b842e64a0b4_LivingDiningRoom-78953,val
47230ba1-5a12-450a-80da-80527cc31c35_LivingDiningRoom-6087,val
ef5860ab-d989-4605-93b1-5127126696c6_LivingDiningRoom-70961,val
84bf591e-7035-41e7-8e3c-23b6ec81cc6e_LivingDiningRoom-10021,val
9af95d77-acc9-4ab0-b951-1dc42afae8a4_DiningRoom-5492,val
58e81b5b-7564-4873-9189-2cd5817f6a83_LivingDiningRoom-2663,val
b9ec12bf-2806-41d4-829a-18e3f58558c3_LivingDiningRoom-79595,val
1bb912af-497d-4200-831b-be4ac6d86d1f_LivingDiningRoom-37551,val
b6a24513-baa6-4f67-8a78-4a19c5536dce_LivingDiningRoom-2831,val
afaffb7a-d00b-4d21-8d9a-ed6df3023d70_LivingDiningRoom-1123,val
3f48e194-1e88-4dc1-b1d2-03114248c15f_LivingDiningRoom-22011,val
bbed00a6-d2e0-4f55-a5cc-09db9e3dd6cd_LivingDiningRoom-48055,val
5688d36e-44d9-4420-9a4a-501418b5f2b8_LivingDiningRoom-62089,val
9c164b35-f1f3-4ae5-bbfa-5003672ac1d8_LivingDiningRoom-8304,val
bc2fec07-323e-4ab5-bda7-64febe8f69f8_LivingDiningRoom-4827,val
d5051ff6-1923-45ed-9e4f-d26d1a76bc39_LivingDiningRoom-1447,val
675507da-6f11-412d-aa21-545212322fa6_LivingDiningRoom-32204,val
5e7daec3-6980-46cc-855d-8465774001a4_LivingDiningRoom-569,val
626ec355-216b-4e9b-a010-9f4e8ac5096e_DiningRoom-8473,val
0b527162-1129-4d0f-9601-1fa2c2b5998e_LivingDiningRoom-7812,val
48ba8b9e-31c8-49ec-b757-f5853fd562ff_LivingDiningRoom-22,val
0a28563b-19e4-4d67-8130-9a87a547daf6_DiningRoom-16628,val
b6fbd17c-7013-4fed-802f-e7075cce8329_LivingDiningRoom-56789,val
9f1fb816-ff49-446b-892f-0cd7d1cd5647_DiningRoom-67006,val
be1f3c71-ec18-4ebd-be16-1e0c43738d39_DiningRoom-27423,val
339e4d0f-096a-4453-be12-5a730e71e6aa_LivingDiningRoom-15731,val
4704fc8f-c4e8-4a68-92f6-5abdc54d327d_LivingDiningRoom-22101,val
d97a1fd8-ec70-438d-a7fd-a7badea1eda3_LivingDiningRoom-11440,val
4409ab36-f1e1-442c-8fbc-ff49638af1e8_DiningRoom-26150,val
af30f054-a88b-4acf-b497-5f67cbd25af6_DiningRoom-114621,val
f851ec5a-4b4b-4640-980d-95da12603880_LivingDiningRoom-734,val
15e31e17-330c-4904-98fd-210770901565_LivingDiningRoom-10484,val
2f2aea48-6acc-4236-bf29-b2b9e450557c_LivingDiningRoom-132916,val
08cfec4b-56a0-43f0-8428-e31c210d8c6c_LivingDiningRoom-28046,val
5b274239-637c-451f-ade5-f71c97d6d86c_LivingDiningRoom-13620,val
d859ce89-1e14-4ef8-ba97-f6631f3f0b87_LivingDiningRoom-17104,val
b13a4874-00a4-49a5-aa2d-e22d7d864b56_LivingDiningRoom-53709,val
9b70aba5-4a95-4ffe-a585-41e3a46f716d_LivingDiningRoom-2999,val
9e7fc1a1-6a12-4766-81c8-5e2cf29ac49f_DiningRoom-22610,val
6d5a3496-fb30-4151-9147-12fbda4d7fce_LivingDiningRoom-1768,val
06c02177-67dd-449b-a778-50d41946b95b_LivingDiningRoom-173006,val
3e73871a-0b33-44cb-99ab-6a76a7d6e12d_LivingDiningRoom-17558,val
f79dd946-de59-4b27-8e89-ea5b2303ee67_LivingDiningRoom-16289,val
99e610b9-c34a-404b-afda-18abf1d22cbf_DiningRoom-2469,val
935a911c-212b-4d87-b68c-04e17a8c1fd8_LivingDiningRoom-3349,val
f29cea89-70ae-49d7-8d1f-b7c1e7cada53_DiningRoom-24191,val
d4ab07cf-fc3d-4b62-bf91-01525ca31d1e_LivingDiningRoom-11167,val
7b8b173c-2354-4bdc-9321-93ad43796020_LivingDiningRoom-49915,val
7d95196d-5b65-4180-97db-aab7af789280_LivingDiningRoom-12385,val
0f7ec058-f0d6-48bf-b313-49519b2189cf_LivingDiningRoom-7249,val
198eb9ec-9059-4e26-958e-dc8fb8187713_LivingDiningRoom-15286,val
55bb9324-8a55-4e77-8672-ba135f7f9ae3_LivingDiningRoom-45270,val
cf969c1a-14dd-420c-8739-eda9f0705070_LivingDiningRoom-69704,val
e04fb1c1-1b11-4778-85dc-818624587b3e_LivingDiningRoom-45017,val
ad0426db-a9e3-4428-989f-c2c38e1157c9_LivingDiningRoom-326,val
c1c65ebb-faa1-4a74-abd5-05959bc4e8d5_LivingDiningRoom-13047,val
13a2bf30-781b-4328-aa2e-47a78ffedfc8_LivingDiningRoom-8606,val
6d13bd56-8931-486a-8490-61752942a6de_DiningRoom-43067,val
ba52c6af-b741-470a-bca8-7bc8a31484dd_LivingDiningRoom-355,val
7f8636c8-33d3-4221-bfcf-ccdd43f519af_LivingDiningRoom-12325,val
c06f62d4-778a-4303-a2c8-301181ecc9ee_LivingDiningRoom-35319,val
ce98e1dc-5cab-4390-a433-985fcff9b435_LivingDiningRoom-9746,val
6c2d1fd6-0cb5-4382-9788-c0d95431a6ec_LivingDiningRoom-8714,val
15205240-8f74-4da2-a891-49267a5aacb3_LivingDiningRoom-420,val
bbf5f0c3-25b9-4288-afa1-f2545fab15ba_DiningRoom-16460,val
dbf53bb3-199d-49e9-9840-70ff939e7bc7_LivingDiningRoom-2152,val
702a3f08-a072-4459-a2ba-2b0b132be3a3_LivingDiningRoom-13989,val
3f5df315-6fc7-46c2-84eb-862e27012530_LivingDiningRoom-174,val
a9c6a334-ba10-467a-a5cc-81dadb65a615_LivingDiningRoom-7730,val
26bc9037-7ff2-477b-b80a-08befb9d261e_LivingDiningRoom-18908,val
3187cbc7-4da1-4ae6-811a-96adc72cb1d2_LivingDiningRoom-18022,val
bb12eac8-8dc8-46e9-b614-f5af84404423_DiningRoom-69393,val
21c3b027-c6b7-480c-9933-d519eefab02d_LivingDiningRoom-2575,val
479d2d66-4d1a-47ca-a023-4286fc547301_LivingDiningRoom-91005,val
0047c3ab-951b-4182-9082-b9fbf099c142_LivingDiningRoom-2065,val
29ff87b6-35d4-4333-b2ad-17f37ee8bdae_LivingDiningRoom-113137,val
4693ef91-67c6-4e65-87c5-46b53aa23445_LivingDiningRoom-3328,val
0419bc7b-5bd0-47fc-802a-69c21ee0c80b_LivingDiningRoom-33368,val
1aad0aaa-7604-45eb-91db-8482b861b803_LivingDiningRoom-20425,val
aa7599ea-5d9c-44bd-a3e5-1e4216dcbf34_DiningRoom-11642,val
90efe970-79b9-432c-a676-290e1a00a31f_LivingDiningRoom-8452,val
597ab527-f011-4680-87a1-342a8f0223da_LivingDiningRoom-11815,val
8458bf29-9feb-4dc2-a804-bb2f7b9be0b6_LivingDiningRoom-57979,val
222602e0-a430-45a8-9b70-928d8bf3ba71_DiningRoom-26294,val
39629e24-b405-420b-8fb0-72cef0238f70_DiningRoom-6513,val
917d2b6f-a607-4a67-bc6d-dc8952bc2c1a_LivingDiningRoom-6079,val
5c70ea0d-cb3a-43ca-ab0b-a2498fae8bd5_LivingDiningRoom-1711,val
bfdec636-7f20-41f6-94c2-b110479f7123_LivingDiningRoom-65070,val
11abab51-40d2-4dc7-a106-e262ee0f792f_LivingDiningRoom-5684,val
708218c2-ff5f-450f-9a8a-c82e6ad896a9_LivingDiningRoom-32452,val
c080c532-92bb-4d9e-a266-8556c7a06731_LivingDiningRoom-16314,val
23c4cd36-eee4-4bd4-93c8-0b07d192d1ef_DiningRoom-20887,val
1fb04296-436f-4676-bd6c-b56fa9e31f05_LivingDiningRoom-21638,val
dce67d70-f3ce-4696-b473-589b1a66f880_DiningRoom-32563,test
47bd68ea-d161-4260-bed2-6f039c2a512a_LivingDiningRoom-58936,test
53992538-a81a-4f27-ae40-f743549c0325_DiningRoom-10103,test
46d93d61-5f50-4431-b92e-9f9bd4da5b7c_LivingDiningRoom-48528,test
52657fac-1e38-494f-86fe-e221b95e0043_LivingDiningRoom-27589,test
b68b868f-5ed9-4917-b922-4d58ca68ed7d_LivingDiningRoom-45001,test
e5a744d6-d36d-4682-877f-fea6e9614c94_LivingDiningRoom-17836,test
6845a1ea-b5b7-496c-bbf4-0ba36d9a115b_DiningRoom-4627,test
838bdb43-9217-4b8b-a6ea-340a256cca0e_LivingDiningRoom-71691,test
131fb697-ef09-458a-b28d-df6f10798fb2_LivingDiningRoom-27416,test
49b97a8d-f594-4e76-b347-6455da1eb950_LivingDiningRoom-15929,test
231936d0-34da-479b-a958-cad27e9db00f_LivingDiningRoom-3047,test
7b5eeb04-1392-4e97-b773-45e964e0698f_LivingDiningRoom-9744,test
60f370ab-55b2-43a0-9dd4-fefea294ab5c_LivingDiningRoom-30127,test
0e1e24f2-72dd-41db-a26d-ef81d18d3de7_DiningRoom-675761,test
c75f9c75-5902-4ba5-ba0a-62510d5dfaf8_DiningRoom-26076,test
9886aa9f-f331-48e4-88a0-4e56ccaabe7f_DiningRoom-9982,test
1b5b1674-b4bb-4a39-85c2-60191dff763f_DiningRoom-18833,test
bf13d794-3b0d-45a6-a699-fe0af6304ff3_DiningRoom-13915,test
fd956aea-c66d-4771-9cb3-9247f5da110c_DiningRoom-71949,test
dee82180-497b-489f-8554-cb27be17300f_DiningRoom-46322,test
44903efe-45ea-42a0-954e-bacb917bd7dc_LivingDiningRoom-648,test
48812187-9207-4686-9f6e-e8e1e97eeabd_DiningRoom-9630,test
3547f90d-d3b7-41d2-b368-e25153afbaca_LivingDiningRoom-137481,test
8bc14971-a14f-42c9-83b1-6b74010c6c98_LivingDiningRoom-10610,test
2b49ac86-df1a-4cf4-b9d7-44b588d1d594_LivingDiningRoom-201,test
a63260de-8b32-4b9e-a593-0be2a647ed63_LivingDiningRoom-5444,test
9f7ebccd-db81-4599-aafa-936c371f9012_LivingDiningRoom-22877,test
329d1cda-829b-48bb-8636-e5336b0a1a89_LivingDiningRoom-88963,test
aa6d487c-ed0f-49be-bb94-3b8c13af391b_LivingDiningRoom-11917,test
f50a3dc4-2f5c-4edd-908a-8e0bcc6ef672_DiningRoom-36032,test
643838f2-8b84-496c-9bee-4c6b82a2fc9d_LivingDiningRoom-76810,test
20faca61-454a-4383-85dd-950e333f4114_DiningRoom-68994,test
0fce6b35-d0d8-4a85-a784-e877e659ebc2_LivingDiningRoom-1991,test
109aae3e-2fef-4732-aeee-f2897e73a694_DiningRoom-14238,test
9a21209b-f836-4d36-b106-04495545481a_DiningRoom-2307,test
177baa22-21a7-4d8b-91df-a6934117160c_DiningRoom-18481,test
e8d25f33-3e52-4ea6-904c-2aa8156e63a4_LivingDiningRoom-26523,test
bfc9a79e-7433-45f9-8daa-77f41504f917_DiningRoom-273,test
f92faf3f-2b6c-437c-9942-fd8437292634_LivingDiningRoom-11606,test
a1d2b052-006c-402c-809f-269aa27fd81f_LivingDiningRoom-17672,test
c54ea712-9d13-40c5-8c18-da66837c4780_DiningRoom-16137,test
3c44be55-28a1-4e89-93a9-5de2828aeabf_LivingDiningRoom-13678,test
973ae127-2b9a-4f37-b04a-468a2c122caf_LivingDiningRoom-74769,test
1bc22c85-3159-417c-a8cb-4e3788a0a0eb_LivingDiningRoom-61800,test
d79c4380-6d73-4ff7-9f7d-c085c7e1ccfb_LivingDiningRoom-1037,test
07e1fc5d-2c74-4b12-8100-95f55d396e31_LivingDiningRoom-21042,test
814ba6f7-fdd2-4b5d-9604-9e3b682db37f_DiningRoom-27308,test
7852a3a7-220d-4393-b620-c99c4b2085a3_LivingDiningRoom-4544,test
8c76b801-c0e7-4267-ab00-eb950d32687d_LivingDiningRoom-3181,test
11261c4b-35d8-422e-b517-ab73455935f6_LivingDiningRoom-7994,test
0f737b17-9449-4961-b978-e115bcba56de_DiningRoom-41151,test
8321a64d-d3ba-4901-b3d2-2b3d1101e529_LivingDiningRoom-63349,test
587c2748-01e8-4586-9428-ca9ce053d413_LivingDiningRoom-451,test
fadb1a04-d125-46fa-9711-d59110217622_LivingDiningRoom-514,test
feacc183-06d2-4bb4-9c24-a62921abdc29_LivingDiningRoom-70369,test
7c5c1051-6dde-4fee-ab30-9c08b9755a77_LivingDiningRoom-2439,test
234635d0-a5cd-4544-85cf-ab9acd974978_DiningRoom-77348,test
312b2349-10f9-4ff3-bbee-ae179761c21d_DiningRoom-7217,test
0960927a-a81e-4384-817a-fdefd5a6c845_DiningRoom-13998,test
d407615f-6bdf-4ebb-8d2c-74e1f09088bf_LivingDiningRoom-3209,test
ec1d45dd-4935-490b-9c2b-f6caf4261d82_LivingDiningRoom-9763,test
bc3add99-a8b3-490b-85cb-cbe6e7e53f57_LivingDiningRoom-29182,test
1cd0db41-bcd9-4af7-a0be-cce5de62cc35_LivingDiningRoom-22096,test
a3b91a1e-f51e-4714-a74b-33940b352efe_LivingDiningRoom-1900,test
0ffdc546-d600-4218-8270-90bb71c46a8d_LivingDiningRoom-220,test
5d9ce2ba-db3c-4c78-8c5a-3bdb1d61de88_LivingDiningRoom-7287,test
350388e2-7c93-45e9-bcc8-6a0a5165dab0_LivingDiningRoom-34640,test
03386199-b47b-4417-85cc-cba4e8d28ee3_LivingDiningRoom-46824,test
a8b4f748-b37e-4037-afd1-c245833ef11d_LivingDiningRoom-45776,test
29de9cfc-57d4-46d9-a40c-bdc7991f6902_LivingDiningRoom-2143,test
3aafcdbc-bdc5-45f8-9da7-4cccc696a373_LivingDiningRoom-60587,test
29fa37ed-8b21-43fc-a3bf-c079b1833f6f_LivingDiningRoom-33482,test
4b95d149-431c-4f94-aa7c-2e1a8bb20599_LivingDiningRoom-4247,test
8ab6793a-646c-494a-9cb1-b149d3e09cd7_LivingDiningRoom-3999,test
bf563315-8442-429d-8435-7be477600130_LivingDiningRoom-19103,test
8b922b7d-26dc-4161-9173-01f7055a7c28_LivingDiningRoom-11539,test
bb88ce25-613d-40b6-b2e6-5b7f505d9f94_DiningRoom-699,test
e7fbb76b-21ef-4109-8633-c1433d79cd35_LivingDiningRoom-379,test
4c7d3c24-b50c-4a53-84b8-d7620fc6b252_DiningRoom-31660,test
ac92919a-90ac-4fa7-a972-12c947305f41_LivingDiningRoom-6787,test
1bd5e2a8-54f7-4f90-ade4-2ea965db13c2_LivingDiningRoom-27644,test
d48c19cb-6142-4344-aeb6-9ea23eb87ac2_LivingDiningRoom-36481,test
161cd2fc-819a-4b56-8802-b7cfb2f4e535_LivingDiningRoom-5117,test
a6ab60f4-e824-4980-86da-082b05bd9480_DiningRoom-242139,test
57aca5c1-cbe5-4df7-922e-6c6cf9ba2a0e_DiningRoom-22308,test
967e40cb-ac87-4ff0-90f0-f775d80ca4ae_LivingDiningRoom-1110,test
a13cbe28-97b9-48de-b617-70d6f4f50943_DiningRoom-4026,test
5399de83-ec0c-4ef3-a97e-9bef301222d5_LivingDiningRoom-5218,test
6487eb58-d9fa-4a42-afd2-13cba40b71d1_LivingDiningRoom-4693,test
e8f14d6c-c37d-4ad2-9cf9-cdd57cdfe2b1_DiningRoom-20935,test
733aa566-0120-43c8-afe3-ab36ae21d3b7_LivingDiningRoom-27185,test
bbfbce07-fd71-4e7c-a40d-4eb3a9bb70d2_DiningRoom-2412,test
62e9d3ab-899d-40b0-86e2-a6468e9de575_DiningRoom-442,test
