LivingDiningRoom-17293,train
LivingDiningRoom-1651,train
LivingRoom-2351,train
LivingDiningRoom-8886,train
LivingDiningRoom-4316,train
LivingDiningRoom-83039,train
LivingDiningRoom-9921,train
LivingDiningRoom-86944,train
LivingDiningRoom-18095,train
LivingDiningRoom-3811,train
LivingDiningRoom-2829,train
LivingRoom-8674,train
LivingDiningRoom-34577,train
LivingDiningRoom-100199,train
LivingDiningRoom-6884,train
LivingDiningRoom-16265,train
LivingDiningRoom-52564,train
LivingDiningRoom-35273,train
LivingRoom-28128,train
LivingRoom-14138,train
LivingRoom-3559,train
LivingDiningRoom-8243,train
LivingDiningRoom-12300,train
LivingDiningRoom-9340,train
LivingDiningRoom-7050,train
LivingDiningRoom-79190,train
LivingDiningRoom-1407,train
LivingDiningRoom-36481,train
LivingDiningRoom-15286,train
LivingDiningRoom-54190,train
LivingDiningRoom-46747,train
LivingRoom-43378,train
LivingDiningRoom-3428,train
LivingRoom-72876,train
LivingDiningRoom-74522,train
LivingDiningRoom-6966,train
LivingDiningRoom-13912,train
LivingDiningRoom-4247,train
LivingRoom-26049,train
LivingDiningRoom-1524,train
LivingDiningRoom-64,train
LivingDiningRoom-11161,train
LivingDiningRoom-46222,train
LivingDiningRoom-648,train
LivingRoom-151325,train
LivingDiningRoom-1028,train
LivingDiningRoom-77748,train
LivingDiningRoom-2143,train
LivingDiningRoom-71691,train
LivingDiningRoom-3328,train
LivingRoom-13753,train
LivingDiningRoom-53598,train
LivingDiningRoom-10484,train
LivingRoom-1772,train
LivingDiningRoom-13555,train
LivingDiningRoom-65070,train
LivingDiningRoom-114074,train
LivingDiningRoom-23611,train
LivingDiningRoom-527,train
LivingRoom-88888,train
LivingDiningRoom-8678,train
LivingDiningRoom-734,train
LivingRoom-2933,train
LivingDiningRoom-3209,train
LivingRoom-423,train
LivingDiningRoom-9063,train
LivingRoom-3792,train
LivingRoom-35854,train
LivingDiningRoom-173006,train
LivingDiningRoom-126918,train
LivingDiningRoom-109572,train
LivingDiningRoom-6807,train
LivingDiningRoom-3181,train
LivingDiningRoom-19680,train
LivingDiningRoom-10768,train
LivingDiningRoom-2241,train
LivingRoom-71719,train
LivingDiningRoom-86,train
LivingDiningRoom-48663,train
LivingRoom-704,train
LivingDiningRoom-6403,train
LivingDiningRoom-19784,train
LivingRoom-513,train
LivingDiningRoom-4241,train
LivingRoom-178450,train
LivingDiningRoom-27416,train
LivingDiningRoom-61958,train
LivingRoom-20951,train
LivingRoom-2294,train
LivingDiningRoom-58936,train
LivingDiningRoom-7812,train
LivingDiningRoom-3232,train
LivingDiningRoom-2959,train
LivingDiningRoom-60587,train
LivingDiningRoom-7013,train
LivingRoom-3401,train
LivingDiningRoom-6295,train
LivingDiningRoom-20097,train
LivingDiningRoom-32393,train
LivingDiningRoom-10201,train
LivingRoom-582,train
LivingDiningRoom-300,train
LivingDiningRoom-45270,train
LivingDiningRoom-6746,train
LivingDiningRoom-4830,train
LivingRoom-30722,train
LivingDiningRoom-3483,train
LivingDiningRoom-25741,train
LivingDiningRoom-34404,train
LivingRoom-288,train
LivingDiningRoom-3025,train
LivingRoom-22971,train
LivingDiningRoom-277579,train
LivingRoom-276933,train
LivingRoom-43168,train
LivingRoom-140697,train
LivingDiningRoom-132916,train
LivingDiningRoom-751,train
LivingDiningRoom-426,train
LivingDiningRoom-29614,train
LivingDiningRoom-491,train
LivingDiningRoom-2964,train
LivingDiningRoom-10913,train
LivingDiningRoom-2676,train
LivingRoom-2586,train
LivingRoom-12311,train
LivingRoom-5458,train
LivingDiningRoom-34353,train
LivingDiningRoom-10681,train
LivingDiningRoom-74769,train
LivingDiningRoom-7287,train
LivingDiningRoom-2831,train
LivingRoom-40975,train
LivingDiningRoom-21727,train
LivingRoom-29294,train
LivingDiningRoom-15208,train
LivingDiningRoom-398,train
LivingDiningRoom-334,train
LivingRoom-5033,train
LivingDiningRoom-1922,train
LivingDiningRoom-13072,train
LivingRoom-61247,train
LivingDiningRoom-18809,train
LivingDiningRoom-75271,train
LivingDiningRoom-136982,train
LivingRoom-8377,train
LivingRoom-20470,train
LivingDiningRoom-67883,train
LivingDiningRoom-79595,train
LivingDiningRoom-9828,train
LivingRoom-14930,train
LivingDiningRoom-12109,train
LivingDiningRoom-39667,train
LivingRoom-13428,train
LivingDiningRoom-452,train
LivingDiningRoom-7994,train
LivingRoom-33315,train
LivingRoom-4960,train
LivingDiningRoom-98328,train
LivingDiningRoom-26193,train
LivingRoom-68491,train
LivingDiningRoom-9254,train
LivingRoom-9939,train
LivingDiningRoom-108722,train
LivingDiningRoom-4094,train
LivingDiningRoom-5444,train
LivingRoom-117225,train
LivingDiningRoom-43067,train
LivingDiningRoom-11510,train
LivingDiningRoom-24410,train
LivingDiningRoom-14929,train
LivingDiningRoom-44165,train
LivingDiningRoom-68606,train
LivingDiningRoom-10397,train
LivingRoom-3101,train
LivingDiningRoom-1654,train
LivingRoom-472,train
LivingRoom-22976,train
LivingDiningRoom-21391,train
LivingDiningRoom-3064,train
LivingRoom-860,train
LivingRoom-54780,train
LivingDiningRoom-23833,train
LivingDiningRoom-34640,train
LivingDiningRoom-268,train
LivingRoom-30098,train
LivingRoom-126,train
LivingDiningRoom-4131,train
LivingDiningRoom-3999,train
LivingDiningRoom-4010,train
LivingDiningRoom-25360,train
LivingDiningRoom-1334,train
LivingRoom-539,train
LivingDiningRoom-9632,train
LivingDiningRoom-7096,train
LivingDiningRoom-13071,train
LivingDiningRoom-1701,train
LivingRoom-11144,train
LivingDiningRoom-20428,train
LivingDiningRoom-16072,train
LivingDiningRoom-13678,train
LivingRoom-28161,train
LivingRoom-2104,train
LivingRoom-98034,train
LivingRoom-39485,train
LivingDiningRoom-9763,train
LivingRoom-35085,train
LivingDiningRoom-50574,train
LivingDiningRoom-29227,train
LivingRoom-890,train
LivingRoom-25131,train
LivingRoom-23777,train
LivingDiningRoom-7707,train
LivingDiningRoom-2328,train
LivingDiningRoom-1228,train
LivingDiningRoom-16369,train
LivingRoom-67001,train
LivingRoom-26266,train
LivingDiningRoom-16634,train
LivingRoom-8496,train
LivingDiningRoom-144857,train
LivingDiningRoom-30127,train
LivingDiningRoom-13945,train
LivingRoom-13009,train
LivingDiningRoom-698,train
LivingDiningRoom-46824,train
LivingDiningRoom-69704,train
LivingRoom-6045,train
LivingRoom-111675,train
LivingRoom-27545,train
LivingRoom-1618,train
LivingRoom-14,train
LivingDiningRoom-1679,train
LivingDiningRoom-9621,train
LivingRoom-13648,train
LivingDiningRoom-106046,train
LivingDiningRoom-11917,train
LivingRoom-3204,train
LivingRoom-9117,train
LivingRoom-2602,train
LivingDiningRoom-22470,train
LivingDiningRoom-128962,train
LivingDiningRoom-5733,train
LivingRoom-1353,train
LivingRoom-2136,train
LivingDiningRoom-22,train
LivingDiningRoom-10711,train
LivingDiningRoom-2610,train
LivingDiningRoom-12169,train
LivingDiningRoom-128466,train
LivingRoom-151420,train
LivingRoom-5149,train
LivingDiningRoom-8968,train
LivingDiningRoom-4137,train
LivingRoom-15502,train
LivingDiningRoom-9454,train
LivingRoom-1253,train
LivingRoom-15506,train
LivingDiningRoom-77544,train
LivingRoom-5655,train
LivingRoom-88425,train
LivingRoom-5633,train
LivingRoom-2410,train
LivingRoom-33324,train
LivingDiningRoom-7023,train
LivingRoom-611,train
LivingDiningRoom-2258,train
LivingDiningRoom-5956,train
LivingRoom-10294,train
LivingDiningRoom-1531,train
LivingRoom-27368,train
LivingRoom-6833,train
LivingDiningRoom-14482,train
LivingDiningRoom-57707,train
LivingRoom-62595,train
LivingDiningRoom-8122,train
LivingRoom-12895,train
LivingDiningRoom-2620,train
LivingRoom-60895,train
LivingRoom-14341,train
LivingDiningRoom-37024,train
LivingRoom-71357,train
LivingDiningRoom-113,train
LivingDiningRoom-25291,train
LivingRoom-7470,train
LivingRoom-4543,train
LivingDiningRoom-20731,train
LivingDiningRoom-51556,train
LivingDiningRoom-119029,train
LivingRoom-67314,train
LivingDiningRoom-107,train
LivingDiningRoom-2439,train
LivingDiningRoom-11122,train
LivingRoom-8087,train
LivingDiningRoom-31684,train
LivingDiningRoom-12619,train
LivingDiningRoom-11830,train
LivingDiningRoom-1985,train
LivingDiningRoom-5119,train
LivingDiningRoom-71271,train
LivingDiningRoom-10339,train
LivingDiningRoom-33915,train
LivingRoom-1848,train
LivingDiningRoom-31520,train
LivingDiningRoom-6081,train
LivingDiningRoom-34204,train
LivingDiningRoom-22775,train
LivingDiningRoom-11167,train
LivingDiningRoom-1921,train
LivingRoom-355604,train
LivingDiningRoom-6485,train
LivingDiningRoom-134680,train
LivingDiningRoom-1037,train
LivingDiningRoom-7940,train
LivingDiningRoom-18728,train
LivingDiningRoom-17615,train
LivingRoom-14482,train
LivingDiningRoom-11801,train
LivingDiningRoom-74331,train
LivingDiningRoom-35413,train
LivingRoom-7918,train
LivingRoom-5161,train
LivingDiningRoom-838,train
LivingRoom-3695,train
LivingDiningRoom-3474,train
LivingDiningRoom-54045,train
LivingRoom-6979,train
LivingRoom-91111,train
LivingRoom-12827,train
LivingRoom-824,train
LivingRoom-21437,train
LivingDiningRoom-276836,train
LivingDiningRoom-10479,train
LivingDiningRoom-23254,train
LivingDiningRoom-81470,train
LivingDiningRoom-45329,train
LivingDiningRoom-35947,train
LivingDiningRoom-62241,train
LivingDiningRoom-15322,train
LivingDiningRoom-15409,train
LivingDiningRoom-15610,train
LivingRoom-1738,train
LivingDiningRoom-26288,train
LivingDiningRoom-5774,train
LivingDiningRoom-1201,train
LivingDiningRoom-11910,train
LivingDiningRoom-8718,train
LivingDiningRoom-1764,train
LivingRoom-50084,train
LivingDiningRoom-10068,train
LivingDiningRoom-15790,train
LivingDiningRoom-37641,train
LivingDiningRoom-23413,train
LivingRoom-11300,train
LivingDiningRoom-3480,train
LivingDiningRoom-37289,train
LivingDiningRoom-2486,train
LivingRoom-3797,train
LivingDiningRoom-4850,train
LivingDiningRoom-7057,train
LivingDiningRoom-248,train
LivingRoom-4053,train
LivingDiningRoom-21284,train
LivingDiningRoom-9549,train
LivingDiningRoom-6155,train
LivingDiningRoom-57414,train
LivingRoom-40968,train
LivingRoom-518,train
LivingRoom-5110,train
LivingDiningRoom-21234,train
LivingDiningRoom-10892,train
LivingDiningRoom-5131,train
LivingRoom-19382,train
LivingDiningRoom-6079,train
LivingDiningRoom-40062,train
LivingDiningRoom-997,train
LivingDiningRoom-26031,train
LivingRoom-2151,train
LivingDiningRoom-114634,train
LivingDiningRoom-22877,train
LivingDiningRoom-29413,train
LivingRoom-12203,train
LivingDiningRoom-8049,train
LivingDiningRoom-77047,train
LivingDiningRoom-59355,train
LivingDiningRoom-22096,train
LivingDiningRoom-18578,train
LivingDiningRoom-37001,train
LivingDiningRoom-45001,train
LivingDiningRoom-74474,train
LivingDiningRoom-16314,train
LivingDiningRoom-44356,train
LivingDiningRoom-5087,train
LivingDiningRoom-11292,train
LivingDiningRoom-3127,train
LivingDiningRoom-21832,train
LivingDiningRoom-99518,train
LivingDiningRoom-25117,train
LivingDiningRoom-13451,train
LivingDiningRoom-53384,train
LivingRoom-10252,train
LivingDiningRoom-5218,train
LivingRoom-34874,train
LivingDiningRoom-4473,train
LivingDiningRoom-152170,train
LivingDiningRoom-12385,train
LivingDiningRoom-29062,train
LivingDiningRoom-13594,train
LivingDiningRoom-162404,train
LivingDiningRoom-1048,train
LivingDiningRoom-1900,train
LivingDiningRoom-9028,train
LivingDiningRoom-33940,train
LivingRoom-37659,train
LivingRoom-409,train
LivingRoom-10974,train
LivingDiningRoom-1744,train
LivingDiningRoom-460,train
LivingRoom-30927,train
LivingRoom-23405,train
LivingRoom-43669,train
LivingDiningRoom-2065,train
LivingDiningRoom-10723,train
LivingDiningRoom-11555,train
LivingDiningRoom-5388,train
LivingRoom-26286,train
LivingDiningRoom-11440,train
LivingDiningRoom-3484,train
LivingDiningRoom-3395,train
LivingDiningRoom-30074,train
LivingDiningRoom-1431,train
LivingDiningRoom-1984,train
LivingRoom-4460,train
LivingDiningRoom-2447,train
LivingRoom-39213,train
LivingDiningRoom-49915,train
LivingDiningRoom-65030,train
LivingDiningRoom-7298,train
LivingDiningRoom-5343,train
LivingDiningRoom-5987,train
LivingDiningRoom-25714,train
LivingDiningRoom-8276,train
LivingDiningRoom-9992,train
LivingRoom-1566,train
LivingRoom-33359,train
LivingDiningRoom-1520,train
LivingRoom-21654,train
LivingRoom-77421,train
LivingDiningRoom-66938,train
LivingDiningRoom-3715,train
LivingDiningRoom-76810,train
LivingDiningRoom-4154,train
LivingDiningRoom-1898,train
LivingDiningRoom-16798,train
LivingDiningRoom-1110,train
LivingDiningRoom-8714,train
LivingDiningRoom-6844,train
LivingDiningRoom-19612,train
LivingRoom-55,train
LivingDiningRoom-8814,train
LivingRoom-38434,train
LivingDiningRoom-21042,train
LivingDiningRoom-3471,train
LivingRoom-19481,train
LivingRoom-20386,train
LivingDiningRoom-201,train
LivingDiningRoom-26811,train
LivingDiningRoom-326,train
LivingDiningRoom-36077,train
LivingDiningRoom-24540,train
LivingDiningRoom-68183,train
LivingDiningRoom-5684,train
LivingDiningRoom-71738,train
LivingRoom-38721,train
LivingDiningRoom-35067,train
LivingDiningRoom-535,train
LivingDiningRoom-241089,train
LivingDiningRoom-2393,train
LivingRoom-1951,train
LivingDiningRoom-56499,train
LivingRoom-18042,train
LivingDiningRoom-2349,train
LivingDiningRoom-45017,train
LivingDiningRoom-18037,train
LivingDiningRoom-78283,train
LivingDiningRoom-37551,train
LivingRoom-3890,train
LivingDiningRoom-6226,train
LivingDiningRoom-22101,train
LivingRoom-83039,train
LivingRoom-61164,train
LivingRoom-63045,train
LivingDiningRoom-1354,train
LivingRoom-71071,train
LivingDiningRoom-7430,train
LivingDiningRoom-4827,train
LivingDiningRoom-15731,train
LivingRoom-45932,train
LivingDiningRoom-11608,train
LivingDiningRoom-118911,train
LivingDiningRoom-476,train
LivingDiningRoom-516,train
LivingDiningRoom-9744,train
LivingDiningRoom-9479,train
LivingDiningRoom-27185,train
LivingDiningRoom-504,train
LivingDiningRoom-19390,train
LivingDiningRoom-5162,train
LivingRoom-1676,train
LivingDiningRoom-11606,train
LivingDiningRoom-32452,train
LivingDiningRoom-17088,train
LivingDiningRoom-14337,train
LivingDiningRoom-1050,train
LivingRoom-214380,train
LivingDiningRoom-13186,train
LivingRoom-27749,train
LivingDiningRoom-9995,train
LivingDiningRoom-11539,train
LivingDiningRoom-4122,train
LivingDiningRoom-27430,train
LivingDiningRoom-15199,train
LivingRoom-1520,train
LivingRoom-34140,train
LivingDiningRoom-98003,train
LivingDiningRoom-16427,train
LivingDiningRoom-14618,train
LivingRoom-10108,train
LivingDiningRoom-13700,train
LivingDiningRoom-163914,train
LivingDiningRoom-26885,train
LivingDiningRoom-33892,train
LivingRoom-41901,train
LivingRoom-16017,train
LivingDiningRoom-139436,train
LivingDiningRoom-38341,train
LivingDiningRoom-78953,train
LivingDiningRoom-18273,train
LivingDiningRoom-11771,train
LivingDiningRoom-17558,train
LivingDiningRoom-70537,train
LivingDiningRoom-47893,train
LivingDiningRoom-1004,train
LivingDiningRoom-2954,train
LivingRoom-42161,train
LivingDiningRoom-941,train
LivingDiningRoom-42072,train
LivingDiningRoom-88963,train
LivingDiningRoom-1711,train
LivingDiningRoom-3061,train
LivingRoom-15858,train
LivingDiningRoom-4056,train
LivingDiningRoom-53709,train
LivingRoom-3217,train
LivingDiningRoom-5339,train
LivingDiningRoom-56654,train
LivingDiningRoom-9942,train
LivingRoom-2050,train
LivingDiningRoom-840,train
LivingRoom-91141,train
LivingRoom-318,train
LivingDiningRoom-9530,train
LivingRoom-53948,train
LivingDiningRoom-25199,train
LivingDiningRoom-35029,train
LivingRoom-100708,train
LivingRoom-27249,train
LivingDiningRoom-41202,train
LivingDiningRoom-262051,train
LivingDiningRoom-5405,train
LivingRoom-15768,train
LivingDiningRoom-13259,train
LivingDiningRoom-514,train
LivingDiningRoom-18089,train
LivingDiningRoom-74225,train
LivingRoom-69328,train
LivingDiningRoom-9790,train
LivingRoom-5361,train
LivingDiningRoom-31700,train
LivingDiningRoom-2476,train
LivingDiningRoom-24287,train
LivingDiningRoom-7249,train
LivingDiningRoom-270,train
LivingRoom-33448,train
LivingRoom-1598,train
LivingDiningRoom-57979,train
LivingDiningRoom-2432,train
LivingDiningRoom-9746,train
LivingRoom-44797,train
LivingDiningRoom-7999,train
LivingRoom-41466,train
LivingDiningRoom-5290,train
LivingDiningRoom-113137,train
LivingRoom-76661,train
LivingRoom-5067,train
LivingRoom-186,train
LivingRoom-4260,train
LivingDiningRoom-7124,train
LivingDiningRoom-16289,train
LivingDiningRoom-233,train
LivingRoom-360,train
LivingDiningRoom-8843,train
LivingRoom-17283,train
LivingDiningRoom-544,train
LivingRoom-41316,train
LivingRoom-3203,train
LivingRoom-65671,train
LivingRoom-3449,train
LivingDiningRoom-6461,train
LivingRoom-88523,train
LivingDiningRoom-18908,train
LivingDiningRoom-37172,train
LivingDiningRoom-32255,train
LivingRoom-17062,train
LivingDiningRoom-15465,train
LivingDiningRoom-39494,train
LivingDiningRoom-4682,train
LivingRoom-18059,train
LivingRoom-8766,train
LivingDiningRoom-14873,train
LivingRoom-37631,train
LivingDiningRoom-6109,train
LivingDiningRoom-17356,train
LivingRoom-83183,train
LivingDiningRoom-124277,train
LivingRoom-3540,train
LivingDiningRoom-13439,train
LivingRoom-32091,train
LivingDiningRoom-26523,train
LivingDiningRoom-13860,train
LivingRoom-35461,train
LivingDiningRoom-91005,train
LivingRoom-12351,train
LivingDiningRoom-629,train
LivingDiningRoom-27102,train
LivingDiningRoom-1320,train
LivingDiningRoom-10921,train
LivingDiningRoom-17826,train
LivingDiningRoom-11797,train
LivingRoom-22322,train
LivingDiningRoom-18581,train
LivingDiningRoom-19626,train
LivingDiningRoom-12401,train
LivingRoom-7106,train
LivingDiningRoom-70212,train
LivingDiningRoom-420,train
LivingRoom-67073,train
LivingDiningRoom-381,train
LivingDiningRoom-54997,train
LivingRoom-9418,train
LivingDiningRoom-34678,train
LivingRoom-1635,train
LivingDiningRoom-4696,train
LivingDiningRoom-27644,train
LivingDiningRoom-15419,train
LivingDiningRoom-44684,train
LivingRoom-1259,train
LivingDiningRoom-15128,train
LivingDiningRoom-4693,train
LivingDiningRoom-13989,train
LivingDiningRoom-8375,train
LivingDiningRoom-10493,train
LivingDiningRoom-35492,train
LivingDiningRoom-8006,train
LivingDiningRoom-13623,train
LivingDiningRoom-1419,train
LivingRoom-2715,train
LivingDiningRoom-69519,train
LivingDiningRoom-19931,train
LivingRoom-57772,train
LivingDiningRoom-70142,train
LivingDiningRoom-25795,train
LivingRoom-10453,train
LivingDiningRoom-77193,train
LivingDiningRoom-10362,train
LivingRoom-211,train
LivingDiningRoom-37746,train
LivingDiningRoom-101134,train
LivingRoom-3225,train
LivingDiningRoom-27164,train
LivingDiningRoom-45776,train
LivingDiningRoom-232,train
LivingDiningRoom-42284,train
LivingRoom-2668,train
LivingDiningRoom-176519,train
LivingRoom-9544,train
LivingDiningRoom-19698,train
LivingRoom-59825,train
LivingRoom-7404,train
LivingDiningRoom-26816,train
LivingDiningRoom-2999,train
LivingDiningRoom-1538,train
LivingDiningRoom-1344,train
LivingRoom-7264,train
LivingDiningRoom-142,train
LivingDiningRoom-209282,train
LivingDiningRoom-3047,train
LivingDiningRoom-2106,train
LivingRoom-20182,train
LivingRoom-8148,train
LivingDiningRoom-121211,train
LivingDiningRoom-15430,train
LivingDiningRoom-1196,train
LivingDiningRoom-13177,train
LivingDiningRoom-41360,train
LivingRoom-89400,train
LivingDiningRoom-5117,train
LivingDiningRoom-14966,train
LivingDiningRoom-29341,train
LivingRoom-52940,train
LivingDiningRoom-17107,train
LivingDiningRoom-8288,train
LivingDiningRoom-6787,train
LivingDiningRoom-48528,train
LivingDiningRoom-54384,train
LivingDiningRoom-36702,train
LivingDiningRoom-8871,train
LivingDiningRoom-60564,train
LivingRoom-13599,train
LivingDiningRoom-21803,train
LivingDiningRoom-7862,train
LivingDiningRoom-46190,train
LivingRoom-7407,train
LivingDiningRoom-19339,train
LivingDiningRoom-8452,train
LivingDiningRoom-5677,train
LivingDiningRoom-14848,train
LivingDiningRoom-29182,train
LivingDiningRoom-9014,train
LivingRoom-5732,train
LivingDiningRoom-17657,train
LivingDiningRoom-40391,train
LivingRoom-728,train
LivingRoom-36683,train
LivingDiningRoom-3910,train
LivingRoom-791,train
LivingRoom-35924,train
LivingDiningRoom-2077,train
LivingRoom-16096,train
LivingRoom-327,train
LivingDiningRoom-563,train
LivingDiningRoom-7751,train
LivingDiningRoom-1592,train
LivingRoom-10060,train
LivingDiningRoom-1362,train
LivingDiningRoom-4544,train
LivingDiningRoom-12211,train
LivingDiningRoom-13620,train
LivingDiningRoom-9101,train
LivingDiningRoom-1287,train
LivingDiningRoom-880,train
LivingDiningRoom-70961,train
LivingRoom-1906,train
LivingDiningRoom-21638,train
LivingDiningRoom-57219,train
LivingRoom-19435,train
LivingDiningRoom-13962,train
LivingDiningRoom-3831,train
LivingDiningRoom-10026,train
LivingDiningRoom-507,train
LivingDiningRoom-10576,train
LivingDiningRoom-32392,train
LivingRoom-178433,train
LivingDiningRoom-13047,train
LivingRoom-46694,train
LivingDiningRoom-9939,train
LivingRoom-2057,train
LivingDiningRoom-2715,train
LivingRoom-42021,train
LivingRoom-76893,train
LivingDiningRoom-279,train
LivingDiningRoom-553,train
LivingDiningRoom-15768,train
LivingDiningRoom-3367,train
LivingRoom-1097,train
LivingDiningRoom-5402,train
LivingRoom-13248,train
LivingRoom-6512,train
LivingDiningRoom-61628,train
LivingDiningRoom-20518,train
LivingRoom-12361,train
LivingDiningRoom-19270,train
LivingDiningRoom-12058,train
LivingRoom-18816,train
LivingRoom-26823,train
LivingDiningRoom-52730,train
LivingDiningRoom-968,train
LivingDiningRoom-12564,train
LivingDiningRoom-5734,train
LivingDiningRoom-10183,train
LivingRoom-9232,train
LivingDiningRoom-2316,train
LivingRoom-2023,train
LivingDiningRoom-103650,train
LivingDiningRoom-20720,train
LivingRoom-41606,train
LivingDiningRoom-8304,train
LivingDiningRoom-758,train
LivingDiningRoom-5178,train
LivingDiningRoom-118815,train
LivingDiningRoom-61187,train
LivingRoom-105598,train
LivingDiningRoom-26069,train
LivingDiningRoom-379,train
LivingDiningRoom-768,train
LivingDiningRoom-2138,train
LivingDiningRoom-37405,train
LivingDiningRoom-19536,train
LivingDiningRoom-50487,train
LivingDiningRoom-9123,train
LivingRoom-11224,train
LivingRoom-20330,train
LivingRoom-419,train
LivingDiningRoom-24764,train
LivingDiningRoom-582,train
LivingRoom-3587,train
LivingDiningRoom-14571,train
LivingDiningRoom-2122,train
LivingDiningRoom-23474,train
LivingDiningRoom-6060,train
LivingRoom-10766,train
LivingDiningRoom-32202,train
LivingDiningRoom-45836,train
LivingRoom-23725,train
LivingDiningRoom-33482,train
LivingRoom-5401,train
LivingDiningRoom-18022,train
LivingDiningRoom-554,train
LivingDiningRoom-6843,train
LivingDiningRoom-11695,train
LivingDiningRoom-5217,train
LivingRoom-25582,train
LivingDiningRoom-4585,train
LivingDiningRoom-7363,train
LivingDiningRoom-29009,train
LivingDiningRoom-2575,train
LivingDiningRoom-1080,train
LivingRoom-69073,train
LivingDiningRoom-6989,train
LivingDiningRoom-112491,train
LivingDiningRoom-4027,train
LivingDiningRoom-1307,train
LivingDiningRoom-18479,train
LivingDiningRoom-1965,train
LivingDiningRoom-16155,train
LivingDiningRoom-68763,train
LivingDiningRoom-39432,train
LivingDiningRoom-3349,train
LivingDiningRoom-1243,train
LivingDiningRoom-31431,train
LivingDiningRoom-48055,train
LivingRoom-12271,train
LivingRoom-3973,train
LivingRoom-5614,train
LivingDiningRoom-76216,train
LivingDiningRoom-16828,train
LivingDiningRoom-6936,train
LivingRoom-41893,train
LivingDiningRoom-814,train
LivingDiningRoom-2973,train
LivingRoom-3698,train
LivingDiningRoom-961,train
LivingDiningRoom-93491,train
LivingDiningRoom-2583,train
LivingDiningRoom-58272,val
LivingRoom-4789,val
LivingDiningRoom-142185,val
LivingDiningRoom-43974,val
LivingRoom-13136,val
LivingRoom-18071,val
LivingDiningRoom-11325,val
LivingRoom-29809,val
LivingDiningRoom-77579,val
LivingDiningRoom-15471,val
LivingDiningRoom-33368,val
LivingRoom-30147,val
LivingDiningRoom-1123,val
LivingDiningRoom-1768,val
LivingDiningRoom-60592,val
LivingDiningRoom-13536,val
LivingDiningRoom-43900,val
LivingRoom-50363,val
LivingDiningRoom-21808,val
LivingRoom-17951,val
LivingRoom-4892,val
LivingDiningRoom-3542,val
LivingDiningRoom-4294,val
LivingRoom-4561,val
LivingDiningRoom-8271,val
LivingDiningRoom-1446,val
LivingDiningRoom-63349,val
LivingRoom-91063,val
LivingDiningRoom-11333,val
LivingDiningRoom-192367,val
LivingDiningRoom-62089,val
LivingDiningRoom-23971,val
LivingDiningRoom-5442,val
LivingDiningRoom-13776,val
LivingRoom-26168,val
LivingRoom-24666,val
LivingRoom-38688,val
LivingDiningRoom-18871,val
LivingRoom-41411,val
LivingDiningRoom-14386,val
LivingRoom-22787,val
LivingDiningRoom-19374,val
LivingRoom-14036,val
LivingDiningRoom-12325,val
LivingDiningRoom-12577,val
LivingRoom-6982,val
LivingDiningRoom-15211,val
LivingDiningRoom-15114,val
LivingDiningRoom-226690,val
LivingDiningRoom-2917,val
LivingDiningRoom-17836,val
LivingDiningRoom-5082,val
LivingDiningRoom-186,val
LivingDiningRoom-11244,val
LivingRoom-53762,val
LivingDiningRoom-22011,val
LivingDiningRoom-137481,val
LivingDiningRoom-49733,val
LivingRoom-104297,val
LivingDiningRoom-6157,val
LivingDiningRoom-2729,val
LivingRoom-23471,val
LivingDiningRoom-8302,val
LivingDiningRoom-13703,val
LivingDiningRoom-8026,val
LivingDiningRoom-7674,val
LivingDiningRoom-20192,val
LivingDiningRoom-84752,val
LivingDiningRoom-2663,val
LivingDiningRoom-62037,val
LivingDiningRoom-8606,val
LivingRoom-4169,val
LivingDiningRoom-3376,val
LivingDiningRoom-29669,val
LivingRoom-33692,val
LivingDiningRoom-31395,val
LivingDiningRoom-11362,val
LivingDiningRoom-23314,val
LivingDiningRoom-1128,val
LivingDiningRoom-8095,val
LivingDiningRoom-64294,val
LivingDiningRoom-8799,val
LivingDiningRoom-17672,val
LivingDiningRoom-220,val
LivingRoom-5469,val
LivingDiningRoom-2152,val
LivingDiningRoom-76396,val
LivingDiningRoom-12009,val
LivingRoom-2159,val
LivingDiningRoom-1315,val
LivingDiningRoom-17104,val
LivingDiningRoom-11033,val
LivingRoom-24046,val
LivingDiningRoom-27857,val
LivingRoom-52289,val
LivingDiningRoom-7730,val
LivingDiningRoom-61638,val
LivingDiningRoom-63837,val
LivingRoom-24701,val
LivingDiningRoom-35769,val
LivingDiningRoom-108064,val
LivingDiningRoom-1994,val
LivingRoom-2873,val
LivingDiningRoom-32204,val
LivingDiningRoom-60607,val
LivingDiningRoom-57605,val
LivingDiningRoom-12191,val
LivingRoom-48845,test
LivingDiningRoom-43160,test
LivingRoom-30957,test
LivingDiningRoom-451,test
LivingDiningRoom-11919,test
LivingDiningRoom-13632,test
LivingDiningRoom-2636,test
LivingRoom-12207,test
LivingDiningRoom-2508,test
LivingRoom-22102,test
LivingRoom-2328,test
LivingDiningRoom-74612,test
LivingDiningRoom-9462,test
LivingRoom-1537,test
LivingDiningRoom-126850,test
LivingDiningRoom-355,test
LivingDiningRoom-8358,test
LivingDiningRoom-45341,test
LivingDiningRoom-9272,test
LivingRoom-11670,test
LivingDiningRoom-35401,test
LivingDiningRoom-13061,test
LivingDiningRoom-84890,test
LivingRoom-5774,test
LivingDiningRoom-3674,test
LivingDiningRoom-20298,test
LivingRoom-16371,test
LivingDiningRoom-72973,test
LivingDiningRoom-15529,test
LivingDiningRoom-174,test
LivingDiningRoom-837,test
LivingDiningRoom-14508,test
LivingDiningRoom-223767,test
LivingDiningRoom-10021,test
LivingRoom-45612,test
LivingRoom-19334,test
LivingRoom-48562,test
LivingDiningRoom-1625,test
LivingDiningRoom-21823,test
LivingDiningRoom-10610,test
LivingDiningRoom-13633,test
LivingDiningRoom-74263,test
LivingDiningRoom-56789,test
LivingDiningRoom-27589,test
LivingDiningRoom-48904,test
LivingDiningRoom-14573,test
LivingDiningRoom-19103,test
LivingRoom-1698,test
LivingDiningRoom-569,test
LivingDiningRoom-2891,test
LivingDiningRoom-9159,test
LivingRoom-8582,test
LivingRoom-27723,test
LivingDiningRoom-25555,test
LivingDiningRoom-2166,test
LivingDiningRoom-57947,test
LivingDiningRoom-7220,test
LivingDiningRoom-5614,test
LivingDiningRoom-70369,test
LivingRoom-1679,test
LivingDiningRoom-15929,test
LivingDiningRoom-61800,test
LivingDiningRoom-24470,test
LivingRoom-42866,test
LivingDiningRoom-998,test
LivingDiningRoom-13574,test
LivingDiningRoom-19646,test
LivingDiningRoom-5381,test
LivingDiningRoom-6087,test
LivingDiningRoom-35319,test
LivingDiningRoom-2943,test
LivingDiningRoom-34192,test
LivingRoom-46675,test
LivingRoom-1255,test
LivingDiningRoom-22223,test
LivingDiningRoom-14432,test
LivingDiningRoom-14772,test
LivingDiningRoom-18047,test
LivingDiningRoom-4271,test
LivingDiningRoom-1991,test
LivingDiningRoom-11815,test
LivingRoom-60575,test
LivingRoom-37001,test
LivingDiningRoom-14976,test
LivingDiningRoom-14085,test
LivingRoom-66954,test
LivingDiningRoom-8120,test
LivingRoom-3168,test
LivingRoom-46192,test
LivingDiningRoom-2456,test
LivingDiningRoom-3354,test
LivingDiningRoom-12225,test
LivingDiningRoom-20425,test
LivingDiningRoom-1447,test
LivingDiningRoom-9373,test
LivingDiningRoom-3513,test
LivingDiningRoom-109935,test
LivingDiningRoom-28046,test
LivingDiningRoom-41538,test
LivingDiningRoom-2872,test
LivingDiningRoom-64631,test
LivingDiningRoom-66502,test
LivingDiningRoom-20064,test
LivingDiningRoom-17385,test
LivingDiningRoom-79295,test
LivingDiningRoom-72618,test
LivingRoom-1276,test
LivingRoom-31397,test
LivingRoom-11414,test
