00154c06-2ee2-408a-9664-b8fd74742897_DiningRoom-17932,train
00321452-517d-431b-a21b-f52750684910_MasterBedroom-7594,train
0047c3ab-951b-4182-9082-b9fbf099c142_LivingDiningRoom-2065,train
00808820-c206-4cc8-98a5-6b7d2ff364af_SecondBedroom-19183,train
00ecd021-64bb-4bc4-b754-1796d2a12965_LivingDiningRoom-84752,train
0106f9d2-5779-457b-9b8b-72942373d42e_LivingDiningRoom-10723,train
01492580-b04d-4865-932d-c6fc225ba3b8_LivingDiningRoom-34353,train
01861393-3d82-4926-af4c-e2d29c6d0c0b_DiningRoom-32107,train
01951c96-631e-4880-83ab-1d69835e635c_LivingDiningRoom-5217,train
01df4fc6-be42-4c30-ab7f-0add3ec82213_Bedroom-44231,train
02623967-e0d7-4775-888e-6441b23a96ff_MasterBedroom-12592,train
03db631f-2bb3-4e2e-a167-3042af55db6b_Bedroom-12574,train
0405ce07-e6d8-480e-8e3e-a699b9474b15_MasterBedroom-56783,train
04684207-3d45-4d33-bd9d-0f66c9a45402_LivingDiningRoom-7220,train
04684207-3d45-4d33-bd9d-0f66c9a45402_MasterBedroom-9404,train
04773d20-6f81-4e68-a72c-2e0e0f1d73b9_MasterBedroom-44703,train
04dcc229-3353-4d90-a058-080acbcc4d59_SecondBedroom-2302,train
054528e4-15e4-4b79-b629-bd3d367b21d2_Bedroom-62070,train
05796624-b872-4ad6-b769-3d10f6e6b2f3_Bedroom-4850,train
05ffc5c9-a753-481d-a6b8-bdca64554367_Bedroom-5443,train
089458cc-75b2-45c8-a58d-177cb6aced8c_SecondBedroom-23557,train
08c22a05-81e2-41f4-8e22-c707aa082bdd_LivingRoom-17951,train
08cfec4b-56a0-43f0-8428-e31c210d8c6c_SecondBedroom-28118,train
08ee3c6d-a06d-451a-9241-09b050788d07_SecondBedroom-18403,train
0925adc7-8bb3-4080-a3bc-8bf19d5d2916_SecondBedroom-25214,train
09389527-fe13-4cc0-841e-c5e21d1aef0a_DiningRoom-41637,train
09762406-ead0-4f30-8d34-04b534d7a3f5_MasterBedroom-79904,train
0a28563b-19e4-4d67-8130-9a87a547daf6_DiningRoom-16628,train
0a504b9a-c406-4b37-bc9a-a82d720e9905_MasterBedroom-81302,train
0a71be67-5024-4b9c-a53f-da0aaa294963_MasterBedroom-29735,train
0ab72fdf-ba1b-4df5-8df2-6efcfa7bb53a_MasterBedroom-71103,train
0af309fd-4a34-4aa2-bbe9-610edadf747e_Bedroom-11398,train
0b508d29-c18c-471b-8711-3f114819ea74_MasterBedroom-12595,train
0b851a7f-d0ec-48fb-a9f2-736b1cccf44a_MasterBedroom-51236,train
0b9766ba-35c9-4af7-8040-0fad2386a9b8_MasterBedroom-394,train
0bb3d53a-d91c-4f86-afb3-0fbf0e35d1d5_SecondBedroom-11167,train
0c125bc5-9517-4db1-b088-41f794cb16f1_Bedroom-9661,train
0da4d8b3-d0fc-44c6-83bc-016a8e7a1503_Bedroom-22435,train
0e008211-22a0-4f07-939c-6d453cf5991f_Bedroom-30440,train
0e3f92e0-8f04-4643-a737-23603f438e68_LivingRoom-1951,train
0e419fb6-6c84-4dd0-ab16-a1d561d36e69_MasterBedroom-6134,train
0e563bef-ab48-4a9a-94c1-3018575fa499_SecondBedroom-9451,train
0ec2bffe-f8a9-4b36-96e3-0b56200dd722_LivingDiningRoom-18047,train
0ed12a92-fdda-4476-a267-e076b77646c5_SecondBedroom-6123,train
10087356-5564-4bb8-9dcd-72adee753630_MasterBedroom-26618,train
1055b740-22c6-429a-99db-97fee8b05751_Bedroom-3173,train
109a8e42-f7d7-4893-8262-f2030072b760_SecondBedroom-38244,train
11261c4b-35d8-422e-b517-ab73455935f6_SecondBedroom-7947,train
114a00ef-8b44-4714-b92c-f5f76dc90121_MasterBedroom-16944,train
116f9473-b473-49a4-a4da-1cf81ba45e3a_MasterBedroom-9217,train
11e72915-3639-4dac-88d7-38e98a329e86_MasterBedroom-1167,train
124f6e30-6e91-44e4-bcaa-5583b78767d0_MasterBedroom-74290,train
1268f393-0f90-4af5-92e8-cf14efb06596_MasterBedroom-1543,train
12d55a0f-c015-4a15-a64e-883547a6a645_SecondBedroom-941,train
13a27655-e337-4846-af2e-ebabfb631742_Bedroom-362,train
13e786b0-fa44-4b6c-92bd-6ef20d20b2a2_MasterBedroom-736,train
1426a7e7-7805-43ca-b258-05c9b637375a_DiningRoom-2817,train
14a2d9c7-bfc0-4ea2-889a-c8e155780738_MasterBedroom-16741,train
14d51b10-6120-4370-acdb-fe94baaed5a2_Bedroom-11504,train
15205240-8f74-4da2-a891-49267a5aacb3_SecondBedroom-86,train
15607040-50d6-431a-bd53-b18bffd5fde7_MasterBedroom-88093,train
159a7b33-c633-4a75-8ad6-00b62bcc81e0_MasterBedroom-21432,train
1658b9ab-c1db-492f-8094-b12c44939e3d_Bedroom-88317,train
173fa696-64ac-4513-8154-48b16b633a3e_SecondBedroom-20716,train
17a57d81-2837-4e39-becb-fab1548093da_MasterBedroom-31517,train
182180c7-c96f-44f6-9368-5bb43d7ace17_DiningRoom-96608,train
18bc0787-1a02-44a9-921b-f75bbbf65b9a_SecondBedroom-96865,train
190b2156-1fac-4905-93ea-5d823735a199_Bedroom-208700,train
191e6801-4ec6-4dd2-a922-17b81de51431_MasterBedroom-5490,train
1928f513-0f29-4311-b8cd-bb9faa1d3be0_MasterBedroom-4104,train
1960c136-ed10-45b9-b19c-03765a6abdc8_SecondBedroom-37424,train
198eb9ec-9059-4e26-958e-dc8fb8187713_LivingDiningRoom-15286,train
19e48746-a5c1-4223-842d-43e28ace0f97_SecondBedroom-7053,train
1a8dbd8d-0025-4373-8b94-ee9dd9fa7295_MasterBedroom-40654,train
1ba9ae7f-5074-4b11-9b38-43ea7e5ff693_MasterBedroom-38133,train
1bae485f-bd6f-402f-9aae-e08a729a148b_MasterBedroom-7854,train
1c13c2e5-a73a-47ac-9706-bd565b761a53_MasterBedroom-9784,train
1c8217ff-ad9c-4e34-9913-1935d3274de2_MasterBedroom-9661,train
1c924224-5cfa-4933-901f-596707001a91_MasterBedroom-112394,train
1cc0fd55-1c5a-4885-a2de-f30c6d387353_MasterBedroom-29013,train
1d4185fd-6736-4441-9bf8-f653312d7a3b_MasterBedroom-12892,train
1d89a45b-bb91-40af-9182-6dbb87517097_LivingDiningRoom-3831,train
1d89a45b-bb91-40af-9182-6dbb87517097_MasterBedroom-1862,train
1d8cf1d2-5807-4ea9-bef4-956cf4bd17d4_Bedroom-740,train
1e12ac7d-0584-47a4-8f90-b6086554e128_SecondBedroom-102,train
1e14f65e-f86d-4d18-ad71-aa2456e9a7c1_LivingRoom-41606,train
1e4c1b89-895e-4663-9469-f2e837fb39fd_MasterBedroom-118594,train
1e7966ed-1b5b-426b-aaef-395475df7dcd_LivingRoom-151420,train
1ecf4f03-a7cf-4d84-b332-4d58894afd6b_LivingRoom-76893,train
1f397944-0127-417c-aebc-397096d2614d_SecondBedroom-5581,train
1fac355b-d197-42b9-ab5b-0184d712a0ce_MasterBedroom-16919,train
1fc77158-532c-4d98-b9c7-cedac33ccfda_LivingRoom-5067,train
201dac8c-a9e2-44bb-9755-5eeda7b8f26a_MasterBedroom-6128,train
20e5f2e7-ab26-4119-b16a-5b7282ee0a70_LivingRoom-24666,train
211b121a-ce2c-4ea5-831e-2f8caff14cab_Bedroom-86259,train
2197e2a4-b267-4eb5-973c-e82e5304abb6_MasterBedroom-5933,train
21bce930-fd0c-4ef3-be2d-6cdd5bb3a8c7_SecondBedroom-8848,train
22ab3b63-db92-4737-bdca-6aeaa111e541_LivingDiningRoom-11122,train
22ab9439-07b3-40d1-81bd-efb6114ba00e_SecondBedroom-5013,train
22d37dff-09dc-491d-bcc0-f0283e81f04b_SecondBedroom-5378,train
2318608d-bfb7-4c3e-ba13-4c0dbd615260_SecondBedroom-1684,train
23608ced-9c2c-4d17-b7a8-4e3656d2acca_SecondBedroom-21651,train
236523ba-f956-45c5-b527-94ac5de67aea_Bedroom-2092,train
23b1facb-b178-4875-86c3-1a2a853a3dae_LivingDiningRoom-14508,train
23f42f25-fdc1-4897-8905-c60a4545e404_SecondBedroom-6278,train
247908e3-d84d-4743-9e31-a783464dd4ec_LivingDiningRoom-45341,train
25529ba8-ec0f-43ce-8b82-47f57df67d80_SecondBedroom-10802,train
26018cad-b5fe-42cb-9032-9e5a14b45c55_Bedroom-23685,train
26146707-fd21-4520-b1fb-2ff93b2560e3_MasterBedroom-15661,train
2615ddc5-6763-47c0-84a9-b2fe790662c2_LivingRoom-2294,train
26de08c8-c3d4-4e30-bb73-94468c9750e2_Bedroom-7232,train
28d29c60-ea18-4761-92d5-58a57b52f2c9_Bedroom-3313,train
29aa7167-1c46-4ce0-8c58-3cfb7a7d15af_SecondBedroom-69556,train
29de9cfc-57d4-46d9-a40c-bdc7991f6902_LivingDiningRoom-2143,train
29f0cde3-b19e-4b18-92b0-1e33ed59b304_DiningRoom-6376,train
2a23f8b0-9cf7-4655-be69-10508912fc99_Bedroom-563,train
2a8a1191-d4cc-46e4-b5ea-65e01954dbfa_SecondBedroom-214733,train
2b7bbd2f-8e66-45af-bfda-8ccec86cf64d_SecondBedroom-12420,train
2b7bdb1f-48bf-4987-a420-b3887e7c4a2c_SecondBedroom-25948,train
2be2628f-bec8-4217-9660-805b1c8a1baa_LivingDiningRoom-142185,train
2be2628f-bec8-4217-9660-805b1c8a1baa_MasterBedroom-141734,train
2befd25c-4ad6-4d8d-a817-85f69d9e1197_SecondBedroom-78718,train
2c1a198e-8bc6-490c-ada7-bc66729b7151_Bedroom-125104,train
2c1b1eb9-e5ce-4cdb-815e-32d3b6e8ca4f_MasterBedroom-50988,train
2c36d890-0d02-438e-9dfc-b817f31c3f44_DiningRoom-17537,train
2cc4bb7c-edb2-45bc-a958-26b9ac800a4e_MasterBedroom-10209,train
2ccbadbd-5c68-4b09-90fb-0c79585cef29_SecondBedroom-16072,train
2d728150-ecd3-4648-b584-68de8e9f9a89_MasterBedroom-120616,train
2da2523f-1852-4a2a-9809-37dba6c8b959_Bedroom-13499,train
2dc39940-b53e-4451-84f8-ce8cf3aa9171_Bedroom-10751,train
2deeee08-d427-4827-93cf-4314c594d488_LivingDiningRoom-20192,train
2df891e0-29c2-49c5-9260-db814a9e397c_MasterBedroom-19265,train
2e410f39-cbe5-4403-a7bc-3b683ba72a07_LivingDiningRoom-6157,train
2e82690f-7099-4b37-9375-f62598968df1_SecondBedroom-2658,train
2fe35e65-12fe-4cef-a2ab-e77718407d40_SecondBedroom-12268,train
3016ecbb-ddfd-4a33-a2db-0245e539ac6e_LivingRoom-20182,train
30f2574f-dd2d-4e97-a937-dce8be2af98e_SecondBedroom-118939,train
31067a38-bcda-4496-9cbf-f0d8e538ed7e_DiningRoom-12114,train
320753f3-80d9-4237-9f59-38c4201a2782_Bedroom-4256,train
32216876-8786-4e76-a06c-bce05e2192e2_MasterBedroom-1629,train
337ca42e-c680-4e47-b36e-16a4cc7090ff_LivingRoom-100708,train
339e4d0f-096a-4453-be12-5a730e71e6aa_LivingDiningRoom-15731,train
33aa8461-e8c8-44ef-b237-d0a83d077c4e_MasterBedroom-4651,train
33fabe16-27bd-473f-b361-5904fb1c8baa_MasterBedroom-11742,train
34162b32-057e-4069-98ad-eaa186cd5370_MasterBedroom-6682,train
360e8f1f-c0cf-40b7-892a-2d4d6c76561b_MasterBedroom-10472,train
360ff522-f387-4714-b1f1-c4092d5167b4_MasterBedroom-17635,train
36c2c33b-73f2-47d5-881e-2fa359198b9a_MasterBedroom-35458,train
36cf5620-674c-4a4b-b4de-1a1038e6e287_MasterBedroom-67870,train
370d8ff2-386a-4570-ab49-5f3db0891cf2_MasterBedroom-7982,train
386553cb-c7ee-47e6-926a-679a9e65fa1a_Bedroom-23021,train
387a6322-efff-41e8-a11a-f4d04321ce10_Bedroom-7832,train
3935a020-6a26-4e14-ba45-39062fc8aed0_MasterBedroom-37265,train
39629e24-b405-420b-8fb0-72cef0238f70_DiningRoom-6513,train
3a9bdb50-7fe5-45a5-8071-f5ab3c8e2a44_SecondBedroom-58832,train
3b5a9dae-0314-490c-b0ff-5ee9edfa4741_SecondBedroom-31401,train
3ba16a91-d753-4a16-a316-12f29948cef9_Bedroom-5699,train
3bc6c458-c350-4da0-a441-c882bbb05731_LivingDiningRoom-20064,train
3bf54310-1dd3-45a3-b6ce-e192f4d8ff43_Bedroom-18,train
3cb92d64-e832-4c05-be86-a286b92a1ac6_LivingRoom-5774,train
3d43fc39-ad02-49ec-84ec-ef943021d3c1_SecondBedroom-1906,train
3db40bf1-6f2c-45a1-9c26-386014ba6e24_MasterBedroom-36842,train
3dbb1b3e-f774-4f93-9bb7-b2c3dd5fb8cc_MasterBedroom-5561,train
3dc5baed-a3ec-448e-b564-9afe4915b667_LivingDiningRoom-24410,train
3e40b128-6291-41ff-89aa-0ae707a594c6_MasterBedroom-11237,train
3e40b128-6291-41ff-89aa-0ae707a594c6_SecondBedroom-11303,train
3e9f2a5c-2530-42c4-981e-c134bd7b8591_Bedroom-14560,train
3ec24496-80f4-4ea1-b889-b3cb902d2a47_SecondBedroom-5466,train
3eee21b6-9b7c-4c64-b79b-e67bcc80c3e2_SecondBedroom-4947,train
3f3d9b08-0047-4e38-9c18-6a77a30d7f95_MasterBedroom-1647,train
3fc88ba8-7ea3-4653-892f-83667812c78a_MasterBedroom-76324,train
41053719-a949-4424-841b-a29c5d6a079a_LivingDiningRoom-8276,train
410f4975-e3ff-42c5-975f-cd1878d41070_Bedroom-9794,train
423a87ad-9f80-426b-8faf-9015764a0978_MasterBedroom-30716,train
4252f77a-ff14-44a0-b4b5-f18c7db19bc2_SecondBedroom-3914,train
427e4499-9d2d-4a29-a950-76f9aea81ffe_LivingRoom-2933,train
42a59e9c-16cb-4596-bd68-395d74ef03ae_MasterBedroom-19750,train
42c087e2-924a-406b-aee9-8aa9c57d9d8b_Bedroom-2075,train
43b74fcd-363a-4cf5-9bb3-4444768c589c_SecondBedroom-42190,train
43dce6e3-e13c-4ad8-87cc-a0141569311d_MasterBedroom-12942,train
4409ab36-f1e1-442c-8fbc-ff49638af1e8_DiningRoom-26150,train
4409ab36-f1e1-442c-8fbc-ff49638af1e8_MasterBedroom-29958,train
4481c4f2-8355-415c-9787-c9a12dc948ee_Bedroom-29834,train
46962cd9-1433-4c4a-ad4e-3a700ed010c0_MasterBedroom-1762236,train
4846c351-6019-4a91-80ee-4888147cb903_LivingDiningRoom-17826,train
48812187-9207-4686-9f6e-e8e1e97eeabd_SecondBedroom-8840,train
490f9a57-79fd-4854-901d-023d0a56fadc_MasterBedroom-30669,train
491ceb63-5cbd-4c24-b0e6-da8aec15eebc_SecondBedroom-37249,train
49832d73-cd59-4b63-87b8-2a2c945b526e_MasterBedroom-5547,train
49d213b4-57e6-4422-84de-ee107e179d19_SecondBedroom-5222,train
4ad70f20-a808-4d83-ad8f-4556cbc58760_Bedroom-604596,train
4b1513de-23df-43b3-866f-ef10c1c09d58_MasterBedroom-13936,train
4b2324a4-5910-4719-b6dd-b47d20b6b06d_Bedroom-160646,train
4b95d149-431c-4f94-aa7c-2e1a8bb20599_MasterBedroom-928,train
4ba8a28c-b40f-45f8-8329-b13bcb70ff02_Bedroom-23580,train
4cab8354-8d8e-4200-b1cf-da003b6d6d73_MasterBedroom-956,train
4cab8354-8d8e-4200-b1cf-da003b6d6d73_SecondBedroom-307,train
4e16983f-11ec-4345-aca0-3841f58f99e8_MasterBedroom-1512,train
4e75f6db-1188-4917-b4cb-afc15ca67b8c_SecondBedroom-9802,train
4f1cc012-96d5-4669-b631-1ccb3003e77e_MasterBedroom-102651,train
4f2012c0-ec3b-4fff-9cd4-68c37fe42ea1_LivingDiningRoom-54384,train
4fd6bf82-bb9e-45c1-8d10-91f3e3fb0557_MasterBedroom-100198,train
510e1d36-b89a-4e57-91fe-87671d00977e_MasterBedroom-13590,train
5113fd61-0a51-4309-9ca3-9461623f92d1_SecondBedroom-185607,train
5130545c-cb6d-4547-b120-5815531c8589_DiningRoom-116178,train
51c7e12f-a8ee-4c53-9ec8-85311bb81075_SecondBedroom-8279,train
531c8742-d3b6-43eb-a56a-39b620e70500_MasterBedroom-17461,train
532f51b0-9e98-4f27-9bef-8d8726fa8161_Bedroom-32636,train
53608c94-9c21-4beb-a7c4-fb19b05a1a34_DiningRoom-9557,train
53a2b4d8-dee2-401f-99a3-c76ebe17be2b_Bedroom-3183,train
53dd8916-335c-4370-b51f-dfe318b63aee_DiningRoom-3653,train
5493b6a0-cd82-4236-8814-1001e9c5b9cf_LivingDiningRoom-77544,train
549abbb2-a523-4004-a217-d6bab54f94dc_Bedroom-12991,train
54d29e13-6e4f-4930-9418-fcdcf6e2071a_MasterBedroom-3391,train
54f2ad1d-ba3f-4c61-a8b3-68bc90ae15b9_SecondBedroom-25677,train
54f911eb-26a7-410f-b212-185745f55515_Bedroom-22018,train
55483029-ddcf-40cb-931e-bf9083cdf0e9_MasterBedroom-65092,train
55527c3b-b4be-4a79-bfc8-58fc522e2901_MasterBedroom-27362,train
5661c826-341e-4a5b-8901-c1a84b96298a_SecondBedroom-1310,train
56ef3577-9ca2-43b9-8971-47d6c88e1008_SecondBedroom-35832,train
56fedd11-b226-4c51-8d89-552caf24487b_SecondBedroom-19232,train
57184c2b-7ec2-44ac-b842-e3320ea99486_LivingDiningRoom-3715,train
573a0513-8b6e-4fa9-80ab-edd333fefdd9_MasterBedroom-191839,train
573a0513-8b6e-4fa9-80ab-edd333fefdd9_SecondBedroom-184694,train
578810bc-9d89-4852-921f-fb51ca7fbc53_MasterBedroom-5468,train
58aa41c3-736f-47df-880d-e2ba6b639149_Bedroom-2706,train
58c874ab-3398-4a1d-80e9-de1af9b00752_MasterBedroom-34488,train
58d58c41-da61-4322-8b7d-478b9d4b04da_MasterBedroom-28111,train
590a815e-df76-4dfe-bc5f-b4ee2c0d5740_LivingDiningRoom-139436,train
590e12f4-ad43-40a2-a1f7-ba85b9118e66_Bedroom-314,train
59aed3cf-93be-4630-97b2-bc707ca491c2_LivingRoom-33692,train
5a6ed75c-d1a9-489c-8fd0-e11e2287e7a5_MasterBedroom-23353,train
5a93c134-d34e-445a-b15c-6fa37df0b992_MasterBedroom-18785,train
5abdcc3b-e1c0-42ce-ad5e-cb51e87b2e61_SecondBedroom-12923,train
5b6fc618-8dec-4fcf-b326-08436f643d93_Bedroom-9314,train
5bd22e7d-960b-4e14-93bd-f955001f799e_MasterBedroom-4284,train
5c03cf4a-dcad-4eda-bbba-901e66848c51_LivingDiningRoom-21823,train
5d8f96db-9043-4356-93c8-4f3198ceba34_Bedroom-5218,train
5de48c8f-3e53-43fa-b174-d59e597201e5_SecondBedroom-4698,train
5df48768-5e1b-4db0-9ca1-97ad05d9a896_MasterBedroom-9476,train
5e162f48-e628-440f-b530-311ed1c337b2_MasterBedroom-44501,train
5e435d6c-8d14-4cc8-b9e3-cd8e194b20b6_SecondBedroom-20454,train
5e6d0804-54a9-4d4a-b4ed-1b4f22aa1d01_MasterBedroom-16884,train
5ec747dd-d7be-41b5-856c-215d4803d281_SecondBedroom-19303,train
5f2dff8c-5d2a-4e1e-bd2b-8e4d78a5ad29_MasterBedroom-148398,train
600c25d7-b174-41df-9dd0-29a3998db028_SecondBedroom-7221,train
6048ff60-5420-4ad5-ab02-856f989ed67d_MasterBedroom-2012,train
60cce170-55c9-4ced-a4e1-79bf96444224_Bedroom-3372,train
60d37d45-3388-4f28-9708-b0b37a6f73ba_SecondBedroom-222181,train
60e4b558-623a-4459-860e-5954f41d4b22_MasterBedroom-2661,train
613b2c63-66ba-4643-b4d3-c6a4f34d62a9_LivingRoom-30098,train
61b7fad2-bbac-4728-a5e1-c574cfcf14e6_Bedroom-35225,train
61e6ebe5-da92-4e8d-80ad-052996ac6e34_SecondBedroom-21363,train
620192ba-29c5-4d21-a924-5393d0d8f4fa_LivingRoom-3540,train
629cf963-2c15-47a5-9af4-8742592a70e7_Bedroom-3521,train
62d27fcc-a6df-477e-a4ff-e8687eae2b15_LivingDiningRoom-13259,train
62e9d3ab-899d-40b0-86e2-a6468e9de575_Bedroom-1124,train
63624bb6-0323-476c-b295-2e31b729fbb8_SecondBedroom-3380,train
64154a7f-e2a2-4096-9683-f79475f1c866_MasterBedroom-4184,train
6417999f-abfd-4c11-8ca1-0100d8738214_Bedroom-10573,train
6417999f-abfd-4c11-8ca1-0100d8738214_MasterBedroom-6822,train
642f5ac8-8330-46b1-bbf3-83e67501f35d_SecondBedroom-9931,train
648408a7-3930-40b4-bca2-eeb20e48e982_SecondBedroom-42376,train
64e2e0ba-3769-479d-81d7-c870da620b07_LivingDiningRoom-27857,train
64f12868-d3f0-4add-9598-4478c4e7cee0_DiningRoom-663,train
64f12868-d3f0-4add-9598-4478c4e7cee0_MasterBedroom-476,train
65cd43e1-1294-44f7-a560-7a230ff893d2_LivingDiningRoom-72973,train
675747ce-8c84-459f-ab16-399ae3636709_MasterBedroom-22676,train
67574e8b-f5a4-463f-bc05-f3e8a2cc0cb9_SecondBedroom-8823,train
6799b892-951c-46ea-8606-3391654b8af9_Bedroom-6460,train
6845a1ea-b5b7-496c-bbf4-0ba36d9a115b_DiningRoom-4627,train
6845a1ea-b5b7-496c-bbf4-0ba36d9a115b_MasterBedroom-2083,train
68aef3df-2608-4b26-bbf3-8533bbeb9445_MasterBedroom-37530,train
68f61309-f9e6-4dfb-a1a6-82c1bef6b6f9_DiningRoom-23398,train
6a03badb-61ab-4e22-9564-de2fd2ed1938_LivingRoom-38434,train
6a63fbd9-1cdd-404d-97d3-366d7ea978b1_SecondBedroom-47052,train
6bb3d777-55c4-444a-abc7-dfd0bfeb00ec_Bedroom-29441,train
6cc1d22f-47b3-4a3a-81b4-19575f2ec3cd_LivingDiningRoom-18809,train
6cc1d22f-47b3-4a3a-81b4-19575f2ec3cd_MasterBedroom-15896,train
6d13bd56-8931-486a-8490-61752942a6de_SecondBedroom-41025,train
6d23e6ae-d566-4dbf-ad54-083abdb5e74a_MasterBedroom-18725,train
6d3ebe90-a07a-4c02-93c6-a997c9890cc3_MasterBedroom-72870,train
6dd54ac4-ea84-406e-8abe-b4a602a15851_Bedroom-13921,train
6e135215-4cb4-4d79-a750-682cd2caef96_SecondBedroom-94626,train
6e284cd9-0d12-41f5-98e4-4d03c6eec135_Bedroom-9255,train
6e356720-39a8-4843-874d-a71efc4fb1ff_SecondBedroom-117427,train
6fb2b02c-b119-4304-aab5-383794defa1f_MasterBedroom-8863,train
700043bd-15c3-4d12-9536-f75f2abfafa4_LivingRoom-43378,train
7067f026-f793-4931-9e6f-d6372015de5a_LivingDiningRoom-507,train
708218c2-ff5f-450f-9a8a-c82e6ad896a9_LivingDiningRoom-32452,train
709c571f-8ef6-4de4-85be-45ce8caa899c_MasterBedroom-17212,train
709dd71c-8588-4447-ba64-a4ecd64dd844_SecondBedroom-4799,train
70d6a3c2-2cc4-4b8a-98e3-2179c03e91dc_Bedroom-23984,train
70daf81b-199a-4571-9e11-89959489c7a8_LivingDiningRoom-15322,train
70e042e1-ebde-4dc0-84cc-c54b99a00e6a_MasterBedroom-200023,train
70e4c0ab-9ca2-4542-96fd-9355e048db91_LivingDiningRoom-25795,train
719cc7d0-b17b-4241-b345-82c06da7b60b_Bedroom-21829,train
72fbdea6-2af2-4c2a-bf00-0d4d90bfa334_MasterBedroom-7158,train
73828256-c8de-4bbd-9400-095b1243642e_Bedroom-2858,train
73e42610-80af-4a97-85e3-952b509b04dc_Bedroom-8044,train
74061e77-d518-44cd-bc07-67e5d0dce060_LivingDiningRoom-3513,train
74ed0339-0753-45b6-9caf-d5f494122e24_LivingDiningRoom-9272,train
762446b3-fdac-48d0-8044-7e965421f6fd_Bedroom-691,train
7673af04-3251-4385-909d-2f51e3c6e80b_Bedroom-69416,train
76a2dc69-14be-41d5-ad13-306d09cdd47d_DiningRoom-46577,train
7719f139-6a07-47c3-9435-eb894ce81069_MasterBedroom-4256,train
7719f139-6a07-47c3-9435-eb894ce81069_SecondBedroom-8161,train
77bde924-9493-422b-b436-97dd4f1afd28_Bedroom-9287,train
789015e3-c63f-4bf9-a557-3a3cd6867a83_MasterBedroom-6127,train
78ea1591-9502-47a2-ad5d-db8a633f8179_Bedroom-10503,train
78f54b4e-5031-4aa4-bd58-6a287cd64dc3_LivingDiningRoom-17657,train
79090604-70df-47d2-98e7-62087f358e6e_MasterBedroom-10664,train
793eccb1-f86a-4998-a4e9-0ab8b96bcce7_Bedroom-2087,train
79432d9c-5809-49d5-80c4-a20eac526210_LivingDiningRoom-1334,train
79c5c8d7-bdbc-42ea-b582-bb5c3a925c11_MasterBedroom-12307,train
79c940db-6486-4930-896f-dd205349df5f_LivingDiningRoom-52730,train
79f53548-011d-45c7-bb97-1bcfc60abbaa_Bedroom-8289,train
7a1e44d1-5828-441d-b041-238b1f0cb76b_MasterBedroom-42913,train
7ba97748-ec80-48d5-9456-23f32eba485f_MasterBedroom-1637,train
7c4c43e1-b28a-44a0-81c9-e5da48d8b212_MasterBedroom-40378,train
7cb2b1ac-1751-4ed8-95af-588764071f9e_LivingRoom-13136,train
7cc4bac1-fbf8-41c0-aafa-d782916e93ad_MasterBedroom-13683,train
7d0025fe-7e83-4aa0-a37a-cad6c0474c07_MasterBedroom-29731,train
7d8f9ace-5704-4689-b135-4ece5fb32467_SecondBedroom-45070,train
7ddfd41d-9e6d-47e0-bd67-eb12580ae322_MasterBedroom-33700,train
7de844f8-f4c0-42ae-921c-00aea51109a0_SecondBedroom-26371,train
7f881e49-e02f-4524-b58c-ad6ff07d569e_SecondBedroom-53615,train
7fe08405-d4de-48f9-9435-ba3c18de84b6_LivingRoom-8766,train
801829a3-7355-4383-a3ce-41876ef1d358_Bedroom-93,train
809652f3-1c3d-4962-90d3-737fadb964ec_MasterBedroom-16250,train
80def5d0-c5bf-4a24-8ca9-5185d8002817_MasterBedroom-243116,train
8267a9b2-ea3f-4c0c-b45a-a2b025d41c03_MasterBedroom-17823,train
8270c12f-973b-42ef-ace3-ce6e331d122e_MasterBedroom-218,train
8278f1d9-9da7-47cd-bc34-2e476e2bda69_MasterBedroom-22824,train
835f8679-e773-4ce3-9a38-4281f4ae78ef_SecondBedroom-23036,train
83ec537a-528d-4a4d-9bc2-6d6e7b805945_MasterBedroom-47626,train
83ecfed1-fa86-410e-bba8-37fe041bce65_SecondBedroom-125678,train
844dfcbe-0ab2-47e1-aa19-024c5b2a3fd8_DiningRoom-8345,train
8463261b-999e-4506-a090-7fffcc106adb_MasterBedroom-30627,train
8478b032-a360-4549-80dc-1409a87f4a2b_MasterBedroom-18055,train
848506e2-a801-43e7-b843-122761708d88_SecondBedroom-1956,train
8504e027-78af-4833-b36d-2ab919e84ee2_MasterBedroom-7802,train
8555557f-34b5-485a-a0f1-db9ee2580959_SecondBedroom-110849,train
86223b94-4407-468b-b593-c436c1ee5127_Bedroom-13468,train
864a6e55-ad69-4803-8922-391d57d061b9_SecondBedroom-41862,train
86963bbe-7969-4632-a379-1cd39e2a69ab_SecondBedroom-14975,train
86f1f54f-e8ef-4e21-b8bd-109ae91c95ff_Bedroom-59718,train
871235f6-ecd6-4a95-86e2-312c2f9ffe55_LivingDiningRoom-29009,train
876b4ae9-721e-494c-9fe6-e7ae55467300_MasterBedroom-149108,train
8777034c-23da-4555-b6cd-1570abbb80bb_Bedroom-11338,train
87bd388a-3f7c-4fba-9b1e-4cceafa671f6_Bedroom-10367,train
885bca04-679c-4098-a2d9-27885640ad28_SecondBedroom-18640,train
886fb316-5f1a-4050-9c7c-b001409a5b5b_Bedroom-149,train
887b2099-1611-411f-9a3c-75d38d89a1a3_Bedroom-1394,train
887b2bb6-d552-4778-b841-70a6ac0fe88f_MasterBedroom-13645,train
8895975f-06f6-436c-a43f-de3a0d46f053_MasterBedroom-6430,train
88b5a171-9136-4bb0-8d8d-43937f8cd9e4_SecondBedroom-11688,train
8a41712e-1a55-407f-92f7-3c7cbd4366e2_MasterBedroom-42698,train
8b209bb2-72e7-4249-8f50-17f079fa8d90_MasterBedroom-34223,train
8c069e29-9332-4e92-b13d-a6f190df120f_MasterBedroom-6890,train
8c3314da-a761-4ee4-8a2f-28e61590fee8_LivingDiningRoom-6109,train
8cb25305-b65d-46b7-bf85-34604674d5ab_MasterBedroom-12519,train
8e27615c-f396-40e2-9311-e2e85f9a58f5_SecondBedroom-594,train
8e41bf97-c27a-4f1c-9208-1a31f9611d5f_Bedroom-2035,train
8e49c059-4e1b-4a7e-a78a-9d2fe7a8cad2_MasterBedroom-10454,train
8ec660e6-b95b-4b11-81aa-ed3b1164a165_Bedroom-51292,train
8ef1ac63-da17-4f85-94ad-d784649329c6_DiningRoom-451,train
917830d3-78a6-4f70-b029-ba6da27a2692_Bedroom-3619,train
91dde31a-632c-4353-85cf-b36a2c6c0be6_Bedroom-923,train
91e19c05-929c-416c-99c9-9d5ed3b6393c_DiningRoom-22829,train
930621ed-def9-4e62-998a-5c121b87055f_SecondBedroom-41119,train
93f02a56-0d3b-41cc-b0f8-fbc572bf2869_LivingDiningRoom-52564,train
948056f8-df36-499a-b159-d02346e75255_SecondBedroom-968,train
94c64091-a056-49b0-9c6d-a928ab68992b_MasterBedroom-12518,train
959d7224-db8a-4ce0-8dd6-8e17adbe719f_LivingRoom-423,train
95f80cff-1f0a-4204-9b5d-207cd0c74d89_Bedroom-869,train
966e4e61-c119-4588-9c25-88270a9ccc62_SecondBedroom-101544,train
967e40cb-ac87-4ff0-90f0-f775d80ca4ae_MasterBedroom-1051,train
9818c527-02e7-47f1-b816-83fd72177a96_Bedroom-65752,train
98728333-ee1a-4459-b54a-4879611098da_MasterBedroom-14570,train
9886aa9f-f331-48e4-88a0-4e56ccaabe7f_DiningRoom-9982,train
99533e24-4bd1-4780-808b-02e8ca8a37e5_Bedroom-29751,train
99e87673-0512-41c8-b35e-fd1ea39d1f0c_MasterBedroom-1433,train
9a0486c5-58e8-4a77-99de-9c4ea78d39d3_LivingDiningRoom-9632,train
9a1745e1-f537-4faa-a403-15b1f06e8178_LivingDiningRoom-277579,train
9aea034c-ec2d-4da0-8d18-0632a5d7177e_LivingDiningRoom-3811,train
9afa32c6-96d5-4f54-8025-9ecdecc13b7a_Bedroom-9417,train
9b3608bf-9705-482d-9c23-2d03aebd61ad_SecondBedroom-17415,train
9b383eb3-9453-4853-ae45-a4a461406696_Bedroom-19303,train
9b893109-d943-428e-8af9-81e9c4e8ec2c_DiningRoom-23097,train
9b901fc2-2f66-4f0f-86bf-e7571cbb5226_LivingDiningRoom-23833,train
9c164b35-f1f3-4ae5-bbfa-5003672ac1d8_LivingDiningRoom-8304,train
9c8f3906-2496-4648-bf73-68538caed694_MasterBedroom-42103,train
9d145e0d-deb3-4d32-9bb7-78c379b8f210_SecondBedroom-226338,train
9da0c89f-c7b1-46f8-b37a-8377ad190e71_MasterBedroom-76782,train
9e84166d-ff70-496e-92b2-489f58936fbf_Bedroom-9025,train
9e9c7c48-a631-4ded-a271-7dd697faf0dc_MasterBedroom-1615,train
9f1fb816-ff49-446b-892f-0cd7d1cd5647_MasterBedroom-66911,train
9fa47876-dc0b-4cb1-b5dc-93ca194b1d87_SecondBedroom-40163,train
9fdf3141-0670-4eb5-b37e-aed37d45b260_LivingDiningRoom-7298,train
a0f0e5f2-09a8-4a38-a4a3-7e88a67c1575_LivingDiningRoom-1315,train
a11ff831-4d5c-48b0-a43e-90af1fd5a17c_LivingDiningRoom-9828,train
a169f204-56f4-4598-878b-93c6b69d00af_LivingDiningRoom-13061,train
a22895c1-7102-4701-a1a4-02faca65b6bb_MasterBedroom-45779,train
a2a8f036-c0d0-4d57-b55f-f6aa5e56d7fa_MasterBedroom-12873,train
a2acfbc4-7112-42de-b249-027deac584d5_SecondBedroom-16156,train
a2f77d1e-d982-4fd4-9216-38f97718082a_Bedroom-23604,train
a327b51f-5b13-410f-8acb-b2b564612600_LivingDiningRoom-77579,train
a390f6ea-2c8b-4e0f-8a0e-74eeed8b32fd_DiningRoom-10792,train
a3dddf33-bde7-4524-83bd-fe31a9ae0f4a_SecondBedroom-11711,train
a42ac970-4696-4382-a902-0e13e66953ff_MasterBedroom-77359,train
a4506c02-c864-4c3a-a7f8-7a940a25d9f1_Bedroom-5315,train
a4b4d452-05f0-4c77-b367-cc0799a1f996_DiningRoom-41976,train
a4f761bc-191d-4d56-b2f5-01f9de5716bd_Bedroom-13675,train
a6704fd9-02c2-42a6-875c-723b26a8048a_MasterBedroom-45545,train
a74cbd87-e6cf-4df8-9007-1134ec1f5459_MasterBedroom-42208,train
a7c63ad9-cf85-43f2-bd62-6222344661b7_MasterBedroom-40171,train
a92d096e-20d4-4426-95a7-ada1d9f309ab_DiningRoom-4330,train
a9e9dd50-3f47-4b02-8a23-c968a112369d_Bedroom-4459,train
aa7599ea-5d9c-44bd-a3e5-1e4216dcbf34_Bedroom-11354,train
aa7fc990-0ab9-4fcb-ab9a-5dc1e29ed3b3_Bedroom-91160,train
aa9d393b-30df-456f-96dc-dad7bb8554c9_Bedroom-38270,train
ab0e29af-145f-4578-a700-d78f1e043dc5_LivingDiningRoom-7940,train
ab6995b8-bad0-4660-a337-a914b42ba219_SecondBedroom-4485,train
abed9012-2ba2-448e-aa8b-01bdcffbdc45_MasterBedroom-7034,train
ace13641-659e-4668-8d02-3cc4a05803a8_Bedroom-10749,train
ad428fbd-a2cf-4693-a858-e5e64ba48026_Bedroom-18759,train
ae1f318b-a8ac-4eec-974c-10a587ea0a71_Bedroom-35611,train
ae3855cc-a0de-4e86-8148-d65b94f07f3f_DiningRoom-30756,train
afaffb7a-d00b-4d21-8d9a-ed6df3023d70_SecondBedroom-781,train
afda8ff8-1350-49b1-99a6-f138c46fb6ab_Bedroom-10325,train
afda8ff8-1350-49b1-99a6-f138c46fb6ab_Bedroom-11457,train
b1aff8e4-49da-48f0-b6d7-34331895676e_MasterBedroom-533,train
b1b053a9-b268-4f62-a06d-b9b9325c5092_SecondBedroom-1064,train
b1ef2a3d-8d3d-41a3-af7a-af58219fe562_Bedroom-3098,train
b24a914a-20b4-409d-a658-29296b8e15b1_MasterBedroom-27711,train
b3560738-2e83-4f6f-9528-3f0a00c4c3b0_SecondBedroom-9923,train
b3a256df-54e0-40c1-b04e-5ace4cccaddb_MasterBedroom-283,train
b583dce1-ffe7-424f-a902-db75daeb6c66_Bedroom-2765,train
b59e2e3f-d611-4e62-a72a-b3d7ff4bbd08_Bedroom-15614,train
b64c9910-6be7-4c05-90e8-ff1530649b58_SecondBedroom-37197,train
b68b868f-5ed9-4917-b922-4d58ca68ed7d_SecondBedroom-45042,train
b8366424-8564-4127-9238-097bf6200861_MasterBedroom-150024,train
b8366424-8564-4127-9238-097bf6200861_SecondBedroom-144825,train
b9c1aec3-a600-4084-908a-c351c423a357_Bedroom-19328,train
b9e0dff9-03dd-4c4a-a00f-0b04b45d8df4_SecondBedroom-59226,train
b9ec12bf-2806-41d4-829a-18e3f58558c3_LivingDiningRoom-79595,train
ba26a1d1-5808-4ace-9233-36b629e17a63_MasterBedroom-7745,train
ba2afb42-ae13-483f-802f-9917ad10b939_Bedroom-3535,train
ba52c6af-b741-470a-bca8-7bc8a31484dd_MasterBedroom-144,train
bb5491f0-2af5-4bf5-b7fd-562d24539f96_Bedroom-1861,train
bb755eb0-434b-4805-9d28-214380ae6a29_Bedroom-15841,train
bb9f9b20-031c-4bac-a543-db5687b5f8a6_Bedroom-13084,train
bba8c5f2-10f0-4917-b26b-82fb076a97b4_SecondBedroom-7619,train
bbed00a6-d2e0-4f55-a5cc-09db9e3dd6cd_LivingDiningRoom-48055,train
bc51f3c3-2ed0-45da-9b28-18b6f6dfe677_LivingDiningRoom-2508,train
be762422-6294-499e-96fa-038dced9f5a8_Bedroom-73234,train
becd7f2b-1039-4346-aacb-8d9962f5e0ae_Bedroom-73620,train
bfdb8f3c-7980-4db2-8517-64523b20b3aa_Bedroom-19315,train
c0ff8f34-a0c3-47b1-92cc-fdccee514833_Bedroom-56319,train
c1575512-d8f9-4d74-a8d3-fdd840f0d9a9_SecondBedroom-6191,train
c1ebb7fc-5537-4ee3-a1ec-4d89b09743c6_SecondBedroom-13688,train
c22b8f01-a606-4b65-a964-79be4c0036a0_SecondBedroom-1060,train
c2bcb689-bf86-4b18-9edd-abc5f7a7a05b_MasterBedroom-7914,train
c2d57b49-fc5d-4fb0-8024-b7e7302dc3fa_Bedroom-14257,train
c2d57b49-fc5d-4fb0-8024-b7e7302dc3fa_Bedroom-17608,train
c2e171f2-69b9-4e7b-8cdb-e8d7c533d990_MasterBedroom-33899,train
c360d758-8dbf-4d82-9afe-d71135c13c7f_MasterBedroom-22904,train
c36bebbe-ba39-4667-9507-8899d50b9e87_MasterBedroom-12755,train
c3f2cb53-f822-4385-b426-77d016a8e168_DiningRoom-17116,train
c4378074-7728-43be-ad20-6811c648d5ad_Bedroom-2471,train
c535d86a-3362-4fae-900b-aa527ddc4ee8_MasterBedroom-30167,train
c594a002-6363-4200-8f69-c37a76e12bdd_Bedroom-246,val
c7fefad9-9449-49d4-8687-b0cbc1f203bc_MasterBedroom-4146,val
c84945ea-5844-42e4-9049-3685b127bd22_MasterBedroom-1369,val
c9297532-14a7-4736-a0f4-1f14a527e93d_SecondBedroom-12565,val
c9b9c9fe-5175-4ee6-863b-31beb0cb9a13_Bedroom-34903,val
c9f70be8-2021-4fb1-b599-da3b4e184543_LivingDiningRoom-941,val
ca0bdaff-4e3a-4677-a328-cfab693b37c4_Bedroom-1965,val
caaf690b-c16f-45ba-88f1-45cafd0a2a9b_SecondBedroom-218799,val
cb0886aa-598e-4acb-a5f9-5740e098c7e3_MasterBedroom-29761,val
cb9dc855-72d5-43f0-957e-627bbbe902b9_Bedroom-15584,val
cbb1452c-db03-4283-b18e-a6ed577d4bd7_LivingRoom-2715,val
cbfea421-fe6a-46ce-affd-3be7a8cd47f1_MasterBedroom-13238,val
cd11f2c7-47e5-4dac-b8a8-b319052b6a29_MasterBedroom-11653,val
cd44195e-94a0-4e44-80e6-976cad1ddcb4_Bedroom-23003,val
cd8f3a84-0516-4ca7-aeab-c4b4027d39a9_Bedroom-421,val
ce98e1dc-5cab-4390-a433-985fcff9b435_LivingDiningRoom-9746,val
cf536225-9a90-4fde-9175-f453e2436c29_SecondBedroom-58732,val
cf969c1a-14dd-420c-8739-eda9f0705070_LivingDiningRoom-69704,val
cfc0e878-ba80-43f0-9a54-45a4850e4ecd_LivingDiningRoom-4094,val
cfc0e878-ba80-43f0-9a54-45a4850e4ecd_SecondBedroom-3852,val
d1200595-8df1-4758-983f-8b8ba63c25f6_DiningRoom-22339,val
d1951fba-7ccf-4642-a054-839cbc9ee0c7_SecondBedroom-13679,val
d209b341-a36a-46b4-bd07-62e9ac82a41b_Bedroom-17437,val
d235526d-92b4-4bbd-80b9-0d5f277676f4_Bedroom-8384,val
d317680d-eb33-4085-bc3a-ec3a5a22f0a0_Bedroom-17331,val
d37323ad-0553-41e2-99d3-e8ae35ec9ef6_MasterBedroom-17825,val
d4237a89-ec0b-42da-b170-231cfa26f8a8_DiningRoom-19885,val
d4624691-343d-46b6-b82b-9019115d642a_Bedroom-113,val
d48fd432-ed84-4e2a-9481-92ecc3e2937c_Bedroom-369,val
d53e93c7-957e-4af2-8b95-98903a45af6a_SecondBedroom-42478,val
d5b26dd8-5932-4a89-9669-bb4c9f7f9c2c_Bedroom-24248,val
d63a99e5-6b3d-4a99-8408-437794a5ea31_MasterBedroom-152647,val
d65ffaee-7fb8-4163-8a5f-594ca4daefc6_MasterBedroom-3579,val
d6b75909-5d63-46a8-9f60-43a28992e4ba_SecondBedroom-1756,val
d73cf536-63eb-4e57-8bca-9da3981bed28_MasterBedroom-17097,val
d7499538-b770-47e6-ab24-9b78007f6384_SecondBedroom-8716,val
d88c6598-b40e-4ea8-ac07-f4f1d80d7f31_LivingDiningRoom-17293,val
d8907ea3-971a-4185-b7be-fea64b47a60f_Bedroom-3801,val
d8dfd6e8-21e5-4f18-a38c-c99a003d1bf0_Bedroom-10256,val
da2f593b-765f-4e30-bf6b-9b5545c88f80_MasterBedroom-14382,val
dad82722-5ce5-4dcd-a402-b11a2fa0929f_MasterBedroom-49544,val
dc53f093-fca0-495b-a659-fd77cd6292a5_LivingDiningRoom-36702,val
dc53f093-fca0-495b-a659-fd77cd6292a5_MasterBedroom-36749,val
dd6acc85-293b-44a7-ba7f-88edf767f587_Bedroom-23600,val
dee82180-497b-489f-8554-cb27be17300f_Bedroom-46392,val
dee82180-497b-489f-8554-cb27be17300f_MasterBedroom-46271,val
df95b56a-7256-4db7-a07a-fcd45f7c7129_SecondBedroom-9241,val
e00c171f-748b-4d28-9e6a-3ebeff291323_MasterBedroom-6963,val
e02e2373-1bb0-4d67-819b-8c471edc78a3_Bedroom-8051,val
e04fb1c1-1b11-4778-85dc-818624587b3e_LivingDiningRoom-45017,val
e086c12f-2d1f-47f5-9676-74a53179f7e2_Bedroom-82273,val
e0f35822-09d8-453c-bf87-55f85387ad17_MasterBedroom-116808,val
e1b50a25-5422-4307-8b9c-24ad0bb8d8bc_MasterBedroom-24635,val
e1ce0785-e1e1-4f8f-9428-514459737af0_LivingDiningRoom-74522,val
e1ce0785-e1e1-4f8f-9428-514459737af0_MasterBedroom-74651,val
e255b2a0-dedb-464d-bad1-bf78d1dc7462_SecondBedroom-17259,val
e2bae01c-2956-4025-8b86-7a8592b9e831_MasterBedroom-29555,val
e329f479-1ec7-4036-92d3-56af79b638a1_MasterBedroom-19852,val
e49a3f2c-c856-468b-a7fb-0584f5aa91e8_LivingDiningRoom-209282,val
e4d49144-ac70-482d-ac0a-607f68160dca_SecondBedroom-15120,test
e50797bd-0d25-4337-9642-b89db05e879a_SecondBedroom-16796,test
e544c131-df87-4e5e-b889-75e6b89ae007_LivingDiningRoom-2964,test
e5a744d6-d36d-4682-877f-fea6e9614c94_SecondBedroom-17858,test
e5f5c020-50fd-4deb-83ca-ad91542fd9c2_MasterBedroom-11697,test
e6518ae8-5905-490a-8314-7823a310f117_MasterBedroom-25765,test
e68032b2-11be-476a-b4b3-cf9a601db316_Bedroom-117313,test
e68032b2-11be-476a-b4b3-cf9a601db316_LivingRoom-117225,test
e75b15c9-b89c-482b-8d0c-14b1b951fd08_SecondBedroom-1541,test
e8472697-64b0-4c0c-9980-4d8ae0a48c99_MasterBedroom-10650,test
e8ab029f-1144-4c2b-a139-4d5d97c3724c_LivingDiningRoom-12300,test
e95ecf25-bf6b-443b-9f23-c2151152da14_SecondBedroom-18007,test
e9c4facf-557a-4002-8d8f-acce694871c2_Bedroom-98585,test
eb25553f-fc01-4dc0-b53b-fdc991d1abdd_MasterBedroom-32109,test
eb29ee2c-5f25-4dbe-965a-ec1c07904585_SecondBedroom-535020,test
ebb55c6a-0af2-4727-ad86-b18d0061a415_Bedroom-25921,test
ec1d45dd-4935-490b-9c2b-f6caf4261d82_LivingDiningRoom-9763,test
ecc2066b-925b-4fa3-8734-e811352a45f5_Bedroom-115907,test
ed41e047-ee12-4f00-8add-0ee6b95d1585_MasterBedroom-3712,test
edabd944-0255-49c9-a7e6-b509cc392a67_SecondBedroom-15428,test
ee1efacd-d7a1-48c9-bc7e-808187b95022_Bedroom-871,test
ee37e9da-454f-4026-83ef-50c8172e976e_Bedroom-17674,test
ef0613b7-4461-461b-96c6-cb140f7a2f2a_Bedroom-16717,test
ef2017f0-bd05-48e9-bb25-a7469c906b48_Bedroom-12411,test
ef3b2db3-0291-4ec4-ab26-87cda512e2fa_MasterBedroom-784,test
ef3b2db3-0291-4ec4-ab26-87cda512e2fa_SecondBedroom-1049,test
ef543f0b-22b8-463f-9def-0bfa6cae51ea_SecondBedroom-79497,test
ef5860ab-d989-4605-93b1-5127126696c6_SecondBedroom-67009,test
eff72f0f-049a-47b3-8685-b1b6af535435_Bedroom-17592,test
f095b85e-d2c5-44e9-8ea6-ef0fd3cfb977_Bedroom-11125,test
f105dd34-bc81-432e-83bd-314087015257_Bedroom-97,test
f158a4ff-e75b-401d-9bf4-8113c3407abc_SecondBedroom-7347,test
f242015d-0a67-4ac7-a5ad-30199df3e02c_MasterBedroom-23674,test
f253dd0f-74f2-429c-b8df-f1bf7bd7b96b_MasterBedroom-28179,test
f275802e-5bf8-45d9-a851-3d1251461365_SecondBedroom-3517,test
f2904668-3f84-4395-afe2-2c34074c258f_MasterBedroom-32775,test
f2993a42-1e68-4247-98f1-8eb62109d7c9_LivingRoom-62595,test
f29cea89-70ae-49d7-8d1f-b7c1e7cada53_SecondBedroom-24256,test
f32ae7af-2144-411e-b8f4-d83da5a4f44a_Bedroom-24581,test
f371cee2-4111-4f1b-b60f-707e8ccc68a8_MasterBedroom-68024,test
f4491796-1b49-474b-a246-5be7f2d65d99_MasterBedroom-15017,test
f451b16e-3457-41e1-8f08-b56265549833_LivingRoom-14930,test
f5ccc1c6-130b-465e-a4da-440c06d64107_SecondBedroom-25993,test
f655b350-074a-4b5e-ae1e-ede74c0e75ec_SecondBedroom-79435,test
f6db8d36-9eac-4b53-bd4d-095a85694626_SecondBedroom-2874,test
f7168796-b600-4453-9d54-41314f27bed3_DiningRoom-50445,test
f772e87d-44c4-4821-b975-ef8af7bd0a68_Bedroom-764,test
f7f1f448-8a7e-4b56-935b-83ab1d524a71_LivingRoom-20330,test
f82d44c6-df98-404b-870d-b6f378d2151e_LivingDiningRoom-6060,test
f8339d99-447d-4c64-a830-8a896194edee_MasterBedroom-12131,test
fab5214f-622a-42bf-8556-92fba66a7c13_Bedroom-8031,test
fba13a0d-62f5-4ff8-914b-064b823d5882_Bedroom-12119,test
fc9c89c7-c736-42ca-bda0-21c253e76b3a_Bedroom-49471,test
fd987ee8-eeac-4d95-a947-306db2feada5_Bedroom-18781,test
fd9984b0-5f43-40b7-861b-f2cbee90326a_Bedroom-9293,test
fda72039-c926-4c5a-9c51-627a0ab5d3ca_SecondBedroom-1983,test
fdb7f1f3-c28e-43f3-ac6b-fbb43396c015_MasterBedroom-14915,test
fe34c57e-fdaa-4d29-85ac-a580bdafd66a_SecondBedroom-22085,test
fe4aa477-9203-4c50-a540-e1bbdf2d9fec_SecondBedroom-819,test
ff507d6c-aab0-476e-9f58-1f765cb8956e_Bedroom-13858,test
