a59c6716-3e62-4141-827b-993734038990_Bedroom-62269,train
82c7d0d3-775f-40f8-b3d6-9382b070a1e9_Bedroom-1299,train
01ba1742-4fa5-4d1e-8ba4-2f807fe6b283_Bedroom-2872,train
b0c55578-68c8-41d3-8682-f2b2b0187961_MasterBedroom-20425,train
8077b5fc-e48d-4105-a59f-de2369e4bb39_LivingDiningRoom-9549,train
873270b6-6e93-44e8-8745-ef3076b4ba5a_MasterBedroom-13141,train
c360d758-8dbf-4d82-9afe-d71135c13c7f_MasterBedroom-22904,train
fb90b296-f1cd-4741-a3a1-c626dabc6e68_Bedroom-37672,train
c914d995-3ce6-4992-9b2c-1d846958b74d_MasterBedroom-8474,train
c9297532-14a7-4736-a0f4-1f14a527e93d_SecondBedroom-12565,train
91f9a318-06ef-4eaa-9892-e9d91c1161fd_LivingDiningRoom-14573,train
a50b6ec6-e668-472f-a741-514c9bfef011_MasterBedroom-36178,train
b643679b-4313-459c-b537-cd096ea1bdff_SecondBedroom-1152,train
615ee7d3-9ffc-457a-8ada-43ba03d79983_MasterBedroom-6762,train
3a5d9f83-9aeb-4e53-a25c-fa164589c3a9_LivingDiningRoom-19536,train
2c36d890-0d02-438e-9dfc-b817f31c3f44_MasterBedroom-17448,train
50ed6947-ae41-4a06-9bae-d4eb36e17a0e_LivingRoom-140697,train
eda7084f-406e-4d08-8346-d42e75324500_MasterBedroom-49089,train
5673b8fc-be93-4fda-af1e-bd63bb02b8a6_Bedroom-1285,train
7a017832-f2a1-4e25-917f-7ad8dc2a62d1_MasterBedroom-1087,train
5c03cf4a-dcad-4eda-bbba-901e66848c51_LivingDiningRoom-21823,train
eb14cc50-f729-48f8-aadf-b5e2309927ab_Bedroom-13740,train
ad0426db-a9e3-4428-989f-c2c38e1157c9_LivingDiningRoom-326,train
e1bfc1be-b96b-43a3-9485-01a1ff78d9da_SecondBedroom-34991,train
ab6995b8-bad0-4660-a337-a914b42ba219_SecondBedroom-4485,train
e49a3f2c-c856-468b-a7fb-0584f5aa91e8_Bedroom-211600,train
35c715da-b871-4059-8115-7d06e7395a54_LivingDiningRoom-9340,train
e4ca237e-c12f-4fc8-a8ec-9eac636b3224_MasterBedroom-20579,train
8077b5fc-e48d-4105-a59f-de2369e4bb39_MasterBedroom-8179,train
45d900c6-5d73-47b9-a119-4b219110ebba_SecondBedroom-19046,train
28a0cc8c-1f94-483f-9664-a49f7a804c40_LivingDiningRoom-118815,train
5d09aa48-6249-4c1f-b445-c2d956825c66_MasterBedroom-4842,train
c5c79d19-eb16-4099-8dd4-13a3b59a9bdc_SecondBedroom-25260,train
8c3494c7-e7a3-4702-94ba-6a21e7e2ed73_LivingRoom-419,train
68aef3df-2608-4b26-bbf3-8533bbeb9445_SecondBedroom-37647,train
5a6650a5-b713-4d8f-9c82-5fc49a5f6ea3_Bedroom-12297,train
b3d57bb3-3859-4986-8da8-568bb1095d43_SecondBedroom-18838,train
f91f3891-f90c-43e4-a343-c7c2922badb9_MasterBedroom-6588,train
10a47ebb-d756-463f-af98-e36ddf845bf2_SecondBedroom-224930,train
cf351d12-584a-451a-bbe8-6818cbb37329_MasterBedroom-12360,train
d5fa75af-c302-4c73-ad4e-78e4e9765845_MasterBedroom-5265,train
1ad8463f-62b5-4b08-a438-904c10bfd435_SecondBedroom-15946,train
8e9d0281-f7b6-4818-8fea-bdd0265b5f5d_MasterBedroom-95118,train
d7ce6c7f-3e4b-44d6-ae3f-7b3e27d6a493_MasterBedroom-81749,train
e79d4a5f-5089-44c0-bb01-0e2853307d00_Bedroom-6975,train
3436d038-1d66-4ee8-bbbe-89ed6a9f8ed9_MasterBedroom-13508,train
997b4bce-e106-4c9a-9df6-3ac82127a7c5_MasterBedroom-147134,train
d7c0b43b-125c-489f-acb8-ad0b0f526dca_MasterBedroom-147951,train
799ed691-945a-40e5-a355-b1928a15e567_SecondBedroom-32971,train
c5c79d19-eb16-4099-8dd4-13a3b59a9bdc_MasterBedroom-25342,train
930621ed-def9-4e62-998a-5c121b87055f_SecondBedroom-41119,train
801829a3-7355-4383-a3ce-41876ef1d358_Bedroom-93,train
6a03badb-61ab-4e22-9564-de2fd2ed1938_MasterBedroom-17535,train
a17427a8-d555-45f8-a71e-e614a7a7d23b_Bedroom-3410,train
5d4526b7-8bfd-45b3-bd31-80ddf5a8b5e9_SecondBedroom-270847,train
333c205b-df97-4ff8-a657-2314392bb5be_Bedroom-4321,train
f385547b-42fa-485e-bc25-ab752182db10_MasterBedroom-22837,train
56fedd11-b226-4c51-8d89-552caf24487b_MasterBedroom-19251,train
a6ab60f4-e824-4980-86da-082b05bd9480_SecondBedroom-242180,train
b80d946d-c819-46d3-b02a-36336724ccc4_MasterBedroom-22965,train
e475ec55-ca9b-4908-ba97-1fd593042a06_Bedroom-75916,train
4f1cc012-96d5-4669-b631-1ccb3003e77e_MasterBedroom-102651,train
62576f34-98df-4aab-a9b8-7c0cb743a4ec_MasterBedroom-12477,train
185365a1-a174-49cc-a82d-d17f469c7d09_SecondBedroom-55429,train
387a6322-efff-41e8-a11a-f4d04321ce10_Bedroom-7832,train
fef4c9c4-a340-4388-908b-53f9a866731f_Bedroom-8493,train
03c8c59c-ba14-4486-ba57-3cd79b7f3eb9_MasterBedroom-5025,train
45c3dc01-a2eb-41ce-a395-69ebf0325ac6_Bedroom-16767,train
1d849540-8c29-45dc-a3c8-e086c1d31788_MasterBedroom-25285,train
fab5214f-622a-42bf-8556-92fba66a7c13_Bedroom-8031,train
069e0db3-41be-4747-be25-1a59fe4e0a48_MasterBedroom-16651,train
79c5c8d7-bdbc-42ea-b582-bb5c3a925c11_MasterBedroom-12307,train
82ecde66-203f-44a3-bd79-aa80f15f22c9_Bedroom-14262,train
4e31e0ef-fdf9-4083-9d90-127cab47b445_MasterBedroom-4329,train
ce377776-581d-4b4c-807f-e63f7473e9b3_LivingRoom-276933,train
0c1f82d4-6aa2-401f-ae0d-f053a024aa3b_Bedroom-367,train
82d13473-977b-457d-9e8a-6604dfe72c89_LivingDiningRoom-8375,train
629cf963-2c15-47a5-9af4-8742592a70e7_Bedroom-4123,train
76b1f40f-6a8d-45f9-96c0-80f3247d69bf_MasterBedroom-4882,train
2b212f2f-0b17-42da-9977-ab31ded5c699_Bedroom-343,train
0ec7ce97-e93d-4842-9c89-b947136bb393_Bedroom-29839,train
2a6c3151-0e15-42e4-878a-e890e9a9d946_MasterBedroom-11867,train
0fe63810-f03a-4cd5-a765-311cdf694b09_MasterBedroom-144596,train
8a645186-9a7d-404e-a927-2113ff8d1a17_Bedroom-163574,train
711697e6-191e-4895-80f0-6382e330ed9a_LivingRoom-2586,train
d814978b-2875-4835-9341-011d9cfdf166_Bedroom-5097,train
e51bcbec-e156-4642-bbbe-249212378ba5_MasterBedroom-95281,train
cd8f3a84-0516-4ca7-aeab-c4b4027d39a9_Bedroom-421,train
1f5872d3-0ec8-49f7-a821-d660c794ea4a_MasterBedroom-11294,train
db9f532a-0268-4c8e-81cc-fc964de51a68_Bedroom-12272,train
b580bfcb-0110-439d-b83b-bfd9caa431a2_LivingDiningRoom-535,train
dd6bddd4-69e6-4636-a698-33c6efba7a7e_MasterBedroom-1767,train
8f39ace2-169e-4949-8fa0-08b22342f58d_LivingRoom-12271,train
ac92919a-90ac-4fa7-a972-12c947305f41_LivingDiningRoom-6787,train
030345aa-f00e-4922-b50f-b56055702045_MasterBedroom-18203,train
5b8a2b9a-e7bc-492a-8deb-412f60e05148_Bedroom-7011,train
c796bf4a-4370-4430-b32d-e083407ccda1_LivingDiningRoom-2676,train
f2469055-5566-47f8-9625-99ea6f74ceaf_SecondBedroom-60291,train
ffa6f9b3-4a73-435c-996a-f780833e77e1_MasterBedroom-39095,train
7b3f28a6-bac8-48b3-bfa7-61a84e648236_LivingRoom-10108,train
ba26a1d1-5808-4ace-9233-36b629e17a63_MasterBedroom-7745,train
81e13b7b-a684-4086-a394-0ecc5956a1d1_MasterBedroom-26925,train
5d31ce38-c87f-484b-85d4-952ba06bd13c_SecondBedroom-1435,train
f253dd0f-74f2-429c-b8df-f1bf7bd7b96b_MasterBedroom-28179,train
7ee99caf-3c16-4933-b4fc-926687c7ccbf_Bedroom-14024,train
7961640d-b638-40df-badb-59572bcdbacb_LivingRoom-8496,train
d6cfb01e-6757-48ab-9112-66c3c4454a9d_MasterBedroom-10912,train
08f49426-b0e1-4524-b1e3-d004b2523a39_MasterBedroom-8333,train
893a9ee0-ac02-422b-923d-54f7a5b12ede_MasterBedroom-48205,train
29c77527-8237-4bd3-8110-788c03a1f1cc_Bedroom-396,train
a74cbd87-e6cf-4df8-9007-1134ec1f5459_LivingRoom-42161,train
c594a002-6363-4200-8f69-c37a76e12bdd_Bedroom-246,train
76347b63-6e7e-419e-89b3-0fa82279515f_MasterBedroom-44806,train
5d31ce38-c87f-484b-85d4-952ba06bd13c_MasterBedroom-2504,train
13a2bf30-781b-4328-aa2e-47a78ffedfc8_LivingDiningRoom-8606,train
09da55e8-7969-4f80-bbbf-1b4450339558_Bedroom-2422,train
2024f6da-9111-4685-b98a-04d8b262003a_MasterBedroom-42805,train
06d755fa-1beb-46d1-bc70-31227fdd6045_MasterBedroom-6295,train
1f564c0d-5012-4448-877e-52d8fe9d8cd2_SecondBedroom-12206,train
bbfbce07-fd71-4e7c-a40d-4eb3a9bb70d2_SecondBedroom-9071,train
1ee30586-b6e2-4165-a2a3-7fafa7bc3284_SecondBedroom-30547,train
3ac0cfbc-2f34-4859-bb3e-3d0be859c778_SecondBedroom-2501,train
05aa0174-838c-4255-a34d-1b419365f7a7_LivingRoom-8674,train
473633df-9854-4d60-8fb7-290a68f31bb0_MasterBedroom-12445,train
6a74b670-98f7-4c5c-956a-5883a94ca5d7_MasterBedroom-44714,train
6f56a549-5f9c-42ee-a484-a5b3a5cff4f8_MasterBedroom-19138,train
8d24325f-7d48-41eb-a0bd-ed9c3e587bbe_SecondBedroom-11406,train
b146d9b8-b24e-49b2-9b56-bc63b7bd8f50_SecondBedroom-10318,train
26de08c8-c3d4-4e30-bb73-94468c9750e2_Bedroom-7232,train
33353657-e2ec-4ebd-8eac-362c0d3ecfcc_MasterBedroom-6536,train
a30a4186-a7f8-41c8-9aa1-0878820348ac_SecondBedroom-5597,train
ede1bcab-2298-4756-b03a-690d5cf8dfe5_MasterBedroom-6468,train
1782eaf5-0c55-4e71-8b4e-5d7ba361774a_MasterBedroom-15527,train
4fd6bf82-bb9e-45c1-8d10-91f3e3fb0557_SecondBedroom-100095,train
948056f8-df36-499a-b159-d02346e75255_MasterBedroom-1158,train
86617e2f-b62a-4a2b-93b5-48128ab9a092_MasterBedroom-8911,train
21569333-a837-4228-9440-bfbaf37cd57e_MasterBedroom-69844,train
e2bae01c-2956-4025-8b86-7a8592b9e831_MasterBedroom-29555,train
af50bca9-1d0d-4eaf-9e81-9f8fc643949f_MasterBedroom-20881,train
20386b47-8566-46dd-9c18-516dfa55bff5_MasterBedroom-3138,train
0d4d89c6-007c-42c6-8b69-23ec5502d56d_MasterBedroom-31896,train
f091233d-1a13-4a73-b1dd-f244780c76eb_Bedroom-14737,train
f98c8dff-7392-45b8-abf5-81c3ca5eb064_Bedroom-3165,train
b3560738-2e83-4f6f-9528-3f0a00c4c3b0_SecondBedroom-9923,train
008699e0-8d00-40f3-92b4-72347fa892c1_Bedroom-518,train
fe45ec66-33bb-480a-bac0-a5ec4e909977_MasterBedroom-3500,train
0f7759ed-ccf3-4115-bd00-cf4d8165e6d3_SecondBedroom-12435,train
234635d0-a5cd-4544-85cf-ab9acd974978_LivingRoom-77421,train
13e45e23-425b-47f8-8187-d1aa23dc419b_MasterBedroom-352,train
06a40b75-b57f-4962-ae13-a9fb08bf347d_LivingRoom-178450,train
a714271c-22a0-41f0-a5fc-531042f51bf7_MasterBedroom-10020,train
4b1f7e33-328b-4555-83cf-c8b872430dd9_MasterBedroom-4992,train
22c65012-8fca-41cd-a317-051b9658a950_SecondBedroom-1143,train
6cf680e2-ed2a-4ca0-a66c-ae25c016e7d3_LivingDiningRoom-14085,train
c5cb9f35-ecb4-4761-ba65-f0e5b10bd40d_MasterBedroom-19322,train
261105e5-46ab-4e38-8f70-ac07107cdb2c_Bedroom-1720,train
1e4c1b89-895e-4663-9469-f2e837fb39fd_MasterBedroom-118594,train
249bbe46-04df-4781-ad1a-dd7a60bfccb0_SecondBedroom-8497,train
68983107-a915-404b-be96-20a030c59591_MasterBedroom-20685,train
a591afd1-fc8b-4224-a2bf-b36ecb44aa18_SecondBedroom-32567,train
2197e2a4-b267-4eb5-973c-e82e5304abb6_MasterBedroom-5933,train
7511f0b9-0076-44e5-9d86-1100ce3ddf14_MasterBedroom-127266,train
5afd67e5-1ba5-473b-8446-a2ea1e22133f_LivingDiningRoom-2122,train
ba2afb42-ae13-483f-802f-9917ad10b939_Bedroom-3535,train
77993e73-b0e6-4620-b0ec-83b261c297a6_LivingRoom-1635,train
675747ce-8c84-459f-ab16-399ae3636709_MasterBedroom-22676,train
8055ba97-ba26-48bb-ac1b-8ed9b3330d62_SecondBedroom-92373,train
201dac8c-a9e2-44bb-9755-5eeda7b8f26a_MasterBedroom-6128,train
107179df-064b-4134-b988-82a44d664444_Bedroom-8043,train
708e5eed-9b7d-428b-9e1b-022541261d21_LivingDiningRoom-176519,train
6cd50522-54ed-4854-85b1-c0dc5f34abd8_MasterBedroom-12560,train
aa99f279-fc77-45d8-97f8-6d5b9a1452d0_Bedroom-64841,train
80c650a0-8b67-44a3-ab43-bf5c96522bea_MasterBedroom-10044,train
68983107-a915-404b-be96-20a030c59591_SecondBedroom-19492,train
02861dfe-ed53-41f1-b554-b02d0c170c61_SecondBedroom-6295,train
f0799208-0c33-4b7f-83a0-51eff554453f_MasterBedroom-17289,train
c09ae94e-bcf9-4e9e-81d7-6f41201afeae_SecondBedroom-25073,train
2c36d890-0d02-438e-9dfc-b817f31c3f44_Bedroom-17400,train
08ba7e0b-1ede-42ba-a766-885e27cb0d5b_Bedroom-75036,train
a736f07b-cca3-4042-b2da-63fe5264ef7c_LivingRoom-1848,train
43d5ff43-aa14-4d56-8092-cc6ba1ae01e7_Bedroom-1681,train
e538b99f-3925-45c2-93b4-981e89efaba7_SecondBedroom-30221,train
0a77986b-5c04-41b9-8ee8-1ea301ccda3e_LivingDiningRoom-126918,train
a5c582e3-749c-4e53-a996-260055e71c97_MasterBedroom-19437,train
4b9ec5a5-811d-446d-bda5-3acb0ecbe2c1_Bedroom-18203,train
e1119a13-1dcf-46c1-88e5-d028b528b634_SecondBedroom-8514,train
c2dfd20c-5d38-4c45-8583-ac436d0ce2f4_Bedroom-50925,train
ef538119-2339-4538-94d3-06711fe4ae99_LivingDiningRoom-814,train
dde0270b-65a3-4dc3-9c03-b32d90ae0438_Bedroom-2058,train
fdb7f1f3-c28e-43f3-ac6b-fbb43396c015_MasterBedroom-14915,train
5034f033-eb73-461c-b75c-dfc1d1e2fa5d_MasterBedroom-62487,train
6359883f-326f-4c7f-99f0-30626f427d5f_MasterBedroom-28235,train
835f8679-e773-4ce3-9a38-4281f4ae78ef_MasterBedroom-22898,train
980a056e-a3ed-4074-9a3a-8cc4dbe32a6b_Bedroom-3742,train
28b6a05c-0f26-4af4-8c3c-4ac7a0448c72_MasterBedroom-13651,train
cf503fce-857d-4bc5-afe0-e04a1b088cb0_MasterBedroom-1763231,train
02fb72ea-8e75-4f7b-85bd-18798232b263_MasterBedroom-40642,train
05796624-b872-4ad6-b769-3d10f6e6b2f3_Bedroom-4850,train
be762422-6294-499e-96fa-038dced9f5a8_Bedroom-74674,train
f6f93fd0-4130-46ff-99d4-cd42bdd0ffe8_SecondBedroom-546,train
d1200595-8df1-4758-983f-8b8ba63c25f6_MasterBedroom-22370,train
36a434a5-ed7a-4f92-ba94-57685e289b37_LivingRoom-14482,train
906838fb-55ed-4908-acf3-2ce304e821a3_Bedroom-12734,train
ca0bdaff-4e3a-4677-a328-cfab693b37c4_MasterBedroom-9302,train
9ddbde94-1d82-4d74-b262-a19cf0f9c5fd_MasterBedroom-15595,train
1db2e62e-6516-47da-bc4d-6469ba619d2f_MasterBedroom-1065,train
19ea6381-dbfe-4667-b1e0-5e3c71ddb12b_Bedroom-46146,train
177baa22-21a7-4d8b-91df-a6934117160c_MasterBedroom-18383,train
bb5491f0-2af5-4bf5-b7fd-562d24539f96_MasterBedroom-5934,train
4fcf48c3-1191-4ddf-9a93-d8771a6928de_SecondBedroom-14607,train
9f690000-5197-4ba8-b2d1-e1f1e4dbe9bc_MasterBedroom-6212,train
360ff522-f387-4714-b1f1-c4092d5167b4_SecondBedroom-17616,train
1cf13668-24ae-4095-9983-634d71d5e065_MasterBedroom-43761,train
320753f3-80d9-4237-9f59-38c4201a2782_Bedroom-4256,train
08c75291-0df5-40b1-a266-36910ab06aca_SecondBedroom-31355,train
9ed1d34e-0432-4430-a6a5-dd81cd233873_LivingRoom-3225,train
b9301a72-5a7b-4ab3-bcf4-aa7f67112747_MasterBedroom-10400,train
d5e9f98e-7c32-4425-aa4c-209476bcbe87_SecondBedroom-5044,train
99a9a277-df69-43f1-a934-3548f4438510_SecondBedroom-92664,train
67574e8b-f5a4-463f-bc05-f3e8a2cc0cb9_SecondBedroom-8823,train
0d1cc664-0f78-44f4-b6dc-3871e09decab_MasterBedroom-3280,train
9894d4c3-43cb-4af9-9107-263bdb85bd18_MasterBedroom-19693,train
1055b740-22c6-429a-99db-97fee8b05751_MasterBedroom-2458,train
101f128e-c2de-470d-8956-8d61031ea68e_Bedroom-14736,train
44d15f42-a914-4d48-8add-393c57addfb4_MasterBedroom-16160,train
be3bf4b3-c548-43cf-86f5-1c52f4ace8d3_Bedroom-46532,train
9bf55c0e-6250-41ed-ba12-968598c9279a_SecondBedroom-8097,train
574e5085-0f12-43c4-8254-59d8408c0c27_MasterBedroom-48394,train
f6f93fd0-4130-46ff-99d4-cd42bdd0ffe8_MasterBedroom-108,train
b40dbb05-821c-45f2-9ae6-e02e97c70c80_MasterBedroom-16305,train
47664f37-b639-45fd-a436-20fa2ab72ec7_SecondBedroom-1044,train
46987366-9a63-4f9f-97fd-1bafb4769ef7_Bedroom-47558,train
6379e703-a2fb-4d36-a417-30e0357a31ad_MasterBedroom-116901,train
0ef2b250-b5d3-4a2a-afef-6c3a04031c6a_MasterBedroom-34361,train
c3c2b237-b863-436f-b66d-27bf5d0ca927_SecondBedroom-104672,train
c4c0cac9-48a8-4d05-a279-c2582bbd3f9c_Bedroom-191156,train
e1ce0785-e1e1-4f8f-9428-514459737af0_MasterBedroom-74651,train
69d53a2f-5684-4d46-84ff-7afa302d1570_Bedroom-11842,train
cb9dc855-72d5-43f0-957e-627bbbe902b9_Bedroom-15622,train
0d2ade9f-c238-47b4-8b02-c0f2324e76be_Bedroom-6376,train
5f27b15d-9586-47a1-9875-075c68a95b05_MasterBedroom-48903,train
a0ddfc6b-c089-48b7-ab01-96701bd379ea_MasterBedroom-9433,train
1652d2f7-4a27-402e-8f22-0b0625256e8e_SecondBedroom-37176,train
22de98d5-60fc-4c5f-92e3-d589af0c57df_MasterBedroom-514,train
d37323ad-0553-41e2-99d3-e8ae35ec9ef6_SecondBedroom-17722,train
f788d318-0f9f-4c95-9aab-41d9878998c0_Bedroom-10012,train
e3674f54-28aa-44af-8651-c98d831ef27e_Bedroom-16148,train
94c64091-a056-49b0-9c6d-a928ab68992b_MasterBedroom-12518,train
e5aba2e0-9afc-476c-8ddf-10b253e3001b_MasterBedroom-15912,train
6603615d-0b7c-4b8c-ae29-ce9b464960ab_Bedroom-3375,train
17e306e9-d763-405c-b6b6-a418dfadecfd_LivingDiningRoom-232,train
a1541190-2d13-475f-8c00-06652f7d5f46_MasterBedroom-2153,train
a9c6a334-ba10-467a-a5cc-81dadb65a615_MasterBedroom-7711,train
0eb102fc-89cd-4d87-a289-c4b3ee55d44e_Bedroom-20752,train
03ce6fa9-d13b-4fa8-885b-b3cb1020ebee_MasterBedroom-13291,train
f975259e-3295-4fd2-b0b1-f300c3ed3d3d_MasterBedroom-22424,train
3e038beb-1cf4-4a16-8775-cf225873aca9_MasterBedroom-8131,train
3e038beb-1cf4-4a16-8775-cf225873aca9_SecondBedroom-7904,train
5d325c8c-5490-48c0-87c4-6d436134421b_Bedroom-1196,train
66082784-28d9-41e7-94bd-09a72fa335cf_MasterBedroom-1979,train
4acbe2b1-077a-4f34-a51d-2763f3a815a2_SecondBedroom-5730,train
0f390639-e937-43c9-a61a-be86dee77cab_MasterBedroom-18841,train
911575f5-aea1-486d-bf41-c7f9b0bbd258_SecondBedroom-35873,train
ee3d1267-f097-43b5-9a18-2e408f379b3a_Bedroom-7022,train
3500ee27-9a9d-451f-b191-46e5540d8374_SecondBedroom-1494,train
1316cc69-c622-44e9-a683-8aeeae46c2da_LivingRoom-355604,train
56827f79-da49-49a3-8683-b64b8646b3fe_LivingDiningRoom-7023,train
6dd54ac4-ea84-406e-8abe-b4a602a15851_Bedroom-13921,train
6bb3d777-55c4-444a-abc7-dfd0bfeb00ec_Bedroom-29441,train
217a37c6-075b-4f4c-a0ab-196e07bb5f3d_SecondBedroom-52584,train
e60add0b-e098-43fb-8555-704624ea66a6_MasterBedroom-8605,train
998ca0a0-ee00-4323-b2ad-79b858ffb0a3_LivingDiningRoom-17088,train
00ecd021-64bb-4bc4-b754-1796d2a12965_Bedroom-83832,train
0b508d29-c18c-471b-8711-3f114819ea74_MasterBedroom-12595,train
54ac6cd3-5c5a-40dd-823e-c4d159673810_MasterBedroom-70575,train
1c5bf205-4c14-4e49-b6d0-b9b0684827ff_LivingDiningRoom-8814,train
07f56e76-ac57-4f60-9390-8063fdc55e67_Bedroom-16315,train
55b2d6ae-86e5-40de-a739-95ce5b824d67_SecondBedroom-1360,train
3bea1f8a-0b4b-4a99-9750-17334bde24df_MasterBedroom-6532,train
f73285cd-a1f5-4c2e-a319-136013991487_SecondBedroom-16544,train
98d50a8c-8f9c-40c7-b306-2b282a3ade70_SecondBedroom-8739,train
ac7b509e-5782-481a-a4f7-48e037c5fa29_MasterBedroom-8696,train
0a28563b-19e4-4d67-8130-9a87a547daf6_MasterBedroom-16845,train
35f27849-c5f6-4a81-8fa7-d527f9963b96_MasterBedroom-28264,train
6b399f2d-3097-4272-822a-e50dea179ce0_SecondBedroom-5766,train
c2e171f2-69b9-4e7b-8cdb-e8d7c533d990_MasterBedroom-33899,train
2c987637-94e6-47e2-829b-4816f919a3dc_SecondBedroom-8018,train
db542eec-5a55-4f04-98cf-435531932c39_MasterBedroom-21419,train
9b70aba5-4a95-4ffe-a585-41e3a46f716d_LivingDiningRoom-2999,train
8a41712e-1a55-407f-92f7-3c7cbd4366e2_SecondBedroom-34098,train
737515de-dcae-4400-aa9c-c4bfb0d999fc_MasterBedroom-144074,train
f7168796-b600-4453-9d54-41314f27bed3_MasterBedroom-52771,train
1ba9ae7f-5074-4b11-9b38-43ea7e5ff693_MasterBedroom-38133,train
ed41e047-ee12-4f00-8add-0ee6b95d1585_MasterBedroom-3712,train
fe34c57e-fdaa-4d29-85ac-a580bdafd66a_MasterBedroom-22054,train
4b048449-ce93-4461-9113-2969ee735a95_Bedroom-6314,train
a736f07b-cca3-4042-b2da-63fe5264ef7c_DiningRoom-2519,train
a51a334d-6705-4820-8f10-4d024ba28d37_LivingDiningRoom-6081,train
798fa7f1-1645-4751-96ca-26d2b834b2d0_LivingRoom-50363,train
711bd99b-2719-45a9-9836-c4baae874ad7_Bedroom-4191,train
80d80e4a-197a-4bd5-9ed1-81c48786a321_Bedroom-74,train
bf563315-8442-429d-8435-7be477600130_LivingDiningRoom-19103,train
29d6297d-aa35-4a6e-afef-534b89943229_MasterBedroom-20766,train
825acf77-b557-44bc-82f8-ccb2b9e1ca58_Bedroom-8789,train
374ff983-9a4f-4f8a-a756-b28108d72bc0_SecondBedroom-4803,train
1e7966ed-1b5b-426b-aaef-395475df7dcd_MasterBedroom-151442,train
9fc84985-1955-4003-83ef-43970b1418a2_MasterBedroom-8979,train
2ad0682d-77c6-420a-bc7c-157447bc6481_MasterBedroom-76652,train
15a5a4ec-651e-4367-9f9e-c2732e5890a8_LivingRoom-214380,train
b643679b-4313-459c-b537-cd096ea1bdff_MasterBedroom-6710,train
43921e8e-fbe4-4eca-b1be-99969dda2224_MasterBedroom-26672,train
3da510a3-8db8-425e-bd0c-99e5a12af2ca_MasterBedroom-45724,train
9f09b360-ed12-4e72-96db-d956c00253fc_SecondBedroom-2731,train
2a6c3151-0e15-42e4-878a-e890e9a9d946_SecondBedroom-12408,train
e2c54d64-ce34-4ace-a9ad-a79407cd383a_Bedroom-647,train
d6c3ddf7-9807-40d5-8523-4a2b871c2419_DiningRoom-6204,train
1cf0b184-ec22-4fc9-bd59-e7c6f4c4a31c_Bedroom-252,train
01492580-b04d-4865-932d-c6fc225ba3b8_LivingDiningRoom-34353,train
583eba18-07cb-439d-a095-3118a9281de8_SecondBedroom-176067,train
e329f479-1ec7-4036-92d3-56af79b638a1_MasterBedroom-19852,train
ecb9cf66-3f1a-46a1-846c-0b97406d762f_LivingDiningRoom-5162,train
f80fbd68-006f-4118-a5b2-01678baef76b_LivingDiningRoom-45329,train
285c4223-33b2-4309-a265-59e3e1430a6c_Bedroom-5993,train
6490d051-3de1-42b5-970f-c940ae01730e_SecondBedroom-35859,train
aa9d393b-30df-456f-96dc-dad7bb8554c9_Bedroom-38342,train
a4b4d452-05f0-4c77-b367-cc0799a1f996_MasterBedroom-41884,train
a90f38f6-c1ad-4d64-9fcc-0f3d982912c4_MasterBedroom-45307,train
7686a060-ab0d-4014-9e5c-75d75e0752e3_SecondBedroom-50270,train
57b535e1-49e2-46f0-a54d-a3e50fe9c413_MasterBedroom-2435,train
f18b38d2-6253-4593-b715-8ad6f55ae549_MasterBedroom-13202,train
89b6e11d-a814-4339-9140-4a2a4206a84b_MasterBedroom-89427,train
3db40bf1-6f2c-45a1-9c26-386014ba6e24_MasterBedroom-36842,train
72cfe763-f119-4fb0-a697-5a56cf3b8289_Bedroom-28692,train
cf681cb5-8607-4615-a3a1-625e1d265f12_MasterBedroom-5872,train
5bd22e7d-960b-4e14-93bd-f955001f799e_MasterBedroom-4284,train
22ab3b63-db92-4737-bdca-6aeaa111e541_SecondBedroom-11179,train
3aa40ca2-8d84-4fc1-b2b8-ce2234c45f60_Bedroom-20168,train
54647521-1e76-42a3-bfea-f7aac8f9221b_MasterBedroom-4026,train
339e4d0f-096a-4453-be12-5a730e71e6aa_MasterBedroom-15718,train
0953aa27-1f92-4068-aed9-41f0cc7401d6_LivingRoom-39213,train
02f16dba-572d-409d-af78-98c7ab57f9c0_Bedroom-96082,train
44e6ed20-9ddf-4f53-a6c9-5bdbedb31aa3_MasterBedroom-27760,train
afd1ec15-5319-47dc-b558-b6a86d448982_LivingDiningRoom-31395,train
9c20cc98-5aca-45b2-be1f-880f6959e5b2_LivingDiningRoom-4131,train
8270c12f-973b-42ef-ace3-ce6e331d122e_MasterBedroom-218,train
42c087e2-924a-406b-aee9-8aa9c57d9d8b_MasterBedroom-61,train
5673b8fc-be93-4fda-af1e-bd63bb02b8a6_SecondBedroom-2827,train
c1582d39-39a3-4120-bbb2-859a80336893_MasterBedroom-237,train
f9f56ff0-e283-492f-bdee-051c886a9d18_MasterBedroom-8296,train
5e6d0804-54a9-4d4a-b4ed-1b4f22aa1d01_MasterBedroom-16884,train
fcc5e685-aab1-42bd-aaa7-9167d58f63d6_MasterBedroom-4746,train
cbd4a8a0-be44-4629-a271-0518654ab3d9_MasterBedroom-13144,train
582e09c9-b6ab-41da-bd7e-f8275890dfc1_SecondBedroom-64303,train
b6c9ce9f-dd5f-44b8-acae-3ec22110856b_MasterBedroom-3445,train
967e40cb-ac87-4ff0-90f0-f775d80ca4ae_MasterBedroom-1051,train
50efaf87-0d30-4ace-9cba-19c04f464b62_MasterBedroom-12928,train
c09ae94e-bcf9-4e9e-81d7-6f41201afeae_MasterBedroom-24935,train
9bdcdcf0-ea32-4aa4-a14e-29b6f6844c85_Bedroom-14989,train
44b61eec-c68a-4691-aa5d-2557b46a3f79_Bedroom-2976,train
d99124eb-078f-480a-805b-b605da337245_SecondBedroom-578,train
d1ae0261-6f61-47f0-902d-2c92b4822c4f_Bedroom-6792,train
74b36472-5e84-4950-93fa-faf2292e35a8_LivingDiningRoom-37024,train
f2904668-3f84-4395-afe2-2c34074c258f_MasterBedroom-32775,train
5113fd61-0a51-4309-9ca3-9461623f92d1_MasterBedroom-184809,train
2aaecec7-63e5-46cc-bc6e-5a78282af3b4_LivingRoom-60895,train
88cb9d3f-0703-455c-a951-8d04b2bb66a2_SecondBedroom-762,train
0e5fe624-43b3-42b3-831d-bd1a8efebd89_MasterBedroom-1895,train
12c54720-32c2-4634-8eac-1e2b129c2991_Bedroom-142430,train
bc447aea-80f6-4fd4-9ebd-342b98cc63ef_MasterBedroom-6958,train
0c26f793-846f-417a-b27e-0fbbdc3db601_MasterBedroom-11658,train
825acf77-b557-44bc-82f8-ccb2b9e1ca58_Bedroom-4788,train
1e12ac7d-0584-47a4-8f90-b6086554e128_SecondBedroom-102,train
58345886-a399-4359-a218-ad0a3b43f44c_SecondBedroom-10078,train
3a757643-3a34-41ce-ac90-f54ad79b0117_MasterBedroom-21362,train
0337f31c-ff58-48a8-8a03-1db9f02e6471_Bedroom-451,train
8effb2a7-1b2a-49e3-9ae7-676a5a4007d2_Bedroom-145448,train
a1efe26e-57c1-4624-ba4e-27c75f2b684d_Bedroom-22351,train
bbc028db-4450-4987-954b-5000869fa634_SecondBedroom-1499,train
86b8d631-2312-4e2f-82f7-de19d29a5f39_Bedroom-22495,train
68f61309-f9e6-4dfb-a1a6-82c1bef6b6f9_Bedroom-21752,train
40e1119e-c7fa-4319-9887-236dee57ffea_Bedroom-297,train
5e4f139b-2870-476f-a2c8-5e9867e179f2_MasterBedroom-13832,train
578810bc-9d89-4852-921f-fb51ca7fbc53_MasterBedroom-5468,train
6c45080c-c6df-43f6-a79c-476681818111_LivingRoom-5469,train
f93473b4-3fa4-401b-924d-ee78112f516b_LivingRoom-67073,train
329d1cda-829b-48bb-8636-e5336b0a1a89_MasterBedroom-87130,train
7e7ab0cc-e71d-4091-b68b-ac2b66f3188b_Bedroom-6248,train
21e417a7-6b31-4ce8-9e37-5423b081777f_MasterBedroom-15724,train
61fd44a0-70d9-42d2-9ed3-b2a45b2c4351_SecondBedroom-67182,train
af50bca9-1d0d-4eaf-9e81-9f8fc643949f_SecondBedroom-22166,train
ebbca084-db5d-4491-8fdc-dafa44c1ad3d_LivingDiningRoom-8006,train
fd35a56c-c466-42f9-85c7-7e152d00d631_MasterBedroom-783,train
a2a8f036-c0d0-4d57-b55f-f6aa5e56d7fa_SecondBedroom-12933,train
fbb124a7-d4d2-46a0-9465-fc790f714350_Bedroom-12922,train
d5295fa3-1db7-4bd1-b72f-92788e244e9b_SecondBedroom-740,train
62ee0d5a-10f1-44c4-bccc-a731dc6ad93a_MasterBedroom-8545,train
b741b776-33dc-43b0-b33a-2a488c920045_MasterBedroom-48846,train
f9b7f141-b314-441a-8d8d-ba7a0227a483_Bedroom-8136,train
bd0efcba-bfdb-4e4f-8bcd-7d9c70519af9_Bedroom-248,train
52b488f2-ce9d-4d54-94c8-97c639b347f7_Bedroom-790,train
b3e144d5-4a91-4d8c-84f2-1eda6a4947e8_MasterBedroom-10518,train
f378812e-7afa-4eba-ab73-e537abb57780_MasterBedroom-103832,train
34dd0565-e998-4953-b094-2adb6b90e240_SecondBedroom-3449,train
2b7bdb1f-48bf-4987-a420-b3887e7c4a2c_LivingDiningRoom-46222,train
a6121dc7-7fc9-4ca0-af1d-bacd537be48a_LivingDiningRoom-1196,train
948056f8-df36-499a-b159-d02346e75255_SecondBedroom-968,train
ef5257c8-753d-43a1-a653-ecd20ef21bfd_SecondBedroom-32163,train
d5c04de2-a405-4db6-82c3-c657661aed5c_MasterBedroom-5424,train
6ee84dec-417f-4fba-ad4f-1f91d7589cf0_LivingDiningRoom-4056,train
2d38c33c-6311-4497-b68e-018b544912a2_Bedroom-10660,train
1cca0bcf-bc1b-4f18-ad75-fbf53fbc226a_SecondBedroom-1216517,train
0d6bf931-d094-4ecc-8b54-f2332c9c2464_Bedroom-57460,train
2b7bbd2f-8e66-45af-bfda-8ccec86cf64d_MasterBedroom-12325,train
1e16532d-1ec8-42c6-a66f-ef21e31c22c1_SecondBedroom-8350,train
5de48c8f-3e53-43fa-b174-d59e597201e5_SecondBedroom-4698,train
facfc0bd-e9d0-45a1-bdfd-73dca226a623_SecondBedroom-40210,train
0ca61cac-dc02-4196-b4d6-752299c42d80_MasterBedroom-1056,train
0422e423-8aba-40f0-9090-78f448423468_SecondBedroom-20,train
9f8f93c4-796c-41ff-863d-c7713981e450_MasterBedroom-1956,train
fdb7f1f3-c28e-43f3-ac6b-fbb43396c015_SecondBedroom-12633,train
6d5ce3ed-049e-4ca7-965a-c1cb66dd25d8_Bedroom-272,train
0c26f793-846f-417a-b27e-0fbbdc3db601_SecondBedroom-10372,train
90efe970-79b9-432c-a676-290e1a00a31f_LivingDiningRoom-8452,train
20205262-153b-49b2-ae45-43f01c22e12f_MasterBedroom-26081,train
54d29e13-6e4f-4930-9418-fcdcf6e2071a_MasterBedroom-3391,train
2df891e0-29c2-49c5-9260-db814a9e397c_MasterBedroom-19265,train
0b2bc0ab-adef-4db2-b681-84b8adf592ed_LivingRoom-7106,train
2a655d00-ddf8-4b46-a3d6-bb8c60971e68_MasterBedroom-39199,train
56fedd11-b226-4c51-8d89-552caf24487b_SecondBedroom-19232,train
53a2b4d8-dee2-401f-99a3-c76ebe17be2b_Bedroom-3183,train
be762422-6294-499e-96fa-038dced9f5a8_LivingDiningRoom-77047,train
bf0b9895-7e9b-4ca6-bf93-07e22b047195_MasterBedroom-2002,train
1bd03f57-711f-4152-82e4-a5968033fcac_Bedroom-29500,train
3148a6a4-60e2-441e-a1d8-5d1ba681f11e_Bedroom-171,train
479c05de-800f-4eec-a64e-961eae9f568e_LivingRoom-19435,train
ad0426db-a9e3-4428-989f-c2c38e1157c9_Bedroom-53,train
73726d4e-12e5-4828-8faa-b4baa3a4a52f_Bedroom-573,train
51e5a27e-717c-4194-b4c7-ebb8ed877c12_LivingDiningRoom-6843,train
05330649-da43-4dfc-b5b1-f27272b15259_LivingDiningRoom-5290,train
8ab6793a-646c-494a-9cb1-b149d3e09cd7_MasterBedroom-4027,train
dea8e07c-6c70-434c-89d8-7c1b718bf171_SecondBedroom-27869,train
a5a45951-673d-40c0-a092-e75bcb5d7d36_SecondBedroom-14102,train
8f2a2975-c763-4707-8a4c-efeaf526d3a3_LivingDiningRoom-86,train
dd22d718-475a-4a17-ad13-9c0089edf15f_MasterBedroom-14554,train
c4378074-7728-43be-ad20-6811c648d5ad_Bedroom-2471,train
e56442cc-b416-44d5-87f2-95e578e52e20_MasterBedroom-33021,train
473633df-9854-4d60-8fb7-290a68f31bb0_LivingDiningRoom-14571,train
39cc2839-b317-41cc-90fe-c829d91c800b_MasterBedroom-26273,train
0d83ef53-4122-4678-93be-69f8b6d32c77_Bedroom-727,train
0e419fb6-6c84-4dd0-ab16-a1d561d36e69_MasterBedroom-6134,train
3f6df3ff-611d-4259-a65f-57641b3e993e_Bedroom-10372,train
378b868d-2e1b-4922-9cac-ffd0e9362e90_MasterBedroom-101780,train
af43eb53-423d-4ef3-8498-d208d22b15de_MasterBedroom-131194,train
65a7ec51-0813-4bdf-9f92-cb4a84b0d4c0_MasterBedroom-184355,train
36aba4dc-b636-4f9e-9fdd-d76717918c3b_Bedroom-22219,train
67963b4a-1283-40ef-82a6-41c6dd279e0e_MasterBedroom-44641,train
94df2d89-c43d-4a42-8b69-a097785aae0b_Bedroom-236,train
4693ef91-67c6-4e65-87c5-46b53aa23445_MasterBedroom-1762,train
bc409ec3-1ce9-43a9-a47c-7cfa5822cea3_MasterBedroom-350851,train
181ecd38-5ccd-45e9-a7ec-2c79f5b58e07_MasterBedroom-14015,train
036bc96c-419d-4a43-812e-1e533d95dfd3_SecondBedroom-114156,train
06b029bb-7b93-45d0-8667-13411d1e59f2_MasterBedroom-29010,train
de7f5810-bcd8-4eae-889c-ea51d11640a2_MasterBedroom-18739,train
a7640bcc-e2ca-4b7e-806e-e6deeaf02fc7_MasterBedroom-28862,train
e2f3aa79-e130-445e-8773-b697ab77d9b8_MasterBedroom-45873,train
36ff476f-9fa4-4bc8-a545-75954191b1a3_Bedroom-2241,train
efae3b03-c5e7-42b6-8a1d-74a60df65af1_MasterBedroom-75082,train
6ef436f8-3ed9-410d-815a-2652e115f716_LivingDiningRoom-53598,train
6e356720-39a8-4843-874d-a71efc4fb1ff_LivingRoom-2159,train
b6c31412-9def-40e5-b812-95a22c0a1c9f_MasterBedroom-34597,train
50526848-e51d-48e0-bb9b-3c5c90d76c4d_SecondBedroom-13085,train
90ef3333-91b7-42d9-8da4-757e8893110f_MasterBedroom-68624,train
5241d1cf-ef42-4093-8c13-ef34d601b738_MasterBedroom-5522,train
1652d2f7-4a27-402e-8f22-0b0625256e8e_MasterBedroom-10667,train
8b020c26-3761-47f7-bd34-4961c0393e4a_LivingRoom-3559,train
fefb59b1-a1ed-42d8-ab19-95808008e573_MasterBedroom-10659,train
a3793c44-f933-4356-84df-578a26e4cd33_SecondBedroom-8094,train
91d0fcc8-8934-47c9-8ebd-3555da0412b0_Bedroom-39512,train
a7c63ad9-cf85-43f2-bd62-6222344661b7_MasterBedroom-40171,train
580a48e3-61e3-4d09-958a-2b8ac4deb65b_MasterBedroom-10043,train
51e57a7d-86ec-4f96-a1dd-1e312fa6ebd7_MasterBedroom-7232,train
3f4bdfd2-1c63-435d-9482-6dce589f6a5f_MasterBedroom-22801,train
201dac8c-a9e2-44bb-9755-5eeda7b8f26a_SecondBedroom-55438,train
cb106df9-e7c5-4c0d-88bf-4c8395537e69_MasterBedroom-6074,train
54647521-1e76-42a3-bfea-f7aac8f9221b_SecondBedroom-6105,train
71928d95-b535-44be-b678-a67b270dd33a_MasterBedroom-1585,train
c75712a9-38a0-4ae9-b5dc-7404e3b34fd5_LivingRoom-55,train
3f00a056-ba0a-467a-9565-0326eca9cc5d_MasterBedroom-87312,train
f006ad67-40d2-4068-950c-2ce3805d3932_Bedroom-37799,train
31067a38-bcda-4496-9cbf-f0d8e538ed7e_LivingRoom-12203,train
1f035474-4470-4bb1-b208-0d9339c23c2a_Bedroom-6915,train
ef482642-65a4-4ef5-b8ae-f32d09c0febe_SecondBedroom-18088,train
be3bf4b3-c548-43cf-86f5-1c52f4ace8d3_MasterBedroom-43924,train
173fa696-64ac-4513-8154-48b16b633a3e_MasterBedroom-20647,train
5d966bf7-2d76-4b3f-af13-173cb44e218e_MasterBedroom-8546,train
648b8740-c145-4233-84f1-27f596c387e7_Bedroom-25945,train
02861dfe-ed53-41f1-b554-b02d0c170c61_MasterBedroom-1422,train
aa1a03cc-eb9f-4388-8501-23917fc85c58_Bedroom-9668,train
3ec1f433-e612-4509-9e52-8fa062b2aaa2_MasterBedroom-2442,train
5284e23d-d23e-446e-a814-4d52515078fb_MasterBedroom-19029,train
856c1df0-c383-4960-819e-e9caddd88631_MasterBedroom-193,train
651c37ce-c0cd-47c6-843f-3aa192235e39_MasterBedroom-86835,train
a89cf6cc-eb96-49ed-8995-c7add3e765f0_Bedroom-3316,train
4b601463-1cc6-4a9a-9fde-37844b0a2556_MasterBedroom-147840,train
3e73871a-0b33-44cb-99ab-6a76a7d6e12d_MasterBedroom-8283,train
13834f3e-2207-4206-9b48-daa29b2eb873_SecondBedroom-34058,train
b8eca45e-8419-496a-b781-1eb69c320d39_SecondBedroom-1546,train
c0da586c-04ed-4208-b3b9-21f2c0992e55_Bedroom-227,train
04546af5-acd6-43b1-981a-3e976e01adce_SecondBedroom-108747,train
2fee88c4-7d23-4a57-ac24-ad3c1eefb992_MasterBedroom-9934,train
a59c6716-3e62-4141-827b-993734038990_Bedroom-62235,train
e59618e8-5343-4f81-9906-360b10d2f935_Bedroom-1109,train
45f0c9b3-a06b-4e38-838f-1829297ee000_MasterBedroom-107799,train
4ad70f20-a808-4d83-ad8f-4556cbc58760_Bedroom-604596,train
360ff522-f387-4714-b1f1-c4092d5167b4_MasterBedroom-17635,train
aea28264-2cb8-4875-bdd2-073fb12c83ac_SecondBedroom-33345,train
be762422-6294-499e-96fa-038dced9f5a8_Bedroom-73234,train
d6b6ed9b-d16d-41d7-aec1-007b2a58d89f_Bedroom-2197,train
a65aa3c5-680c-4bbd-bd81-fa2e610c1b5f_SecondBedroom-9075,train
34162b32-057e-4069-98ad-eaa186cd5370_MasterBedroom-6682,train
12af5f26-c8b1-45e7-9ab3-e4d20e7a2c19_LivingRoom-518,train
46962cd9-1433-4c4a-ad4e-3a700ed010c0_MasterBedroom-1762236,train
8444f7d5-2c4b-4abf-8da2-52e430225b67_Bedroom-358,train
42da194b-3b73-4d6b-b7bf-2e1e53e64355_MasterBedroom-5861,train
faf62fbc-739a-40da-aac3-12b6807ee7e3_Bedroom-5799,train
117a35d6-ad28-4278-9908-cb8806113a62_MasterBedroom-1758,train
a477867e-24da-45e5-b57b-aab7de1c1623_Bedroom-2165,train
911575f5-aea1-486d-bf41-c7f9b0bbd258_MasterBedroom-36096,train
07f0017d-f172-4450-a840-7c9cba27b9b2_Bedroom-353,train
2e4fd266-4688-4343-896d-61b28ad746f0_Bedroom-13247,train
8dd17fcc-6752-40a1-8b4b-6533eadcdb9e_SecondBedroom-7811,train
d8f50afc-d93f-49f8-9170-b7b9fe880152_Bedroom-22570,train
c3c2b237-b863-436f-b66d-27bf5d0ca927_SecondBedroom-104740,train
1167a82b-ace6-4cec-a2af-7c6f227a371a_Bedroom-79365,train
305d3251-8f1e-4cca-9227-011187146d89_LivingRoom-69073,train
3aa40ca2-8d84-4fc1-b2b8-ce2234c45f60_MasterBedroom-20604,train
9ced874b-7641-4dd6-b839-86e327f92344_MasterBedroom-20459,train
e00d4702-e681-4d67-90e0-bed64fee50a5_MasterBedroom-12402,train
91e19c05-929c-416c-99c9-9d5ed3b6393c_SecondBedroom-25354,train
5839632c-bad1-4129-865c-342a3b72ec92_MasterBedroom-52003,train
b1b34315-3981-48b3-bfc0-e82878ea6e34_MasterBedroom-49467,train
f50a3dc4-2f5c-4edd-908a-8e0bcc6ef672_MasterBedroom-36010,train
ffb067ad-cf9a-4321-82ae-4e684c59ea3e_LivingRoom-53948,train
8a645186-9a7d-404e-a927-2113ff8d1a17_MasterBedroom-163174,train
4b18584d-3740-40f7-b344-5fbd98858ed8_MasterBedroom-88517,train
0be73303-6270-482d-be06-528c07da02fb_MasterBedroom-1688,train
329e33f3-ed03-4147-9389-c3573e7e54b7_MasterBedroom-2118,train
0c2cf150-5293-43d7-acbf-8c1b0a67070a_Bedroom-4843,train
54b6b469-8aa3-4d5d-a285-977f75fc4212_MasterBedroom-14876,train
03704744-6330-41f6-9983-928466e9a39b_MasterBedroom-771,train
01c978d0-4fe9-4ee4-9c1b-ac0788610445_MasterBedroom-73093,train
e89afe87-760f-4291-bc6f-8554c65dd30c_LivingDiningRoom-16265,train
95352018-794b-4260-b90d-6c78d85b0253_SecondBedroom-17793,train
5a46fbf6-0235-478a-b155-3994daab55e2_MasterBedroom-289120,train
8b8e91b1-3337-4ba6-ae2a-45390121ddbd_Bedroom-25720,train
881ca3a4-592f-4e86-8dd8-f95513165c94_LivingDiningRoom-10479,train
02623967-e0d7-4775-888e-6441b23a96ff_MasterBedroom-12592,train
14e7aa9f-8774-40f4-b786-c042aecb27ff_LivingRoom-24046,train
0efc2789-0d3a-41eb-adc7-6db4f8713070_MasterBedroom-617,train
c76960e2-bf7d-4cec-8ead-554c40227983_SecondBedroom-12139,train
4b1513de-23df-43b3-866f-ef10c1c09d58_MasterBedroom-13936,train
96bc1382-7f9a-42ff-8937-f0175468d63f_MasterBedroom-35172,train
dd3fc03d-aaf4-42ed-aaab-2f371a57e000_SecondBedroom-12960,train
10087356-5564-4bb8-9dcd-72adee753630_MasterBedroom-26618,train
fb5924fc-9540-4659-9764-a38774256527_MasterBedroom-35835,train
e49a3f2c-c856-468b-a7fb-0584f5aa91e8_LivingDiningRoom-209282,train
22eb02bc-5982-4ebe-9575-47902632e022_LivingRoom-8582,train
7ab9613a-1489-4fd4-8bb5-cdef94c6ca1b_LivingRoom-11224,train
1038892d-cbe2-40e6-b2aa-b152f3dd388c_Bedroom-5666,train
afda8ff8-1350-49b1-99a6-f138c46fb6ab_Bedroom-11457,train
6a90c493-3261-4ed3-b926-815b4469f615_MasterBedroom-52872,train
bba8c5f2-10f0-4917-b26b-82fb076a97b4_SecondBedroom-7619,train
aa4f6995-3c16-4b8b-9925-91df49b5711f_MasterBedroom-57920,train
af43eb53-423d-4ef3-8498-d208d22b15de_LivingDiningRoom-128962,train
a0e57ce4-f5b5-4ca6-b46d-513cca1e290e_MasterBedroom-11778,train
80c650a0-8b67-44a3-ab43-bf5c96522bea_Bedroom-15603,train
1a82a427-49cb-4394-b9d7-8ff02c42e18f_SecondBedroom-54345,train
525c4166-1792-4f4a-a9c2-1ea260cf6e39_Bedroom-8490,train
4d10e9a9-1df6-499e-80dd-987053e36daf_MasterBedroom-52661,train
0de89e0a-723c-4297-8d99-3f9c2781ff3b_MasterBedroom-16791,train
68aef3df-2608-4b26-bbf3-8533bbeb9445_MasterBedroom-37530,train
e02e2373-1bb0-4d67-819b-8c471edc78a3_Bedroom-8051,train
364d3557-c189-4bb6-a5cd-4b1c2cab4706_MasterBedroom-5328,train
3d9f406a-4032-44ed-9f55-064f14fe2250_MasterBedroom-67795,train
b41434c7-ea34-404b-a426-34221b17c942_SecondBedroom-3467,train
0220df39-8356-4ba5-8f26-4f385afa2cae_MasterBedroom-37718,train
53ac3d02-ed9a-4d4e-8982-e1b44dc8d5ec_LivingDiningRoom-19339,train
884069da-a0e2-4f44-bb7d-63da58b183fc_MasterBedroom-36867,train
30f2574f-dd2d-4e97-a937-dce8be2af98e_MasterBedroom-118964,train
5c304c9d-debb-4dc3-b3d2-a7666d60b2d8_LivingRoom-10060,train
4b3afc35-94ce-4154-ba53-dc10e83bde73_Bedroom-8008,train
40ae8003-7d89-4e10-a98d-991f8918220a_MasterBedroom-21566,train
30c0c5d6-30c7-43fc-95b1-e7424df97d77_Bedroom-47437,train
37c69656-88ac-4e59-80a3-263c841262a1_LivingDiningRoom-41202,train
becea2fd-a2fa-452e-ab7b-6c9e127a3161_Bedroom-23898,train
be5538a6-455b-486f-a46a-fd03d864587e_DiningRoom-26814,train
fc867413-7da3-420a-83a4-a292b2114b40_MasterBedroom-319741,train
8c069e29-9332-4e92-b13d-a6f190df120f_LivingRoom-12827,train
7719f139-6a07-47c3-9435-eb894ce81069_MasterBedroom-4256,train
04e61b97-0a68-44c5-abae-5219c2d3f616_MasterBedroom-8787,train
0b105b2a-e368-40ef-90a3-a4c422b915b4_LivingDiningRoom-6989,train
177baa22-21a7-4d8b-91df-a6934117160c_SecondBedroom-18352,train
4fad04b4-6651-41ff-bacc-b96090d4d66e_LivingDiningRoom-5677,train
1d58e654-b0c2-4a5c-a1b1-ba34eb31b380_SecondBedroom-24855,train
a5cd819a-55b7-4df0-9960-8a83013bb0b9_LivingDiningRoom-4137,train
1cc33f5b-a9f0-4f6c-a859-25ccf28ddfab_MasterBedroom-275,train
83c802b6-a1c0-4753-b38a-490bafe0ddd3_MasterBedroom-20944,train
a42ac970-4696-4382-a902-0e13e66953ff_MasterBedroom-77359,train
5d3bcbca-1efd-44ab-8425-e1c59a800ced_SecondBedroom-30632,train
fe4aa477-9203-4c50-a540-e1bbdf2d9fec_SecondBedroom-3766,train
aee82a11-1d1f-47ff-80d5-902e800b839a_MasterBedroom-5121,train
a19f2445-1678-4c98-a26d-fce8c3ee5320_MasterBedroom-58086,train
6ab91867-b6fa-4630-93f8-f3223e71c154_Bedroom-614,train
eb19c2b1-7eca-4389-9ee7-ff27db482cf4_SecondBedroom-46831,train
2c987637-94e6-47e2-829b-4816f919a3dc_MasterBedroom-9477,train
6bc28ca2-2555-49b4-816a-042ae648f4c6_SecondBedroom-48703,train
8ad05b8a-76f2-42c0-bfc1-4024351e966d_SecondBedroom-13211,train
3cb1b735-8b88-42ee-ab06-4592c359b291_SecondBedroom-127,train
aa8112cc-d57e-4a9f-a425-d40e7d114b08_SecondBedroom-32118,train
a4506c02-c864-4c3a-a7f8-7a940a25d9f1_Bedroom-5315,train
ecdbeecd-1c5e-4605-a682-ca1085fd0721_LivingRoom-10766,train
af2e8a6f-d173-482a-a922-23e242acef49_MasterBedroom-54203,train
36aba4dc-b636-4f9e-9fdd-d76717918c3b_Bedroom-28379,train
b98e19f5-239f-45a7-a892-da88b2719561_MasterBedroom-145762,train
72f75ed4-ab5e-466e-ab6a-7672b31ceb93_MasterBedroom-121748,train
35f27849-c5f6-4a81-8fa7-d527f9963b96_SecondBedroom-25444,train
7de844f8-f4c0-42ae-921c-00aea51109a0_SecondBedroom-26371,train
1b8df9c3-0d1f-429f-a278-6ee12808218c_Bedroom-936,train
9105f71c-bbd1-4bc5-8b06-88057dfefa08_SecondBedroom-218174,train
b6167446-ce9d-4bc0-bc2e-e6026d939a3c_SecondBedroom-14359,train
6048ff60-5420-4ad5-ab02-856f989ed67d_MasterBedroom-2012,train
1fdb9840-5925-48a0-a307-4be1bc9b402b_SecondBedroom-4121,train
3d43fc39-ad02-49ec-84ec-ef943021d3c1_SecondBedroom-1906,train
562d5f5b-3a15-4570-b1b1-0bf1f4df12f7_MasterBedroom-35310,train
d370c471-53bd-4027-aafb-1e611b97946a_Bedroom-12281,train
c69b9977-decf-4f27-b1eb-da633f72cdae_Bedroom-13655,train
0b851a7f-d0ec-48fb-a9f2-736b1cccf44a_MasterBedroom-51236,train
e68032b2-11be-476a-b4b3-cf9a601db316_MasterBedroom-117275,train
724eb4ee-bd9e-4036-8579-d5379605f941_Bedroom-10740,train
1283c8a5-b589-48a8-a6c9-486791da56ff_SecondBedroom-19482,train
54b8104f-05e8-49a4-a8df-004a3ed42064_Bedroom-34195,train
2c36d890-0d02-438e-9dfc-b817f31c3f44_Bedroom-17515,train
03b0d05c-a430-4853-84f0-f8aeb802e6c5_LivingDiningRoom-5734,train
26978a48-eab2-444c-9a0b-2fbfb1ace40c_MasterBedroom-1003,train
84bf591e-7035-41e7-8e3c-23b6ec81cc6e_Bedroom-10062,train
2c36d890-0d02-438e-9dfc-b817f31c3f44_Bedroom-17464,train
8b922b7d-26dc-4161-9173-01f7055a7c28_LivingDiningRoom-11539,train
9ced874b-7641-4dd6-b839-86e327f92344_LivingRoom-20470,train
177baa22-21a7-4d8b-91df-a6934117160c_LivingRoom-13599,train
63c32cb2-840d-4e30-9482-6219da6d8713_SecondBedroom-18803,train
f7f1f448-8a7e-4b56-935b-83ab1d524a71_MasterBedroom-22344,train
cc5f69b9-c76d-41a9-8a40-094e5664ebbd_SecondBedroom-4462,train
21569333-a837-4228-9440-bfbaf37cd57e_SecondBedroom-15424,train
f48a21a7-a87d-434a-8626-4fe208c06877_Bedroom-822,train
3bb5bb6d-b566-4218-bead-cba9a146413f_SecondBedroom-20466,train
55edb089-573a-4701-9290-1ed05a2590e4_MasterBedroom-32242,train
caf38914-a237-4e42-9681-844d4ca966db_Bedroom-27912,train
103f980a-daf2-4dc3-b295-fabd6afe4bcf_MasterBedroom-32143,train
a390f6ea-2c8b-4e0f-8a0e-74eeed8b32fd_Bedroom-10811,train
4409ab36-f1e1-442c-8fbc-ff49638af1e8_MasterBedroom-29958,train
5a92fb82-10da-4b31-962a-2f8db50ff99b_MasterBedroom-369,train
fbe0dae7-7c8a-4a3f-aac9-082d5c509469_Bedroom-11065,train
b078021c-8535-4ed3-8c63-0b6109c603d6_Bedroom-17564,train
41053719-a949-4424-841b-a29c5d6a079a_LivingDiningRoom-8276,train
324e817c-96c3-43c0-a96d-70b8c8a35f6f_MasterBedroom-91485,train
bc62f166-d9c1-4b04-a971-f6e8c9b05811_MasterBedroom-53974,train
6b774494-78d2-4def-a1df-24e4d907e796_MasterBedroom-137035,train
63624bb6-0323-476c-b295-2e31b729fbb8_MasterBedroom-7175,train
a6d3d76a-09a7-4c08-a52d-f97a473e61b1_MasterBedroom-35384,train
77f6da2b-12c1-4dcd-bd87-70a4a28c1cf4_MasterBedroom-7393,train
8ed6f6d3-ba4d-4eee-b897-d2e37ccd324e_Bedroom-156,train
df5f6372-1d1d-4884-a9f0-c8c33595daaf_SecondBedroom-10536,train
329e33f3-ed03-4147-9389-c3573e7e54b7_SecondBedroom-1059,train
a1af2150-95a7-4047-82e3-6b4c22875390_MasterBedroom-643,train
1738bb5e-a0d6-4820-ad10-f3c4bf9533e9_LivingDiningRoom-14929,train
8d89aa3a-27c4-45d5-b902-203088bfa427_MasterBedroom-25650,train
06fd7746-9abf-4430-b674-a6b904d5f1a3_Bedroom-68029,train
a5040c13-c69d-4651-9ee6-eeb2afb539af_LivingDiningRoom-6966,train
1d46c47d-28e5-466a-a9d3-9b350cb0f38f_SecondBedroom-89711,train
e4874b32-dbf7-48ae-84e1-bbcf47a528e7_Bedroom-6887,train
51e5a27e-717c-4194-b4c7-ebb8ed877c12_SecondBedroom-6900,train
f488ee09-82e1-413f-aeba-a776aeeb333d_MasterBedroom-31775,train
6060e648-44c6-42d6-a9f4-f58c5bcff70d_SecondBedroom-25760,train
d92cece8-3eef-46fb-bd24-8572d78e96ac_MasterBedroom-13598,train
f6db8d36-9eac-4b53-bd4d-095a85694626_SecondBedroom-2874,train
bba8c5f2-10f0-4917-b26b-82fb076a97b4_SecondBedroom-7682,train
6a59baa9-90bc-4848-b749-c9e4d9e4d7b6_MasterBedroom-6133,train
04396802-8d89-4377-8b28-4cadc9eb07c6_LivingRoom-2023,train
d7be9a98-68a9-4e31-8371-41bcc7c66eef_MasterBedroom-224,train
4e90cfdc-f6e6-4097-bf15-0bb61288ca1c_LivingRoom-18071,train
3785b6c6-307c-45ea-b672-367f2451aa56_SecondBedroom-58428,train
2de27e8e-9388-4c17-8760-a8bdbe23931b_MasterBedroom-30887,train
e8935429-7f9b-4a4b-bc21-58c0b0d82198_Bedroom-7954,train
739119a4-f787-4f1e-a7ef-f72d5f36785b_MasterBedroom-12204,train
f999ea63-2aca-4e3a-a646-dd75bc53fc8c_MasterBedroom-9460,train
85e97691-e825-435f-b4bd-6e47c8620a5e_LivingDiningRoom-381,train
fed3d417-97a3-44e0-ba86-b76c71672dc4_LivingDiningRoom-15471,train
fe4aa477-9203-4c50-a540-e1bbdf2d9fec_MasterBedroom-9360,train
43069995-70b6-4ad2-a934-5f8ea67be7bc_MasterBedroom-14970,train
96bc1382-7f9a-42ff-8937-f0175468d63f_LivingRoom-34874,train
60d37d45-3388-4f28-9708-b0b37a6f73ba_SecondBedroom-222181,train
a5d1492c-2e00-4992-8375-23efd0389ab3_Bedroom-1529,train
af3a0928-2e39-4864-9f53-d17205cba116_SecondBedroom-5710,train
eb014623-6b94-4fb0-b33d-39773cb0cd8c_SecondBedroom-77167,train
93ee15ef-3962-4595-82d1-a3c5402dda01_MasterBedroom-6040,train
f6bf9761-7493-486f-8c70-831e83eab521_Bedroom-126560,train
41a6ff52-5596-4560-97c4-14f827d12914_LivingDiningRoom-11830,train
83ec537a-528d-4a4d-9bc2-6d6e7b805945_MasterBedroom-47626,train
2f2aea48-6acc-4236-bf29-b2b9e450557c_MasterBedroom-132843,train
d0615bd5-c5af-474b-a2bf-c434fcfaf74c_MasterBedroom-110,train
f47e91bf-c4c3-4399-9917-ac2c0d393fee_MasterBedroom-33062,train
203f67cf-e43d-4395-8bd6-75ce85fb2481_MasterBedroom-3935,train
c23b1aa8-3e99-4598-8171-7f10483da1c9_MasterBedroom-106127,train
c776fe0c-3c75-4f96-be4e-49c2ade7b30e_LivingDiningRoom-30074,train
aafa0b11-9656-40b3-b44f-c2f9053ec194_Bedroom-3894,train
a7203875-f96f-43b7-97db-af7d0b822189_MasterBedroom-4384,train
5bfa4d56-ec91-4fc5-81a9-32cf765b297a_MasterBedroom-3213,train
ea328f5b-1235-4041-9b77-8fc1a7eea639_Bedroom-9092,train
c2e891ec-de52-4ebd-bd91-5720ca647fd9_MasterBedroom-2957,train
3e038beb-1cf4-4a16-8775-cf225873aca9_LivingDiningRoom-8049,train
9231f5c6-02ab-4704-bc98-8c652710e64c_MasterBedroom-7439,train
9b3608bf-9705-482d-9c23-2d03aebd61ad_SecondBedroom-17415,train
e3868792-6c29-4bc0-96f7-302bb742a456_MasterBedroom-67446,train
6cc1d22f-47b3-4a3a-81b4-19575f2ec3cd_LivingDiningRoom-18809,train
02f7ad87-8aaf-49a0-bd98-c010e7b84c33_MasterBedroom-6210,train
bbfbce07-fd71-4e7c-a40d-4eb3a9bb70d2_MasterBedroom-4374,train
e387ce2f-183d-40a7-b4bf-814181fbea82_LivingDiningRoom-1407,train
2a655d00-ddf8-4b46-a3d6-bb8c60971e68_SecondBedroom-33477,train
5799a8da-0d93-4c2d-bc54-f1c2b7bca9af_MasterBedroom-2303,train
483eb8ef-60ad-4f4b-85ee-9ee629e7fd85_MasterBedroom-73294,train
582e09c9-b6ab-41da-bd7e-f8275890dfc1_MasterBedroom-68509,train
561797bf-0be3-4b73-bade-ed9c50df36f1_MasterBedroom-19983,train
151777ef-6113-426c-bd88-335a9718c75a_MasterBedroom-8750,train
f2e9f7ec-737a-472e-9e4a-9895805dea77_LivingRoom-46675,train
67574e8b-f5a4-463f-bc05-f3e8a2cc0cb9_MasterBedroom-2367,train
4279081f-e8fe-49a3-9060-5f098e3b17e8_MasterBedroom-3786,train
5e004059-c7c4-44e2-99bb-93f7ec7b5b46_LivingRoom-34140,train
8c3494c7-e7a3-4702-94ba-6a21e7e2ed73_MasterBedroom-946,train
bf4d05fc-826d-4a7b-a938-373e42688dda_MasterBedroom-2080,train
73ed0b77-ba5b-4c11-9bf4-a776d8290144_LivingDiningRoom-113,train
d752939f-39fe-4ce5-a86c-174eb509f137_Bedroom-97983,train
e525ddc0-e901-48c7-9c82-4c266ef1d2c5_MasterBedroom-2632,train
135958f5-17d5-467c-a8c2-ea5b3dfc48eb_SecondBedroom-217432,train
7fef554c-fdee-4a82-a180-16dfc68f415d_Bedroom-28863,train
997c437d-2a84-48e8-bf8e-6280cdc1dac8_SecondBedroom-19781,train
10a1f583-7755-4afd-98b2-3f7df16bc930_Bedroom-430,train
99e610b9-c34a-404b-afda-18abf1d22cbf_DiningRoom-2469,train
af474567-7aec-4b7f-8e0a-9054871beb8a_LivingRoom-33315,train
33e62338-9681-4fa0-9ffd-edb64d988f63_MasterBedroom-1114,train
e6db34b3-c6a1-4e04-b95a-30c415767e82_MasterBedroom-28172,train
d86d22b5-a808-4dfb-acf4-a7a5bfc9457c_LivingRoom-24701,train
0b1953f7-3bab-4a2e-b0c8-396d0170d6b0_SecondBedroom-62406,train
c417e976-1789-479f-86ee-e9f21571cfa5_SecondBedroom-58192,train
2029fb99-c3ee-4050-981b-b8b8c7e5077b_SecondBedroom-82001,train
97d1fafe-5ee8-4f76-aef0-3505d4f24905_MasterBedroom-74547,train
58698c8a-6340-4dd2-a71c-d9cbdc244f4c_Bedroom-9500,train
234635d0-a5cd-4544-85cf-ab9acd974978_Bedroom-75221,train
e1722dbf-dce1-4409-aca6-bd0cc23bfd06_MasterBedroom-5767,train
025c66d0-3114-434a-a7b4-51ea83c2eaf4_SecondBedroom-32499,train
877816d8-eff9-4884-8c9a-fbad50a7b5ab_MasterBedroom-11456,train
7130f8fa-ec52-455e-88a6-fb2a4e440087_LivingRoom-59825,train
82d87086-84b8-4741-9ec2-e8f14efb5d7c_Bedroom-9803,train
1e453f21-4757-48c0-9a50-6ffe47ef9925_SecondBedroom-100695,train
587c2748-01e8-4586-9428-ca9ce053d413_LivingDiningRoom-451,train
9f09b360-ed12-4e72-96db-d956c00253fc_MasterBedroom-402,train
a7e374d2-d8ed-4999-97e0-7e5ba98908d1_MasterBedroom-4969,train
9fa47876-dc0b-4cb1-b5dc-93ca194b1d87_Bedroom-40204,train
b31b4898-6395-4283-9be9-872c7559cac8_MasterBedroom-11471,train
91ef40fc-0228-498f-87a8-38818269fd63_SecondBedroom-33144,train
7b6e2c62-4717-405e-a343-327bf2b938a9_LivingDiningRoom-12211,train
57b41cf3-b6ec-46ec-987c-b0434321b674_LivingRoom-27249,train
0953aa27-1f92-4068-aed9-41f0cc7401d6_MasterBedroom-36282,train
374305fa-c4ea-4d78-8321-4e1414d2535d_Bedroom-13743,train
bdf64124-075e-4aea-a6e4-aa961e3af480_Bedroom-7707,train
b9c1aec3-a600-4084-908a-c351c423a357_LivingDiningRoom-19374,train
3f48e194-1e88-4dc1-b1d2-03114248c15f_LivingDiningRoom-22011,train
b84c594f-2408-4197-ada7-d058f6620cf3_MasterBedroom-50107,train
c899cea2-03b6-40ca-a583-7319ca3e473e_MasterBedroom-80856,train
d235526d-92b4-4bbd-80b9-0d5f277676f4_MasterBedroom-12534,train
7d8f9ace-5704-4689-b135-4ece5fb32467_SecondBedroom-45070,train
50526848-e51d-48e0-bb9b-3c5c90d76c4d_MasterBedroom-12940,train
e659092e-6b62-40b4-a6e0-26801c6b7fcf_Bedroom-52264,train
3e521f51-ad75-4071-9138-2369bd8d1ae1_Bedroom-10139,train
55f96837-a873-45b3-8feb-6c25ae7991d1_MasterBedroom-142285,train
0b1953f7-3bab-4a2e-b0c8-396d0170d6b0_MasterBedroom-57384,train
70ed875b-62c8-42d4-87d2-bf7596b658a9_MasterBedroom-2218,train
7625e6ce-dafa-4c31-8c1a-f3a6582b01b1_MasterBedroom-7226,train
e16e222e-f9b3-41eb-983f-b6173f84c35a_Bedroom-2005,train
0b6a7b14-07ce-4276-b2e7-a17d9e0b7a9d_Bedroom-112,train
572ac6d8-8391-4ff1-9997-958b465ec352_MasterBedroom-16178,train
620c63cf-4adf-47f7-bb9b-ead8ab6a30dc_LivingDiningRoom-2636,train
7852a3a7-220d-4393-b620-c99c4b2085a3_Bedroom-4582,train
becd7f2b-1039-4346-aacb-8d9962f5e0ae_Bedroom-73620,train
10e11961-a7ca-48d0-becd-eebdd9c598e4_MasterBedroom-22066,train
205197ab-2552-4466-aa07-fdb2beb1f7ab_SecondBedroom-3558,train
430331c7-7d91-42c1-83d7-47774a4e1b41_MasterBedroom-3673,train
1fac355b-d197-42b9-ab5b-0184d712a0ce_MasterBedroom-16919,train
ce3aa96b-a6f4-455d-8a83-2a61253c6fec_SecondBedroom-1689,train
f32ae7af-2144-411e-b8f4-d83da5a4f44a_Bedroom-24581,train
103cce55-24d5-4c71-9856-156962e30511_MasterBedroom-89620,train
5d8f96db-9043-4356-93c8-4f3198ceba34_Bedroom-5218,train
f6eb3b89-4fd1-41fb-8064-4fc54194e472_Bedroom-31327,train
c76960e2-bf7d-4cec-8ead-554c40227983_MasterBedroom-11395,train
9105f71c-bbd1-4bc5-8b06-88057dfefa08_MasterBedroom-211121,train
b398f479-12fe-403b-93b6-7b856b6779b5_MasterBedroom-5403,train
5ad33e93-7c6b-4c7d-b0a1-93edeed0d5ad_MasterBedroom-707,train
11163921-47e3-4f3b-a7a2-c436c322b64c_SecondBedroom-10031,train
c899cea2-03b6-40ca-a583-7319ca3e473e_LivingDiningRoom-81470,train
c535d86a-3362-4fae-900b-aa527ddc4ee8_MasterBedroom-30167,train
9e84166d-ff70-496e-92b2-489f58936fbf_Bedroom-9025,train
1fea9ff4-18fe-4b4c-ba7e-2087d8124063_MasterBedroom-29281,train
e43620b4-b1d6-4e7b-9e87-cf4835a91370_MasterBedroom-20402,train
18bc0787-1a02-44a9-921b-f75bbbf65b9a_SecondBedroom-96865,train
251ddd5b-6646-414d-9361-7a93ff46ed46_LivingDiningRoom-4316,train
6846bd34-bc78-4c4e-bfd5-58b57841b0ae_DiningRoom-3539,train
fe94c17a-ba89-49ae-91e1-9173ded16545_SecondBedroom-130646,train
1084931f-5dd3-4ced-b541-025017fe779f_LivingDiningRoom-11801,train
a3fd852d-8626-4d0e-91c0-79270e3a99f9_MasterBedroom-17166,train
bc2c8755-47a1-4d2e-ab18-2c5fda2aba1f_Bedroom-214,train
06fd7746-9abf-4430-b674-a6b904d5f1a3_Bedroom-80398,train
c3a81890-b4f1-4944-96a1-318dff7f3980_SecondBedroom-35274,train
857cd64e-778c-483a-91e4-16f2a2cc774e_Bedroom-2671,train
17a57d81-2837-4e39-becb-fab1548093da_MasterBedroom-31517,train
1dc74c70-21d3-40c6-8bd4-afb94dab934c_Bedroom-13239,train
36678f29-129a-40ef-b197-a2c3fde6778c_SecondBedroom-1670,train
544a06d5-aa97-4740-8ef3-ed8520b5226e_LivingDiningRoom-2349,train
8eebb493-c733-478d-a90b-b43620d3291a_Bedroom-61862,train
613b2c63-66ba-4643-b4d3-c6a4f34d62a9_SecondBedroom-27243,train
8267a9b2-ea3f-4c0c-b45a-a2b025d41c03_MasterBedroom-17823,train
60df224e-f073-4875-bf66-c501bd4dd30b_MasterBedroom-15809,train
2c1a198e-8bc6-490c-ada7-bc66729b7151_Bedroom-125104,train
88cfc038-7420-4e41-ad79-b940d31d51bb_SecondBedroom-22729,train
0c1f82d4-6aa2-401f-ae0d-f053a024aa3b_Bedroom-422,train
8360c9a4-f5ea-461f-8a0d-278ca17eb5dc_MasterBedroom-129464,train
19c91c8f-02fc-44d9-b275-84c32f0572ad_SecondBedroom-266050,train
0337f31c-ff58-48a8-8a03-1db9f02e6471_Bedroom-108,train
66e064fb-9bf7-4c1a-ae44-939c6ebbef43_MasterBedroom-2426,train
e8ab029f-1144-4c2b-a139-4d5d97c3724c_LivingDiningRoom-12300,train
ef3b2db3-0291-4ec4-ab26-87cda512e2fa_MasterBedroom-784,train
d7daadd5-83b3-4c03-883e-2da01c76401e_Bedroom-1715,train
0a504b9a-c406-4b37-bc9a-a82d720e9905_MasterBedroom-81302,train
cb56a8e9-6eb7-43e9-b407-ef101d399e6e_LivingRoom-91111,train
998ca0a0-ee00-4323-b2ad-79b858ffb0a3_MasterBedroom-17160,train
58994de5-69bb-4378-a995-3ca66f4fdad9_SecondBedroom-12582,train
bd2ced26-6c83-44cc-baa2-780a68b7a0ce_MasterBedroom-16901,train
cb9dc855-72d5-43f0-957e-627bbbe902b9_Bedroom-15584,train
109a8e42-f7d7-4893-8262-f2030072b760_MasterBedroom-34310,train
13a2bf30-781b-4328-aa2e-47a78ffedfc8_Bedroom-3620,train
fc3e6faa-b614-4d9c-87bb-e2c67de6f6b3_Bedroom-20073,train
10c73ad0-214c-4bf7-a4e8-1c154a77b7ed_SecondBedroom-16186,train
fd5ffce0-b4fa-432d-abc8-3f5b49eb1669_Bedroom-22479,train
a59b2fef-8f9f-4f3d-a553-b0d3e69e528e_Bedroom-1059,train
9fa47876-dc0b-4cb1-b5dc-93ca194b1d87_SecondBedroom-40163,train
20e5f2e7-ab26-4119-b16a-5b7282ee0a70_LivingRoom-24666,train
d48b37da-9bd6-4232-84e5-b345d8be9daa_MasterBedroom-32452,train
236523ba-f956-45c5-b527-94ac5de67aea_Bedroom-5817,train
26c70049-0c0a-4726-a1d0-f488da44d1ef_Bedroom-35061,train
0405ce07-e6d8-480e-8e3e-a699b9474b15_MasterBedroom-56783,train
a50b6ec6-e668-472f-a741-514c9bfef011_SecondBedroom-36289,train
ee37e9da-454f-4026-83ef-50c8172e976e_Bedroom-17674,train
0e75222c-2d88-401b-8f36-1510d06f6675_Bedroom-24002,train
184bdd8c-cbe7-4f95-a444-65dc56d389e1_SecondBedroom-19291,train
47f0a907-5b60-4511-82c4-9f56aa4e1010_MasterBedroom-28784,train
333c205b-df97-4ff8-a657-2314392bb5be_MasterBedroom-5794,train
024b64f5-92d9-45e2-ac31-b61c1bbf9484_Bedroom-11659,train
14a2d9c7-bfc0-4ea2-889a-c8e155780738_SecondBedroom-16901,train
934f412c-9006-4579-b77c-c1c62f3629f9_Bedroom-412,train
86963bbe-7969-4632-a379-1cd39e2a69ab_MasterBedroom-14075,train
0670bb2e-d926-4cad-9f45-c76cd0b6d352_MasterBedroom-26526,train
4b1513de-23df-43b3-866f-ef10c1c09d58_SecondBedroom-13267,train
350aa72e-963e-4ce5-914b-5dfb81427b0e_MasterBedroom-7997,train
7852a3a7-220d-4393-b620-c99c4b2085a3_LivingDiningRoom-4544,train
1e7966ed-1b5b-426b-aaef-395475df7dcd_LivingRoom-151420,train
02b90cf0-5313-425d-961e-3151b633c729_MasterBedroom-25712,train
a3793c44-f933-4356-84df-578a26e4cd33_MasterBedroom-7269,train
9b3608bf-9705-482d-9c23-2d03aebd61ad_SecondBedroom-17374,train
1283c8a5-b589-48a8-a6c9-486791da56ff_LivingDiningRoom-19626,train
473f4a9e-505e-4864-9ffd-59a793b26d5a_Bedroom-6801,train
0192a842-531c-419a-923e-28db4add8656_Bedroom-2358,train
44b61eec-c68a-4691-aa5d-2557b46a3f79_MasterBedroom-1672,train
d37323ad-0553-41e2-99d3-e8ae35ec9ef6_MasterBedroom-17825,train
28d091d1-a89f-45b5-b978-4b0c77a0dd14_MasterBedroom-1762595,train
7ac7b8b0-6ea1-4930-9f50-7328e00e579a_MasterBedroom-34134,train
d8147603-926a-4bb8-8a5c-8f4887ac10ac_MasterBedroom-38086,train
f783e6e5-ebd1-4cec-94ce-bca4eca8f504_MasterBedroom-55352,train
73898afb-17e6-4b5a-b84f-9ebc023ecfdc_MasterBedroom-25891,train
48812187-9207-4686-9f6e-e8e1e97eeabd_MasterBedroom-9786,train
3d14c3d3-63af-4354-b828-da3be8367a90_LivingDiningRoom-13700,train
4252f77a-ff14-44a0-b4b5-f18c7db19bc2_SecondBedroom-3914,train
8c3314da-a761-4ee4-8a2f-28e61590fee8_LivingDiningRoom-6109,train
2f2aea48-6acc-4236-bf29-b2b9e450557c_SecondBedroom-127291,train
99d95fd4-d3ee-4a45-b84e-7df7c69b7687_MasterBedroom-69896,train
0f737b17-9449-4961-b978-e115bcba56de_MasterBedroom-49133,train
04684207-3d45-4d33-bd9d-0f66c9a45402_LivingDiningRoom-7220,train
9f95c9f8-3e85-4409-a803-807656b46bb2_SecondBedroom-28623,train
625cc958-7f61-487f-a076-427034fedc1a_MasterBedroom-232,train
4e2798bd-14ff-43f4-9521-a9928cb981dc_MasterBedroom-44897,train
700043bd-15c3-4d12-9536-f75f2abfafa4_LivingRoom-43378,train
aa2de198-d7e6-4a86-bb9d-2419d02ebacd_MasterBedroom-6372,train
2c6130fe-0d6d-4b7c-a496-e211c5c8a75a_MasterBedroom-20798,train
887b2099-1611-411f-9a3c-75d38d89a1a3_Bedroom-1394,train
312b2349-10f9-4ff3-bbee-ae179761c21d_MasterBedroom-7098,train
bbb6f659-f2da-4785-95f3-5fdcf0f66dd4_LivingDiningRoom-4850,train
d87c401d-93c1-427e-a03d-8e851e6db716_MasterBedroom-801,train
1421cde5-0a9d-48ee-ba2b-3882c877c838_Bedroom-12973,train
c59f0391-361e-4d87-9fd5-0fee646cc85e_MasterBedroom-28255,train
0533b7c9-8660-444d-833c-14f81eea2628_MasterBedroom-18220,train
2c693484-0e24-48ef-9b64-b41633a35bf6_MasterBedroom-470,train
f9c1ebe5-82cf-4906-bd19-f62f28516623_MasterBedroom-1122,train
8ad05b8a-76f2-42c0-bfc1-4024351e966d_SecondBedroom-7799,train
6545c2f0-4a9c-445d-af62-879cb4bb769c_Bedroom-7459,train
9647c855-837e-43b6-8be3-ead5320d3274_MasterBedroom-235420,train
1ac5c316-3dc5-4ed2-8348-76715cfe4837_MasterBedroom-42154,train
ffa247bb-94fc-4f11-abb5-5681b09d1d81_MasterBedroom-37428,train
0b4e78c9-ea06-4101-9d7b-dc927887b198_SecondBedroom-26156,train
bbed00a6-d2e0-4f55-a5cc-09db9e3dd6cd_MasterBedroom-47889,train
fdc0b569-e71a-4cf9-9a16-a6f60bffc326_SecondBedroom-36167,train
276db613-fc04-47be-b52f-f417d86ec465_MasterBedroom-3943,train
bb5491f0-2af5-4bf5-b7fd-562d24539f96_Bedroom-1861,train
0878fcd8-0934-4298-87a2-9813bd4c19c2_SecondBedroom-26881,train
c7fefad9-9449-49d4-8687-b0cbc1f203bc_SecondBedroom-1405,train
857cd64e-778c-483a-91e4-16f2a2cc774e_Bedroom-3027,train
7b8b173c-2354-4bdc-9321-93ad43796020_MasterBedroom-49865,train
e06680c8-236b-4b45-ba63-d20d17e2e019_SecondBedroom-34183,train
45fb7506-342f-4dc6-b2c3-2e041fe69faa_Bedroom-10566,train
6d90a3f0-ab42-45c9-80e6-c4b3c068e32e_MasterBedroom-8791,train
0380a4ca-bd26-4f49-9a5e-a00765aab879_LivingDiningRoom-35413,train
45d95f40-c4c6-4fd5-8e0e-f9b26cb0e04f_MasterBedroom-2824,train
4ba8a28c-b40f-45f8-8329-b13bcb70ff02_Bedroom-23580,train
0474dd2f-f35e-4928-b648-89050973e835_MasterBedroom-7504,train
6a58fca6-3af8-4807-b3cd-80b97aa81c7b_SecondBedroom-31363,train
26c70049-0c0a-4726-a1d0-f488da44d1ef_Bedroom-33048,train
b2c03fce-6b4e-4297-8937-c618d62df42e_MasterBedroom-5760,train
4cb91329-7845-4b04-99ee-aa8912184fc7_MasterBedroom-32113,train
3fcbe74d-fbfa-469a-908f-668b33f99dcc_Bedroom-99976,train
5abdcc3b-e1c0-42ce-ad5e-cb51e87b2e61_SecondBedroom-12923,train
116e331e-86a7-4b2a-adda-aa98925f9625_MasterBedroom-442,train
7a1e44d1-5828-441d-b041-238b1f0cb76b_LivingRoom-42866,train
d1f6389e-0e57-4525-bff6-cd6df2c7f10f_MasterBedroom-76130,train
a1efe26e-57c1-4624-ba4e-27c75f2b684d_Bedroom-16963,train
42814d0f-6903-4fc3-a79f-db2db6bc9a62_MasterBedroom-17415,train
762446b3-fdac-48d0-8044-7e965421f6fd_Bedroom-361,train
f0a56d5a-bbd4-44e4-823f-e3f19e25ed43_SecondBedroom-20515,train
4126063a-3bca-45a7-b20c-d668b139eefd_SecondBedroom-14726,train
d2a5683a-06fe-449f-817c-c66a292476d3_SecondBedroom-10226,train
9b901fc2-2f66-4f0f-86bf-e7571cbb5226_Bedroom-23858,train
21220c2d-5f56-4abe-bc4c-e938ac42f75b_MasterBedroom-41970,train
a9f95562-fcfa-4da6-bd23-d537e751d8b5_MasterBedroom-2295,train
54881cd5-4441-4fc0-887c-d4579dd06803_MasterBedroom-271962,train
03d7d55b-fb87-4aa8-a651-6795f316cf7f_LivingRoom-1598,train
fd987ee8-eeac-4d95-a947-306db2feada5_MasterBedroom-11997,train
8ad05b8a-76f2-42c0-bfc1-4024351e966d_MasterBedroom-13040,train
53608c94-9c21-4beb-a7c4-fb19b05a1a34_MasterBedroom-9682,train
93654288-7735-444b-b127-fbde096e7ad2_SecondBedroom-8391,train
c796bf4a-4370-4430-b32d-e083407ccda1_MasterBedroom-16735,train
7bb77c39-3c41-4992-a825-52b998a14a28_Bedroom-634,train
30c0c5d6-30c7-43fc-95b1-e7424df97d77_Bedroom-46540,train
d87c401d-93c1-427e-a03d-8e851e6db716_SecondBedroom-1179,train
594abe36-d4a7-4cfc-a3cb-5de355ca999d_MasterBedroom-18427,train
0bd1cdea-366c-47b6-a65d-ee7ccde0aaa9_MasterBedroom-1063,train
6f9eb9a4-2434-4412-a3a6-b5f91ba824b0_SecondBedroom-11271,train
61fd44a0-70d9-42d2-9ed3-b2a45b2c4351_MasterBedroom-83604,train
3f399a35-6dec-4245-8356-dd37726f2d5a_LivingRoom-4260,train
9b5aa5c9-9abb-492e-acb1-d7795bd7c42b_MasterBedroom-38990,train
0b851a7f-d0ec-48fb-a9f2-736b1cccf44a_SecondBedroom-51334,train
bea8daca-ed33-4be2-881b-2732f35a9171_MasterBedroom-13825,train
8f886527-2338-4148-9027-122a1d48476e_LivingRoom-178433,train
7d88dbb1-ccf1-4d57-b01f-e5a889839045_LivingRoom-12361,train
354509b3-76e3-4e5b-b554-9237d47aec90_Bedroom-222,train
29f92b53-a723-41c9-992c-1d146ce542a7_Bedroom-6993,train
be5a1752-7745-46b4-bdf8-b57d81fbde9e_MasterBedroom-15235,train
e812a184-e26d-4700-b7b1-940b7cfbcd43_MasterBedroom-10156,train
4ad6d9bd-5131-4926-a8e5-801140c7127d_SecondBedroom-11003,train
110d004e-b295-4adc-ad33-fd69de90e796_Bedroom-34223,train
6a03badb-61ab-4e22-9564-de2fd2ed1938_LivingRoom-38434,train
bbfbce07-fd71-4e7c-a40d-4eb3a9bb70d2_LivingRoom-3217,train
8a557542-429f-4a17-b22e-059d8bfc3f5a_MasterBedroom-6937,train
a1af2150-95a7-4047-82e3-6b4c22875390_SecondBedroom-142,train
51a789b5-f6cc-4437-ba6b-bfdc41e2e46d_SecondBedroom-7317,train
4fd6bf82-bb9e-45c1-8d10-91f3e3fb0557_MasterBedroom-100198,train
80c2e2ae-7c24-42a2-8f0f-933d38d3ff9e_Bedroom-62451,train
a5f283d9-3412-46cb-9c9a-d9e9cecc2579_SecondBedroom-15040,train
5d325c8c-5490-48c0-87c4-6d436134421b_Bedroom-2224,train
905ccf24-697b-4bb5-8c53-def619d16327_Bedroom-6506,train
06fd7746-9abf-4430-b674-a6b904d5f1a3_Bedroom-72527,train
e75c45f8-283d-46d2-b5d2-7603205b46c1_Bedroom-394,train
e5d0d4f7-dff4-48dc-982d-0a4bce850a39_SecondBedroom-17932,train
ee137a12-e725-44c0-8f12-42078b028705_Bedroom-16514,train
9f8197bc-9d2d-4e29-94a0-358b41ae3948_MasterBedroom-55531,train
b099df62-e9b6-407b-b69c-7746f98223df_Bedroom-88662,train
9a0486c5-58e8-4a77-99de-9c4ea78d39d3_SecondBedroom-6212,train
07867590-fb15-4cb6-947b-118385d7a9da_LivingDiningRoom-300,train
d29607ce-7436-46e0-90ae-6613a301ade8_MasterBedroom-14837,train
2c3e8bd4-73ff-47eb-8d50-29fd2a20325e_DiningRoom-39386,train
4b9140b1-ff90-4f44-aab1-35d08d1b1511_Bedroom-15482,train
7d8f9ace-5704-4689-b135-4ece5fb32467_SecondBedroom-39108,train
86b16b1f-1846-46bf-959b-1c7ae05b4ed6_SecondBedroom-56104,train
2f47a9b4-2f26-4c54-9e85-fb78df28c1b1_SecondBedroom-17691,train
a99c1e8e-0f26-4c2e-a471-9b9a308aaebc_MasterBedroom-3049,train
d2bf49d7-2d8d-4b14-adca-e57c183dec36_Bedroom-10043,train
55f96837-a873-45b3-8feb-6c25ae7991d1_SecondBedroom-145304,train
d7ac1af8-ec79-41f5-985e-c89109b03fb7_Bedroom-5263,train
cb1ef6a5-adb6-4e11-b23c-af48aba32678_SecondBedroom-57808,train
81461ff0-4f44-44df-9a8e-bb81a1c032ca_MasterBedroom-49492,train
41c4da34-e8fa-4082-ac62-199a94f0aad5_MasterBedroom-245977,train
d1ae0261-6f61-47f0-902d-2c92b4822c4f_LivingDiningRoom-18095,train
bb12eac8-8dc8-46e9-b614-f5af84404423_LivingRoom-69328,train
38e3cf4a-a67b-42d8-b467-2d1a3e5407a8_SecondBedroom-15551,train
b5fea2a3-9686-4764-9a8d-b35c02f2d71e_Bedroom-398,train
6e356720-39a8-4843-874d-a71efc4fb1ff_SecondBedroom-117427,train
00004f89-9aa5-43c2-ae3c-129586be8aaa_LivingDiningRoom-3474,train
abed9012-2ba2-448e-aa8b-01bdcffbdc45_MasterBedroom-7034,train
b84c594f-2408-4197-ada7-d058f6620cf3_SecondBedroom-48379,train
015ed8e0-35dc-41ab-9a9e-b3dbba4ec64a_SecondBedroom-33375,train
b8c79259-df95-4696-9a1f-b929d9fedcd9_Bedroom-25940,train
bfdb8f3c-7980-4db2-8517-64523b20b3aa_Bedroom-19359,train
ef8fd1e1-1ffe-443c-9250-051ead3af79f_LivingDiningRoom-3061,train
369cda7c-e402-4382-8d9d-8c79133487d1_MasterBedroom-72370,train
50526848-e51d-48e0-bb9b-3c5c90d76c4d_SecondBedroom-13044,train
22915111-742a-4bf0-8fb3-021b97bbe614_DiningRoom-1436,train
d369782b-4c74-43f3-865f-9e1d753709d8_MasterBedroom-7042,train
28d8d63b-95bb-4993-bdf1-e1da13115118_MasterBedroom-104323,train
27530db7-0db0-437d-9ca9-12e753d201ab_MasterBedroom-11589,train
257c8ee4-5e27-4da9-b54c-48a476bedb5b_MasterBedroom-13519,train
3bc4f880-3a82-4006-aa18-2a8597970923_Bedroom-6958,train
2d38c33c-6311-4497-b68e-018b544912a2_Bedroom-10786,train
998ca0a0-ee00-4323-b2ad-79b858ffb0a3_SecondBedroom-17030,train
a6f978f5-9504-49fa-bf46-4243c99e5c95_MasterBedroom-17855,train
9a715acb-d999-4861-9cb9-37847a537f9b_SecondBedroom-8146,train
bc2fec07-323e-4ab5-bda7-64febe8f69f8_MasterBedroom-4843,train
b8c79259-df95-4696-9a1f-b929d9fedcd9_MasterBedroom-26003,train
531c8742-d3b6-43eb-a56a-39b620e70500_MasterBedroom-17461,train
93328727-1859-40e3-aaa3-f6ce629675dd_MasterBedroom-81930,train
a5254d6c-a8f6-4eb6-90dc-3e0e378de293_Bedroom-10537,train
d63b9c4d-0b03-4e0d-94d1-c113aec32e22_LivingDiningRoom-47893,train
86b16b1f-1846-46bf-959b-1c7ae05b4ed6_MasterBedroom-46932,train
99287cb1-52aa-444c-aa0b-3cfee99f426b_LivingRoom-63045,train
eff4c634-9e2d-45fa-b05f-75a972098be2_MasterBedroom-10048,train
12cc5ada-f116-4e16-bcc1-f1ac7bc6ef50_MasterBedroom-57483,train
fe717e28-bb7e-4705-a176-b78780ffd7ad_Bedroom-10293,train
a1efe26e-57c1-4624-ba4e-27c75f2b684d_Bedroom-22329,train
b9301a72-5a7b-4ab3-bcf4-aa7f67112747_Bedroom-15959,train
1e16532d-1ec8-42c6-a66f-ef21e31c22c1_MasterBedroom-7894,train
6c53a2a8-25a8-495b-a2e1-b8133fccaa61_MasterBedroom-9380,train
26771dc0-2868-4ef9-833f-36d046a91df9_SecondBedroom-30951,train
1bb9605f-fd81-45ef-a483-85c41038bc80_MasterBedroom-2035,train
2ce51e58-c45f-424d-b333-5b56d1641f68_SecondBedroom-26863,train
c8655cd6-29b6-4c61-b2e5-a0c7a6bc0c95_SecondBedroom-6425,train
15669288-4a23-49e3-b586-9822b27fc3c9_Bedroom-59127,train
95ef8c0b-8cdf-4580-a25c-c489de2c079b_Bedroom-260,train
4c1802b8-1d72-487b-be98-d7cfb29b3d0d_MasterBedroom-168,val
c925155e-97cf-42a9-9151-af24e901a8bd_MasterBedroom-9410,val
af7bc99c-1565-4ceb-8cdf-05088a7a6718_MasterBedroom-25034,val
25886cb8-4b26-4354-b331-d3ccbbb37b10_MasterBedroom-1288,val
db78ef58-f372-459e-93c1-ddf43455e805_SecondBedroom-24363,val
b1b053a9-b268-4f62-a06d-b9b9325c5092_SecondBedroom-1064,val
8b209bb2-72e7-4249-8f50-17f079fa8d90_MasterBedroom-34223,val
b093a455-63da-4dc2-af72-11f094999d50_MasterBedroom-1692,val
7ae5066e-5b71-4e01-83a1-b37dafed9eff_SecondBedroom-25837,val
2f2aea48-6acc-4236-bf29-b2b9e450557c_LivingDiningRoom-132916,val
836eac3f-e90a-4cc0-8b70-eb56947c9bde_LivingRoom-33359,val
eed2d8f7-791e-41f8-a367-075ff0434685_MasterBedroom-267,val
0380a4ca-bd26-4f49-9a5e-a00765aab879_MasterBedroom-35489,val
be5b08cc-5357-42d8-963d-9910b2e602d7_MasterBedroom-18161,val
8d102c5d-8974-45f1-9f51-a0c032eed817_Bedroom-16260,val
9e0f6402-f0f1-48f6-8e8a-00f17e55de50_MasterBedroom-27787,val
9ac25401-5aa3-426d-aa37-a04d0b7d5448_SecondBedroom-8177,val
c360d758-8dbf-4d82-9afe-d71135c13c7f_SecondBedroom-22809,val
e32456e9-1d2f-4a1d-a84d-99e309fb1b3a_Bedroom-2324,val
01e1d6b2-e3b3-4eb4-9969-b23088fab6a0_Bedroom-7308,val
54c575b5-da65-4938-8b93-1e91c5e36d09_Bedroom-42001,val
c25d7531-99de-4709-94ce-a22e01740e09_Bedroom-2885,val
1c815e3d-b8bc-42fa-944e-8278b7cd9acb_SecondBedroom-29739,val
71d6b0a5-ba83-4df7-9a6d-703eedb14e20_MasterBedroom-1763128,val
2e6fc977-82f9-4a00-9501-9d6a0c30911b_SecondBedroom-2743,val
3b349315-8f84-4027-b654-f8ecd6d3cf67_SecondBedroom-13841,val
2029fb99-c3ee-4050-981b-b8b8c7e5077b_MasterBedroom-83298,val
a92d096e-20d4-4426-95a7-ada1d9f309ab_Bedroom-1892,val
f3fb6d7a-9e84-4954-a6be-b0c3bd6a3ca9_SecondBedroom-10109,val
a4f761bc-191d-4d56-b2f5-01f9de5716bd_Bedroom-13675,val
9530cba8-728f-4b6e-8653-d3a023d146b0_Bedroom-16786,val
9f967330-67a5-4fc0-8e40-67f3313906db_MasterBedroom-56412,val
17ebf486-2858-4fdd-8cf8-92779089a6ae_DiningRoom-35093,val
3d848cc4-94db-4a9e-b592-b78bc13ed199_MasterBedroom-14654,val
5300b059-7b34-450e-8eec-f9de1b5e030e_MasterBedroom-3510,val
73e90662-b100-4ed3-86b0-81751896d6a9_MasterBedroom-24161,val
72cfe763-f119-4fb0-a697-5a56cf3b8289_MasterBedroom-39683,val
f7d7e3c8-2593-401f-aa35-37785b9ab987_MasterBedroom-2708,val
9b4a16d5-f0b3-42a0-82a7-f5fdc2114c40_MasterBedroom-49298,val
8e8db6d3-3f5e-4d95-9a23-ec6d57ff5cdd_MasterBedroom-654,val
7857cf50-e4af-45c5-b214-bae0490dd042_Bedroom-4521,val
bc2c8755-47a1-4d2e-ab18-2c5fda2aba1f_Bedroom-489,val
cb9dc855-72d5-43f0-957e-627bbbe902b9_Bedroom-10024,val
adfd50d5-efee-4d42-8457-bc1ce2707ed6_MasterBedroom-9390,val
6218a3c5-d774-4cb1-b203-90619927f79b_SecondBedroom-208237,val
397425d0-cb5b-4d48-87eb-4b0929c3e3b6_MasterBedroom-62315,val
d6359e97-edea-43ac-a05a-22a9fc17f6a0_SecondBedroom-58474,val
5ca4c392-dcc6-4dc1-a607-44b66785ac6d_MasterBedroom-48826,val
d758c7ad-e322-42d2-a230-330f9859e7d3_MasterBedroom-412,val
cb691815-7dbc-47a5-9280-c22d59f3a7bd_MasterBedroom-17590,val
1fdd678a-5034-4c5d-b4aa-20e43178a86d_Bedroom-8995,val
14e7aa9f-8774-40f4-b786-c042aecb27ff_MasterBedroom-6712,val
b4551582-1fbb-4320-bac8-74655b3babd1_MasterBedroom-31997,val
4a2af13b-ca75-4c80-b52e-e47a55b7b636_LivingDiningRoom-13703,val
f25272c2-6718-4baa-8458-e5ee500eefff_MasterBedroom-36996,val
5de03a6d-2e9a-41f1-9e72-94bdae87d005_MasterBedroom-18017,val
1e2d5644-9a07-4d9d-b801-e0a57c688856_MasterBedroom-52264,val
94c64091-a056-49b0-9c6d-a928ab68992b_Bedroom-12490,val
59ef9f91-1628-4697-8a89-b4bec5320820_MasterBedroom-13112,val
762446b3-fdac-48d0-8044-7e965421f6fd_Bedroom-691,val
e60add0b-e098-43fb-8555-704624ea66a6_SecondBedroom-8812,val
ba174a36-20d1-4d22-9b25-470480e409de_SecondBedroom-55519,val
d1ea181a-167b-4dfe-b427-3fdb31c225a8_Bedroom-153,val
bacde876-958d-4a48-88d2-6e8bcde7d5b3_MasterBedroom-7022,val
86b16b1f-1846-46bf-959b-1c7ae05b4ed6_LivingRoom-40975,val
ca0f44ac-687c-48e1-9b6a-dd64319d4a9b_Bedroom-44489,val
0dbb30c0-3770-472f-a938-58412841c855_MasterBedroom-67062,val
40c54a07-55c4-4c83-9624-957261e07ab8_SecondBedroom-65696,val
9f91d0bb-909f-4e7d-9829-ed234ec6394f_MasterBedroom-3985,val
e17aed6d-9dc1-477f-ac49-dfe7cc92e871_SecondBedroom-14223,val
00fe8139-76e8-42b4-bb41-7f9f085ac351_LivingRoom-15506,val
9e9bbde3-8463-4828-bc2f-2c04bdb50f98_SecondBedroom-20702,val
2b9f82e4-d37a-44bc-949a-c61464bb5b12_Bedroom-32665,val
75234ddd-4285-463f-8455-0cf1f3efa174_MasterBedroom-7208,val
5f2dff8c-5d2a-4e1e-bd2b-8e4d78a5ad29_MasterBedroom-148398,val
4f1cc012-96d5-4669-b631-1ccb3003e77e_SecondBedroom-102751,val
19cccb78-90a9-4bcb-8fe0-76e92a94a35b_MasterBedroom-29148,val
ac92919a-90ac-4fa7-a972-12c947305f41_SecondBedroom-6844,val
22ff7a9f-b05a-445f-9b6d-61fa00adcf09_MasterBedroom-12040,val
08a52364-b500-4fa7-a4bc-d0500965c6b4_Bedroom-855,val
580a48e3-61e3-4d09-958a-2b8ac4deb65b_SecondBedroom-10895,val
d369782b-4c74-43f3-865f-9e1d753709d8_Bedroom-7001,val
22ff7a9f-b05a-445f-9b6d-61fa00adcf09_SecondBedroom-8043,val
10daa874-0936-4bd6-9be2-3bbe831d1bcd_Bedroom-27059,val
76304f02-2391-4b05-8126-c16a3769a3d4_MasterBedroom-9653,val
55d056ca-b357-4db4-b3d6-ebe64ce90821_Bedroom-42175,val
798fa7f1-1645-4751-96ca-26d2b834b2d0_MasterBedroom-50407,val
22993c56-81b4-49c2-b0d5-3d5a0565067b_MasterBedroom-85470,val
429f2605-0d94-4311-b6b8-5c68e5a6c9d3_Bedroom-225,val
6019bf5a-b088-45f4-aa3c-f8ccaed77069_SecondBedroom-31187,val
32df6926-37aa-4cb3-81fc-09861a386136_MasterBedroom-28468,val
e32456e9-1d2f-4a1d-a84d-99e309fb1b3a_Bedroom-1862,val
fb1e5f98-564f-47af-bd58-ebf6c57b2d22_DiningRoom-275181,val
629cf963-2c15-47a5-9af4-8742592a70e7_Bedroom-3521,val
261774c0-9480-40b3-a85a-4804c96ea443_MasterBedroom-132469,val
5b991136-5594-403a-8c89-af34b8e21cb0_Bedroom-241,val
5a6e4200-430f-4d0a-8f7a-deb7d98567be_Bedroom-10342,val
4e307a7e-f510-4aca-ba9e-8328b05abe3f_LivingRoom-5633,val
0156308f-fe4e-4916-90c3-9f498c0d9e9c_Bedroom-30358,val
9ec57030-6db6-4eb0-a0e1-5d1478906827_MasterBedroom-15573,val
31d93b50-3d5d-4962-ab4e-d92c0249ec74_SecondBedroom-27170,val
9f25ebc8-56e8-4632-b669-db96d83b9915_MasterBedroom-10399,val
00de1e24-ab10-4aef-bb72-130ca18d017c_LivingDiningRoom-17615,val
2f0f2f3a-5c75-47fe-8a44-494e9a5598a6_Bedroom-28090,val
3aad7ee0-e494-4a55-b296-d55005b8ebc8_MasterBedroom-13614,val
c685d996-7959-44bf-85d2-ffca8fbd6841_MasterBedroom-45712,val
93f02a56-0d3b-41cc-b0f8-fbc572bf2869_LivingDiningRoom-52564,val
20a8c656-6fee-4f90-ac48-4aaeda4f2ce4_Bedroom-13067,val
364f3f00-fcd3-4c11-b807-69757ddffe26_Bedroom-5020,val
3dc5baed-a3ec-448e-b564-9afe4915b667_SecondBedroom-24856,val
9491430c-34ad-4891-8574-f7109101d666_Bedroom-637,val
c8bbbdc5-96c2-493a-861c-dd6b38076c7d_MasterBedroom-121478,val
05e407ce-9c38-4b23-ae7d-b9036fdb9d67_MasterBedroom-6424,val
07867590-fb15-4cb6-947b-118385d7a9da_MasterBedroom-42,val
85332070-5fa0-412e-bc3a-028540bf5912_MasterBedroom-6075,val
ca938632-27ac-4744-ae18-6e8378d919a7_MasterBedroom-38123,val
18bc0787-1a02-44a9-921b-f75bbbf65b9a_SecondBedroom-106044,val
49cd3dea-ee43-46d9-b699-3a2f57607ae0_Bedroom-47580,val
f36740a2-e955-492c-9645-c1a2e443e964_SecondBedroom-5626,val
0b4e78c9-ea06-4101-9d7b-dc927887b198_MasterBedroom-26187,val
711bd99b-2719-45a9-9836-c4baae874ad7_Bedroom-4584,val
f9b7f141-b314-441a-8d8d-ba7a0227a483_Bedroom-8246,val
aa9d393b-30df-456f-96dc-dad7bb8554c9_Bedroom-38270,val
19d7bc6d-e05c-4bf2-867d-eacb70390961_MasterBedroom-515,val
5b7e4dbe-32c5-46f4-afc5-85b4884068a0_SecondBedroom-16269,val
3d81afec-001f-460c-a85f-54c5fcfec008_MasterBedroom-5851,val
b580bfcb-0110-439d-b83b-bfd9caa431a2_SecondBedroom-579,val
184bdd8c-cbe7-4f95-a444-65dc56d389e1_MasterBedroom-19310,val
5820a6a9-14a6-4066-b431-14a8da7ef88b_SecondBedroom-34587,val
58c874ab-3398-4a1d-80e9-de1af9b00752_MasterBedroom-34488,val
22c65012-8fca-41cd-a317-051b9658a950_MasterBedroom-1154,val
54b6b469-8aa3-4d5d-a285-977f75fc4212_LivingDiningRoom-14976,test
dd6bddd4-69e6-4636-a698-33c6efba7a7e_SecondBedroom-2308,test
88cfc038-7420-4e41-ad79-b940d31d51bb_MasterBedroom-26625,test
23172eea-a923-4c67-ad1a-0738bedef84d_LivingDiningRoom-22775,test
21220c2d-5f56-4abe-bc4c-e938ac42f75b_SecondBedroom-36248,test
aa7599ea-5d9c-44bd-a3e5-1e4216dcbf34_Bedroom-11354,test
7858c38a-cad2-4fa0-afb5-b75866aad698_MasterBedroom-467,test
a5a45951-673d-40c0-a092-e75bcb5d7d36_MasterBedroom-12887,test
27d57b61-d1f5-4551-9fcd-c5a36529f170_MasterBedroom-86447,test
ab2e0470-67b9-4902-b800-d75a1a6b7101_MasterBedroom-59528,test
0c537cc6-59c6-46d1-a865-f5424003bc48_MasterBedroom-742,test
545a2079-3533-45e3-8893-4bd9b90cbf10_SecondBedroom-31759,test
2c1b1eb9-e5ce-4cdb-815e-32d3b6e8ca4f_MasterBedroom-50988,test
d0c14885-e196-4d0b-ab91-e09590787a50_SecondBedroom-312996,test
835f8679-e773-4ce3-9a38-4281f4ae78ef_SecondBedroom-23036,test
5245da59-db94-49fc-99a3-76e3a2efcbff_MasterBedroom-76124,test
e7c265f5-5542-459e-8df6-d7d7f65cdff5_LivingDiningRoom-554,test
1fcf1b3d-d29b-478e-b944-9c8d58ca9aa2_Bedroom-17761,test
a99c1e8e-0f26-4c2e-a471-9b9a308aaebc_SecondBedroom-274,test
f1e40a9c-1791-4411-9b5f-5383ecee8c65_Bedroom-8601,test
db5a99c8-100b-415e-abe0-bb9dbf261972_MasterBedroom-25069,test
432b6cf3-0c02-4e07-81b8-69cbd98ae00d_MasterBedroom-4249,test
023fcd68-dd38-420c-a518-87e82b80ac1e_MasterBedroom-87405,test
69f5f12d-6174-4f47-aeaf-e6ad01393ac6_SecondBedroom-315405,test
f3cfad69-28ff-4db2-ab70-4cc7f6909985_MasterBedroom-39739,test
7ddfd41d-9e6d-47e0-bd67-eb12580ae322_SecondBedroom-33779,test
0eee2f23-0f2f-4beb-9712-c54e8dd6bd9e_LivingDiningRoom-5388,test
0f1dc892-04ed-4b16-8215-a82590c03fc8_MasterBedroom-5359,test
036bc96c-419d-4a43-812e-1e533d95dfd3_MasterBedroom-114213,test
00154c06-2ee2-408a-9664-b8fd74742897_DiningRoom-17932,test
7e61cbde-bf28-4e5f-8595-867906134d5a_Bedroom-3307,test
dad82722-5ce5-4dcd-a402-b11a2fa0929f_MasterBedroom-49544,test
5a6ed75c-d1a9-489c-8fd0-e11e2287e7a5_MasterBedroom-23353,test
e52eb1b0-a8fb-4b1c-873d-5d962259a904_LivingRoom-2410,test
d5b26dd8-5932-4a89-9669-bb4c9f7f9c2c_Bedroom-24248,test
25b989a3-3bc5-45fb-93a9-7d9c52217e15_MasterBedroom-12220,test
f73dc7bc-1916-4186-826f-3017cb235a38_MasterBedroom-14481,test
106e7a9d-fdd4-434b-ba2b-d243c2c27454_MasterBedroom-240350,test
be62616c-b950-41d5-975f-b64950227c08_LivingRoom-44797,test
5d8f96db-9043-4356-93c8-4f3198ceba34_LivingRoom-5161,test
864615ad-ed48-4703-9d5d-cf92e03124dd_MasterBedroom-13595,test
e60d4680-8a03-4f74-be43-99483b9ad9d3_MasterBedroom-9093,test
05fad4db-e896-46ed-8355-561abfa822a5_MasterBedroom-1514,test
9c8f3906-2496-4648-bf73-68538caed694_MasterBedroom-42103,test
dc9bb316-cdad-4925-bc31-95e6867648a0_MasterBedroom-8653,test
53992538-a81a-4f27-ae40-f743549c0325_MasterBedroom-6344,test
c4378074-7728-43be-ad20-6811c648d5ad_LivingDiningRoom-4294,test
91f3b7a3-6b66-452f-b674-8b5b6f80ec1d_SecondBedroom-270406,test
205197ab-2552-4466-aa07-fdb2beb1f7ab_MasterBedroom-6399,test
473f4a9e-505e-4864-9ffd-59a793b26d5a_Bedroom-1705,test
871a8a69-b714-41c1-9950-0b8235baa52a_Bedroom-8660,test
959b2816-7b6a-4096-a02f-0ea7e9a9303d_Bedroom-2152,test
29fa37ed-8b21-43fc-a3bf-c079b1833f6f_LivingDiningRoom-33482,test
3f3d9b08-0047-4e38-9c18-6a77a30d7f95_MasterBedroom-1647,test
5b6fc618-8dec-4fcf-b326-08436f643d93_Bedroom-9314,test
4cb91329-7845-4b04-99ee-aa8912184fc7_SecondBedroom-31059,test
90a43e21-3a34-4158-bc4e-e12338ba0cc1_Bedroom-9299,test
8463261b-999e-4506-a090-7fffcc106adb_MasterBedroom-30627,test
06fd7746-9abf-4430-b674-a6b904d5f1a3_Bedroom-2364,test
e1ce0785-e1e1-4f8f-9428-514459737af0_SecondBedroom-74670,test
09da55e8-7969-4f80-bbbf-1b4450339558_LivingDiningRoom-2973,test
79b8f927-e1c8-4fc6-b0c2-6b9e2ff6708c_SecondBedroom-67466,test
1f54e60e-c8c2-437d-af36-75ca36438019_SecondBedroom-24295,test
bfd97a03-3dc6-4027-916b-a81279cd411e_MasterBedroom-20971,test
e6e919bb-01bf-4003-a676-5276ce19e2b9_MasterBedroom-7783,test
dc53f093-fca0-495b-a659-fd77cd6292a5_LivingDiningRoom-36702,test
46cb6551-b67b-4bdf-a830-747dc3e235d8_SecondBedroom-1070,test
13626eb3-bcc1-455a-a889-78b6c92dfbb6_SecondBedroom-2787,test
d6155bfd-d8e8-423f-aac2-cdced98f7643_MasterBedroom-16029,test
1fdd678a-5034-4c5d-b4aa-20e43178a86d_Bedroom-26447,test
7b5be71a-0038-4387-8913-65eedb4c5c52_LivingDiningRoom-25555,test
e7cc0ba0-e5d7-4b0b-9708-07e7a18a0fd8_LivingRoom-52289,test
871a8a69-b714-41c1-9950-0b8235baa52a_MasterBedroom-14861,test
35ebe516-1aa0-4694-aa9f-e7dec5aab07d_MasterBedroom-19255,test
f53c1c3b-e142-4ae6-ab15-ebe13d2888cf_MasterBedroom-70236,test
00c0c75e-1c12-46b3-9fc8-0561b1b1b510_MasterBedroom-649,test
778d9846-52b8-4d8a-b357-811b3d7ceb39_MasterBedroom-5465,test
532db1c8-603c-4921-bf67-822b142eb500_MasterBedroom-22134,test
dee82180-497b-489f-8554-cb27be17300f_MasterBedroom-46271,test
f877d2a1-678f-49a0-a90e-e99ff27134c7_DiningRoom-13034,test
4331de47-48f4-4954-88d5-2752e0030845_SecondBedroom-56385,test
ca6b2909-f007-4599-aee5-1c9c51550cc2_SecondBedroom-72478,test
bbed00a6-d2e0-4f55-a5cc-09db9e3dd6cd_SecondBedroom-45688,test
0a77986b-5c04-41b9-8ee8-1ea301ccda3e_Bedroom-90564,test
151777ef-6113-426c-bd88-335a9718c75a_SecondBedroom-8873,test
4f847ca8-17e6-4256-9737-9fd7befeebf3_LivingDiningRoom-460,test
3ed02f51-4e42-4b78-9829-44ac6f2f52da_MasterBedroom-108697,test
9961bd71-5f50-4c9d-8f4b-8e7db9f93451_MasterBedroom-4683,test
e8d25f33-3e52-4ea6-904c-2aa8156e63a4_LivingDiningRoom-26523,test
887b2bb6-d552-4778-b841-70a6ac0fe88f_MasterBedroom-13645,test
5e831acd-1fa0-4b08-a08d-99d1748310a1_Bedroom-18397,test
bf563d05-8920-4b9c-876b-6e8ab72adbe0_Bedroom-29697,test
ad50e9bd-4511-4b68-b348-c472c719440d_Bedroom-11538,test
7d0ab4db-488a-441b-8977-86aafadbbba3_MasterBedroom-14707,test
47230ba1-5a12-450a-80da-80527cc31c35_Bedroom-6059,test
a44fb825-f9fd-4e1a-beb5-da0322f81ed0_MasterBedroom-63654,test
2d734555-b563-4d64-8d48-a5bf8cef7d75_MasterBedroom-36745,test
2ed33be0-a360-4da2-99cd-fe2437967071_MasterBedroom-16950,test
68d7ebb8-62e6-453e-9f5a-41101c5d97dd_MasterBedroom-15631,test
22957273-2fd9-4ef8-a4bc-6146cf737218_Bedroom-27284,test
7cb03574-4360-478a-9ad8-1e0e20c48bd9_SecondBedroom-11757,test
7858c38a-cad2-4fa0-afb5-b75866aad698_LivingRoom-4892,test
a9f95562-fcfa-4da6-bd23-d537e751d8b5_SecondBedroom-1830,test
69db2776-b0aa-47c1-8877-9ca6e04f6f6b_SecondBedroom-15362,test
8c6a8080-463d-4edc-b775-8b612c2bc27d_Bedroom-1397,test
81ab6211-4344-4d80-9001-34342f26568d_MasterBedroom-8961,test
9105f71c-bbd1-4bc5-8b06-88057dfefa08_SecondBedroom-218199,test
5e435d6c-8d14-4cc8-b9e3-cd8e194b20b6_MasterBedroom-16200,test
b49f4f6e-cd07-43d7-aee0-3ded49597acb_LivingDiningRoom-43067,test
2d734555-b563-4d64-8d48-a5bf8cef7d75_SecondBedroom-30670,test
967e40cb-ac87-4ff0-90f0-f775d80ca4ae_LivingDiningRoom-1110,test
cb7cd2ca-fa11-42bb-91fb-20cab0089000_MasterBedroom-63855,test
8bbc7e4d-1963-491c-80c7-95c6c4caa6a3_LivingRoom-4543,test
a2f77d1e-d982-4fd4-9216-38f97718082a_Bedroom-23859,test
0f401f03-d3c7-413b-b9ff-bfb6fdbb416d_MasterBedroom-75552,test
1c8217ff-ad9c-4e34-9913-1935d3274de2_MasterBedroom-9661,test
0e1191b7-83d1-44b6-99c9-66326cd00201_Bedroom-49598,test
195f3e27-09e0-4c6a-bb7b-795544e7e350_MasterBedroom-54633,test
00fe8139-76e8-42b4-bb41-7f9f085ac351_MasterBedroom-15559,test
52cedb89-ed69-45ca-b04e-e60d822e8230_Bedroom-16403,test
36a85283-c600-43fe-8d24-1a3987cc6f98_SecondBedroom-62784,test
61bf6de7-047e-4530-8e11-c647abb78ac5_MasterBedroom-49925,test
a176fca1-5a93-4f6c-9e0b-4b3a4caa2adb_Bedroom-113166,test
6e356720-39a8-4843-874d-a71efc4fb1ff_MasterBedroom-121454,test
3d6e9a53-0cf3-473d-ac27-8e7a5007e637_MasterBedroom-5579,test
cc14e409-5e44-4237-a4b0-11521ca7639d_SecondBedroom-10825,test
6cc1d22f-47b3-4a3a-81b4-19575f2ec3cd_SecondBedroom-17365,test
30c0c5d6-30c7-43fc-95b1-e7424df97d77_Bedroom-35027,test
03386199-b47b-4417-85cc-cba4e8d28ee3_Bedroom-46909,test
1b4adff8-aee8-4b13-8ea3-44306cb05df3_MasterBedroom-108544,test
b2381c40-aa83-4b69-9059-10cf42b456fb_Bedroom-23945,test
67eca9c0-703e-44ca-b59c-3490e439bca0_MasterBedroom-11391,test
